sbe	entry-index	full-tr
1002.SBE	0	실례합니다. 불 좀 빌릴 수 있을까요?
1002.SBE	1	감사합니다.
1002.SBE	2	우리 예전에 어디서 본 적 없나요?
1002.SBE	3	그럴 수도 있겠네요. 제가 기억했을 것 같지는 않지만요.
1002D.SBE	0	실례합니다. 불 좀 빌릴 수 있을까요?
1002D.SBE	1	감사합니다.
1002D.SBE	2	우리 예전에 어디서 본 적 없나요?
1002D.SBE	3	그럴 수도 있겠네요. 제가 기억했을 것 같지는 않지만요.
1003.SBE	0	같이 앉아도 될까요?
1003.SBE	1	대담하시네요. 미국에서는 그렇게 적극적으로 구는 게 보통인가요?
1003.SBE	2	어떤 사람들 사이에서는 드문 일도 아니죠.
1003.SBE	3	그럼 제가 어울리던 쪽이 달랐나 보군요.
1003.SBE	4	앉을 자리는 다른 데서 찾으시죠.
1005.SBE	0	헤어 휘트니?
1005.SBE	1	제 이름은 로버트 캐스입니다. 저도 헤어 휘트니를 찾고 있습니다.
1005.SBE	2	그가 어디 있는지 혹시 아십니까?
1005.SBE	3	이런 말도 안되는 상황엔 이제 질렸어.
1006.SBE	0	헤어 휘트니? 제가 상상하던 모습과는 다르군요.
1006.SBE	1	기다리게 해서 죄송합니다. 오랜 친구를 우연히 만나서요.
1006.SBE	2	열차에서는 예상치 못한 사람을 만나기도 하죠.
1006.SBE	3	그럼 본론으로 들어갈까요?
1006.SBE	4	금은 가져오셨습니까?
1006.SBE	5	처음엔 나를 기다리게 하더니, 이제는 대답도 없군요.
1006.SBE	6	저는 제 몫의 약속은 지켰습니다.
1006.SBE	7	문제가 생겼다면, 내가 알아야겠습니다!
1006.SBE	8	아무 문제 없습니다.
1006.SBE	9	다행이군요. 금을 보여 달라고 해도 괜찮겠지요?
1006.SBE	10	그럼 내가 사는 물건을 보여 달라고 해도 괜찮겠지요?
1006.SBE	11	보여 달라고요? 그건 불가능하다는 걸 당신도 알잖습니까!
1006.SBE	12	물건은 뮌헨에서 열차에 실릴 겁니다.
1006.SBE	13	그게 우리가 합의한 내용이오!
1006.SBE	14	좋습니다. 그럼 서로 조건은 맞는 셈이군요.
1006.SBE	15	헤어 슈미트, 즐거웠습니다.
1006.SBE	16	뮌헨을 지난 뒤에 다시 이야기하죠.
1006A.SBE	0	헤어 휘트니? 제가 상상하던 모습과는 다르군요.
1006A.SBE	1	기다리게 해서 죄송합니다. 오랜 친구를 우연히 만나서요.
1006A.SBE	2	열차에서는 예상치 못한 사람을 만나기도 하죠.
1006A.SBE	3	그럼 본론으로 들어갈까요?
1006A.SBE	4	금은 가져오셨습니까?
1006A.SBE	5	처음엔 나를 기다리게 하더니, 이제는 대답도 없군요.
1006A.SBE	6	저는 제 몫의 약속은 지켰습니다.
1006A.SBE	7	문제가 생겼다면, 내가 알아야겠습니다!
1006A.SBE	8	아무 문제 없습니다.
1006A.SBE	9	다행이군요. 금을 보여 달라고 해도 괜찮겠지요?
1006A.SBE	10	그럼 내가 사는 물건을 보여 달라고 해도 괜찮겠지요?
1006A.SBE	11	보여 달라고요? 그건 불가능하다는 걸 당신도 알잖습니까!
1006A.SBE	12	물건은 뮌헨에서 열차에 실릴 겁니다.
1006A.SBE	13	그게 우리가 합의한 내용이오!
1006A.SBE	14	좋습니다. 그럼 서로 조건은 맞는 셈이군요.
1006A.SBE	15	헤어 슈미트, 즐거웠습니다.
1006A.SBE	16	뮌헨을 지난 뒤에 다시 이야기하죠.
1008.SBE	0	헤어 휘트니.
1008.SBE	1	슬슬 궁금해지더군요.
1008.SBE	2	과연 당신과 인사를 나눌 기회가 있긴 할지요.
1008.SBE	3	금은 가져오셨습니까?
1008.SBE	4	처음엔 나를 기다리게 하더니, 이제는 대답도 없군요.
1008.SBE	5	저는 제 몫의 약속은 지켰습니다.
1008.SBE	6	문제가 생겼다면, 내가 알아야겠습니다!
1008.SBE	7	아무 문제 없습니다.
1008.SBE	8	다행이군요. 금을 보여 달라고 해도 괜찮겠지요?
1008.SBE	9	그럼 내가 사는 물건을 보여 달라고 해도 괜찮겠지요?
1008.SBE	10	보여 달라고요? 그건 불가능하다는 걸 당신도 알잖습니까!
1008.SBE	11	물건은 뮌헨에서 열차에 실릴 겁니다.
1008.SBE	12	그게 우리가 합의한 내용이오!
1008.SBE	13	좋습니다. 그럼 서로 조건은 맞는 셈이군요.
1008.SBE	14	헤어 슈미트, 즐거웠습니다.
1008.SBE	15	뮌헨을 지난 뒤에 다시 이야기하죠.
1008A.SBE	0	헤어 휘트니.
1008A.SBE	1	슬슬 궁금해지더군요.
1008A.SBE	2	과연 당신과 인사를 나눌 기회가 있긴 할지요.
1008A.SBE	3	금은 가져오셨습니까?
1008A.SBE	4	처음엔 나를 기다리게 하더니, 이제는 대답도 없군요.
1008A.SBE	5	저는 제 몫의 약속은 지켰습니다.
1008A.SBE	6	문제가 생겼다면, 내가 알아야겠습니다!
1008A.SBE	7	아무 문제 없습니다.
1008A.SBE	8	다행이군요. 금을 보여 달라고 해도 괜찮겠지요?
1008A.SBE	9	그럼 내가 사는 물건을 보여 달라고 해도 괜찮겠지요?
1008A.SBE	10	보여 달라고요? 그건 불가능하다는 걸 당신도 알잖습니까!
1008A.SBE	11	물건은 뮌헨에서 열차에 실릴 겁니다.
1008A.SBE	12	그게 우리가 합의한 내용이오!
1008A.SBE	13	좋습니다. 그럼 서로 조건은 맞는 셈이군요.
1008A.SBE	14	헤어 슈미트, 즐거웠습니다.
1008A.SBE	15	뮌헨을 지난 뒤에 다시 이야기하죠.
1008AN.SBE	0	헤어 휘트니.
1008AN.SBE	1	슬슬 궁금해지더군요.
1008AN.SBE	2	과연 당신과 인사를 나눌 기회가 있긴 할지요.
1008AN.SBE	3	금은 가져오셨습니까?
1008AN.SBE	4	처음엔 나를 기다리게 하더니, 이제는 대답도 없군요.
1008AN.SBE	5	저는 제 몫의 약속은 지켰습니다.
1008AN.SBE	6	문제가 생겼다면, 내가 알아야겠습니다!
1008AN.SBE	7	아무 문제 없습니다.
1008AN.SBE	8	다행이군요. 금을 보여 달라고 해도 괜찮겠지요?
1008AN.SBE	9	그럼 내가 사는 물건을 보여 달라고 해도 괜찮겠지요?
1008AN.SBE	10	보여 달라고요? 그건 불가능하다는 걸 당신도 알잖습니까!
1008AN.SBE	11	물건은 뮌헨에서 열차에 실릴 겁니다.
1008AN.SBE	12	그게 우리가 합의한 내용이오!
1008AN.SBE	13	좋습니다. 그럼 서로 조건은 맞는 셈이군요.
1008AN.SBE	14	헤어 슈미트, 즐거웠습니다.
1008AN.SBE	15	뮌헨을 지난 뒤에 다시 이야기하죠.
1008N.SBE	0	헤어 휘트니.
1008N.SBE	1	슬슬 궁금해지더군요.
1008N.SBE	2	과연 당신과 인사를 나눌 기회가 있긴 할지요.
1008N.SBE	3	금은 가져오셨습니까?
1008N.SBE	4	처음엔 절 기다리게 하더니, 이젠 대답도 안 하는군요.
1008N.SBE	5	저는 제 몫의 약속은 지켰습니다.
1008N.SBE	6	문제가 생겼다면, 제가 알아야겠습니다!
1008N.SBE	7	아무 문제 없습니다.
1008N.SBE	8	다행이군요. 그럼 금을 보여 달라고 해도 괜찮겠지요?
1008N.SBE	9	그럼 제가 사는 물건을 보여 달라고 해도 괜찮겠지요?
1008N.SBE	10	보여 달라고요? 그건 불가능하다는 걸 당신도 알잖습니까!
1008N.SBE	11	물건은 뮌헨에서 열차에 실릴 겁니다.
1008N.SBE	12	그게 우리가 합의한 내용이오!
1008N.SBE	13	좋습니다. 그럼 서로 조건은 맞는 셈이군요.
1008N.SBE	14	헤어 슈미트, 즐거웠습니다.
1008N.SBE	15	뮌헨을 지난 뒤에 다시 이야기하죠.
1011.SBE	0	그리고 당신, 영국 여자와 함께 계시더군요.
1011.SBE	1	부인이었나요?
1011.SBE	2	음... 예... 그게... 아!
1011.SBE	3	미스 볼프, 미국에서 온 제 동료 미스터 타일러 휘트니를 소개해도 되겠습니까?
1011.SBE	4	헤어 휘트니, 미스 안나 볼프입니다.
1011.SBE	5	죄송해요... 이름을 잘 못 들었어요.
1011.SBE	6	타일러 휘트니입니다. 우리 전에 만난 적 있나요?
1011.SBE	7	몇 년 전 뉴욕에서 미스터 휘트니 이야기를 들은 기억이 나네요.
1011.SBE	8	쿠바에서 혁명을 일으키려고 자금을 모으고 계셨죠, 맞나요?
1011.SBE	9	멕시코요. 그리고 그건 제가 아니었습니다. 우린 다른 데서 만난 모양이군요.
1011.SBE	10	헤어 휘트니는 정의를 위해 싸우는 인물로 잘 알려져 있지요...
1011.SBE	11	자기 조국이 아닌 나라들에서까지요.
1011.SBE	12	하지만 저희 때문에 식사를 방해받진 마십시오.
1011.SBE	13	전혀요. 두 분 모두 정말 친절하시네요.
1011.SBE	14	이런 긴 여행에서는 정말 지루해지기 마련이죠.
1011.SBE	15	그럼 안녕히.
1011.SBE	16	아름다운 여성이군.
1011.SBE	17	그런가요?
1011.SBE	18	연주 실력도 뛰어나고요.
1011.SBE	19	저 모습을 보면... 유대인이라고는 생각도 못 하겠군요.
1011.SBE	20	뮌헨에서 뵙지요, 선생.
1011A.SBE	0	실례합니다.
1011A.SBE	1	방금 아우구스트 슈미트라고 소개하시는 걸 우연히 들었습니다.
1011A.SBE	2	우리 저녁 약속이 있었던 걸로 압니다.
1011A.SBE	3	아, 좀처럼 모습을 드러내지 않는 헤어 휘트니군요.
1011A.SBE	4	우린 한 시간도 더 전에 약속이 있었소.
1011A.SBE	5	죄송해요... 이름을 잘 못 들었어요.
1011A.SBE	6	타일러 휘트니입니다. 우리 전에 만난 적 있나요?
1011A.SBE	7	몇 년 전 뉴욕에서 미스터 휘트니 이야기를 들은 기억이 나네요.
1011A.SBE	8	쿠바에서 혁명을 일으키려고 자금을 모으고 계셨죠, 맞나요?
1011A.SBE	9	멕시코요. 그리고 그건 제가 아니었습니다. 우린 다른 데서 만난 모양이군요.
1011A.SBE	10	헤어 휘트니는 정의를 위해 싸우는 인물로 잘 알려져 있지요...
1011A.SBE	11	자기 조국이 아닌 나라들에서까지요.
1011A.SBE	12	하지만 저희 때문에 식사를 방해받진 마십시오.
1011A.SBE	13	전혀요. 두 분 모두 정말 친절하시네요.
1011A.SBE	14	이런 긴 여행에서는 정말 지루해지기 마련이죠.
1011A.SBE	15	그럼 안녕히.
1011A.SBE	16	헤어 휘트니.
1011A.SBE	17	5분 뒤 당신 객실로 가겠습니다.
1012.SBE	0	카이요 부인 기사 읽고 계십니까?
1012.SBE	1	우리 정식으로 인사한 적은 없는 것 같군요.
1012.SBE	2	맞습니다. 전 타일러 휘트니입니다.
1012.SBE	3	알고 있어요. 헤어 슈미트에게 당신 얘길 들었거든요.
1012.SBE	4	실례가 아니라면 잡지를 마저 읽고 싶군요.
1012.SBE	5	아직 이름을 안 알려주셨군요.
1013.SBE	0	카이요 부인 기사 읽고 계십니까?
1013.SBE	1	읽어 보셨나요?
1013.SBE	2	그냥 짐작이었어요.
1013.SBE	3	그 얘기 아니면 라스푸틴 얘기죠. 다른 건 쓰지도 않는 것 같아요.
1013.SBE	4	라스푸틴 얘기는 관심 없으세요?
1013.SBE	5	물론 있죠. 난 그 사람이 좋아요.
1013.SBE	6	죽었다 싶으면 또 불쑥 살아나잖아요.
1013.SBE	7	안녕히 주무세요, 미스 볼프.
1017.SBE	0	불이 켜져 있길래요. 잠을 못 이루시나 싶어서요.
1017.SBE	1	악몽을 꿨어요. 그 때문에 깼어요.
1017.SBE	2	들어가도 될까요?
1017.SBE	3	왜 안 되죠?
1017.SBE	4	편하게 있으세요.
1017.SBE	5	방이 좀 어질러져서 미안해요.
1017.SBE	6	공연 투어 다닐 때도... 항상 총을 가지고 다니나요?
1017.SBE	7	여자가 혼자 여행하면 조심해야 하니까요.
1017.SBE	8	맥스만으로도 충분한 경호가 될 줄 알았습니다.
1017.SBE	9	당신, 타일러 휘트니가 아니군요. 누구죠?
1017.SBE	10	제 이름은 로버트 캐스입니다.
1017.SBE	11	원하는 게 뭐죠?
1017.SBE	12	타일러 휘트니는 제 친구였습니다.
1017.SBE	13	그게 무슨 뜻이죠?
1019.SBE	0	- 안녕히 주무세요, 미스 볼프. - 안녕히 주무십시오, 미스터 휘트니.
1019D.SBE	0	- 안녕히 주무세요, 미스 볼프. - 안녕히 주무십시오, 미스터 휘트니.
1020.SBE	0	좋은 아침입니다, 헤어 슈미트.
1020.SBE	1	어젯밤 그 고성 때문에 잠을 깨신 건 아니길 바랍니다.
1020.SBE	2	고성이라니요? 무슨 고성을 말하는 거요?
1020.SBE	3	아닌가 보군요.
1022.SBE	0	아, 헤어 휘트니.
1022.SBE	1	물건은 이미 열차에 실렸소.
1022.SBE	2	나는 거래에서 내 몫을 다했소.
1022.SBE	3	금을 봐야겠소!
1022.SBE	4	우리 합의에는 베오그라드에서 무기를 인도한다는 조건이 있었소.
1022.SBE	5	아직 베오그라드가 아니오.
1022.SBE	6	헤어 휘트니, 내가 이 열차에 오른 뒤로
1022.SBE	7	일이 돌아가는 모양이 영 심상치 않다는 느낌이 들기 시작했소.
1022.SBE	8	당신이 날 안심시키지 못하면, 나는 빈에서 내릴 생각이오
1022.SBE	9	그리고 내 물건도 가지고 내리겠소!
1022.SBE	10	그럼 이만!
1022A.SBE	0	헤어 슈미트, 잠깐 얘기할 수 있을까요?
1022A.SBE	1	금을 보여줄 수 없다면 더 할 말은 없소!
1022A.SBE	2	좋은 하루 되세요.
1022AD.SBE	0	헤어 슈미트, 잠깐 얘기할 수 있을까요?
1022AD.SBE	1	금을 보여줄 수 없다면 더 할 말은 없소!
1022AD.SBE	2	좋은 하루 되세요.
1022B.SBE	0	헤어 슈미트, 잠깐 얘기할 수 있을까요?
1022B.SBE	1	금을 보여줄 수 없다면 더 할 말은 없소!
1022B.SBE	2	좋은 하루 되세요.
1022C.SBE	0	헤어 슈미트, 잠깐 얘기할 수 있을까요?
1022C.SBE	1	금을 보여줄 수 없다면 더 할 말은 없소!
1022C.SBE	2	좋은 하루 되세요.
1023.SBE	0	헤어 슈미트, 점심을 혼자 드십니까?
1023.SBE	1	사실은 숙녀 한 분을 기다리는 중이오.
1023.SBE	2	그럼 즐겁게 기다리시죠.
1025.SBE	0	프로일라인 볼프, 이토록 재능 있는 예술가를 뵙게 되어 영광입니다.
1025.SBE	1	제 이름은 크로노스입니다.
1025.SBE	2	각하, 큰 영광입니다.
1025.SBE	3	제 객차에는 피아노가 갖춰져 있습니다.
1025.SBE	4	저와 이중주를 해주시는 영광을 베풀어 주실 수 있을까요?
1025.SBE	5	이 긴 여정의 시간을 보내는 데 좋을 겁니다.
1025.SBE	6	정말 멋진 생각이군요!
1025.SBE	7	그럼... 3시로 할까요?
1025.SBE	8	그때까지 분을 세며 기다리겠습니다.
1025.SBE	9	좋은 하루 되세요.
1028.SBE	0	여기서 뭐 하는 거죠?
1028.SBE	1	당신 객실을 수색 중입니다.
1028.SBE	2	뭘 찾을 생각이었죠?
1028.SBE	3	한때 제 친구의 것이었던 물건이요.
1028.SBE	4	나가요.
1028.SBE	5	그런데 연주는 정말 훌륭하더군요. 음악만 계속했으면 좋았을 텐데요.
1030.SBE	0	금은 가져오셨습니까?
1030.SBE	1	이걸 가져왔소.
1030.SBE	2	이게 뭐죠?
1030.SBE	3	금보다 더 귀한 것이오.
1030.SBE	4	헤어 휘트니, 나는 유대인 전당포 주인이 아니오.
1030.SBE	5	지불 조건은 분명했소.
1030.SBE	6	그걸 이행하지 못한다면, 우리 합의는 깨진 것으로 보겠소
1030.SBE	7	그리고 당신의 명성은 심하게 과장됐다고 생각하겠소.
1030.SBE	8	좋은 하루 되세요.
1031.SBE	0	미스터 휘트니?
1031.SBE	1	오실지 궁금했소.
1031.SBE	2	오! 예, 예.
1031.SBE	3	그리 서두르진 마시오, 헤어 슈미트.
1031.SBE	4	아직 베오그라드가 아니오.
1032.SBE	0	같이 앉아도 될까요?
1032.SBE	1	물론이죠! 시가 한 대 하시겠습니까? 최고급 아바나요!
1032.SBE	2	아니요, 괜찮습니다.
1032.SBE	3	미국인들은 즐길 줄을 모르는군요.
1032.SBE	4	몸이 제대로 먹지 못하는데 어떻게 정신의 삶이 있겠소?
1032.SBE	5	프로일라인 볼프는 어떻습니까?
1032.SBE	6	오늘 저녁엔 그녀와 식사할 예정이오.
1032.SBE	7	말해 봐요, 아우구스트.
1032.SBE	8	당신처럼 정신적인 사람이 어쩌다 군수업자가 된 겁니까?
1032.SBE	9	당신이 이해하기엔 꽤 어려울 거요.
1032.SBE	10	당신과는 달리, 헤어 휘트니,
1032.SBE	11	날 움직이는 건 금만이 아니오.
1032.SBE	12	난 늘 조국의 더 큰 이익을 생각하오.
1032.SBE	13	세르비아 테러리스트 집단을 무장시키는 데 조국의 이익이 어디 있습니까?
1032.SBE	14	테러리스트라니? 놀랍군요.
1032.SBE	15	적어도 동조하는 척은 계속할 줄 알았소
1032.SBE	16	당신에게 돈을 대는 그 집단에 대해서 말이오.
1032.SBE	17	난 동조하지 않는다고 한 적 없습니다. 그들이 테러리스트라고 했을 뿐이오.
1032.SBE	18	그리고 내 질문엔 아직 답하지 않았소.
1032.SBE	19	내가 마지막으로 신문을 봤을 때 세르비아는 러시아, 프랑스와 동맹이었소.
1032.SBE	20	당신 질문, 나쁘지 않소.
1032.SBE	21	답은 당신이 직접 찾아보시오.
1033.SBE	0	제 열쇠를 당신이 갖고 있는 것 같군요.
1033.SBE	1	돌려받을 수 있을까요?
1033.SBE	2	오늘은 총 얘기 이쯤이면 됐어요.
1033.SBE	3	말해 봐요. 타일러를 죽인 게 임무의 일부였나요
1033.SBE	4	아니면 당신 독단이었나요?
1033.SBE	5	저, 무슨 말씀인지 모르겠어요.
1033.SBE	6	당신이 오스트리아 비밀경찰을 위해 일한다는 것도 모르나요?
1033.SBE	7	아니면 타일러를 당신이 죽였다는 것도 모르나요?
1033.SBE	8	하지만 제가 죽인 게 아니에요!
1033.SBE	9	그들은 타일러의 무기 거래를 망치라고 당신을 보냈어요.
1033.SBE	10	당신이 그를 죽이고 그가 갖고 있던 황금 알을 훔쳤어요.
1033.SBE	11	아니에요! 제가 아니에요! 전 누구도 죽여본 적 없어요! 맹세해요!
1033.SBE	12	뉴욕에서 타일러 휘트니를 한 번 만난 적이 있어요.
1033.SBE	13	역에서 그를 알아봤어요.
1033.SBE	14	열차가 출발하고 나서 와서 문을 두드렸어요.
1033.SBE	15	문이 열려 있어서 그냥 들어갔어요.
1033.SBE	16	안에는 피가 흥건했어요.
1033.SBE	17	그 알이요!
1033.SBE	18	창가 쪽 테이블 위에 놓여 있었어요.
1033.SBE	19	그건 가져갔지만, 죽이진 않았어요!
1033.SBE	20	당신이 타일러 휘트니라고 사칭하는 걸 처음 봤을 때...
1033.SBE	21	당신이 그를 죽인 줄 알았어요.
1033.SBE	22	안나, 조심해!
1034.SBE	0	움직이지 마!
1034.SBE	1	그 사람 놔줘요.
1034.SBE	2	빈이라고요? 전 지금 가야 해요.
1035.SBE	0	빈에서 내려버린 줄 알고 걱정했어요.
1035.SBE	1	빈에서요? 제가 왜요?
1035.SBE	2	모르겠어요. 그래도 당신을 보니 반갑군요.
1035.SBE	3	이 여정도 곧 끝나겠죠.
1035.SBE	4	그럼, 이제 아우구스트 슈미트는 어떻게 되죠?
1035.SBE	5	부다페스트에서 경찰이 기다리고 있다는 걸 알게 되겠죠.
1035.SBE	6	무기들은 발견되어 압수될 거예요.
1035.SBE	7	그렇군요. 임무는 훌륭히 끝냈네요. 아주 뿌듯하시겠어요.
1035.SBE	8	그 말을 할 입장은 아니잖아요.
1035.SBE	9	총 밀수가 당신이 말하는 명예로운 일인가요?
1035.SBE	10	그게 제 직업인가요?
1035.SBE	11	당신에겐 이게 게임 같군요. 편 가르기 말이에요.
1035.SBE	12	오늘은 보스니아인 편, 내일은 영국인 편이겠죠.
1035.SBE	13	타일러가 왜 죽었는지 알고 싶어요? 말해줄게요.
1035.SBE	14	천 년 동안 사람들은 발칸을 두고 서로 죽여 왔어요.
1035.SBE	15	미국인 한 명 때문에 멈출 일은 아니에요.
1035.SBE	16	우리 역사는 피로 이어진 사슬이에요.
1035.SBE	17	그 사슬은 먼 과거까지 이어져 우리를 옭아매고 있죠.
1035.SBE	18	그리고 그건 당신과는 상관없어요.
1035.SBE	19	타일러는 죽었어요. 되돌릴 수 없어요.
1035.SBE	20	당신도 같은 일을 당하기 전에 집으로 돌아가요.
1035.SBE	21	타일러는 제 친구였어요.
1035.SBE	22	그 말이 당신에겐 별 의미가 없을지 모르죠.
1035.SBE	23	하지만 나에겐, 친구가 도움을 청했는데 내가 너무 늦게 도착했다면,
1035.SBE	24	그걸 그냥 넘길 수는 없어요.
1035.SBE	25	가요. 제발.
1037.SBE	0	헤어 휘트니, 한잔하시죠.
1037.SBE	1	그게 여정을 좀 덜 길게 느끼게 해주오.
1037.SBE	2	감사합니다.
1037.SBE	3	내가 프로일라인 볼프를 오판했소.
1037.SBE	4	다른 설명이 없소.
1037.SBE	5	몇 번이고 자문하오. 내가 착각한 건가?
1037.SBE	6	환상인가? 낭만적인 망상인가?
1037.SBE	7	하지만 곧 그녀가 나를 보던 눈빛이 떠오르오.
1037.SBE	8	그 눈빛의 온기가.
1037.SBE	9	그리고 알게 되지. 내가 틀리지 않았다는 걸. 그녀가 변했소.
1037.SBE	10	글쎄요, 아우구스트. 그녀는 예술가잖아요.
1037.SBE	11	예술가.
1037.SBE	12	그래. 내가 뮌헨으로 돌아가면, 그녀가 나를 위해 연주할 거요.
1037.SBE	13	그녀는 내 집에서 연주할 거요.
1037.SBE	14	잔을 채워드리죠, 헤어 휘트니.
1037.SBE	15	적어도 당신만큼은 날 실망시키지 않았소.
1037.SBE	16	그래, 그래. 그녀는 나를 위해 연주할 거요.
1037.SBE	17	멋진 저녁이 될 거요.
1037.SBE	18	당신도 거기 오게 될 거요, 헤어 휘트니.
1037.SBE	19	크로노스와 오볼렌스키가, 우리 모두 한자리에 모일 거요
1037.SBE	20	거대한 황금빛 방에서. 그리고 그녀가 연주할 거요.
1037.SBE	21	그리고 우린 춤출 거요, 춤추고 또 춤출 거요...
1037.SBE	22	인생은 짧소, 여러분. 함께 춤춥시다.
1038.SBE	0	안나.
1038.SBE	1	정말 피곤해요. 제발 가게 해줘요.
1038A.SBE	0	왜 저를 따라오는 거죠?
1038A.SBE	1	하고 싶은 말이 정말 많아요.
1038A.SBE	2	그냥 제가 너무 피곤해서 그래요.
1038A.SBE	3	내가 얼마나 지쳤는지 당신은 상상도 못 해요.
1038A.SBE	4	아침에 이야기해요.
1038A.SBE	5	안녕히 주무세요.
1039.SBE	0	허리띠를 풀어!
1039.SBE	1	허리띠부터 먼저 풀었어도 됐잖아요.
1039.SBE	2	이제 곧 국경이에요. 열차를 멈춰야 해요!
1039.SBE	3	왜요?
1039.SBE	4	왜냐고요? 세르비아에 들어가면 우릴 죽일 거예요!
1039.SBE	5	그럼 국경 전에 열차를 세우면요?
1039.SBE	6	테러리스트들은 오스트리아 경찰에 붙잡힐 거예요.
1039.SBE	7	무기와 함께요.
1039.SBE	8	네.
1039.SBE	9	당신은 이용당하고 있어요. 아우구스트 슈미트도 마찬가지고요.
1039.SBE	10	이해가 안 돼요.
1039.SBE	11	그건 중요하지 않아요. 어서, 이걸 멈춥시다.
1040.SBE	0	허리띠를 풀어!
1040.SBE	1	허리띠부터 먼저 풀었어도 됐잖아요.
1040.SBE	2	이제 곧 국경이에요. 열차를 멈춰야 해요!
1040.SBE	3	왜요?
1040.SBE	4	왜냐고요? 세르비아에 들어가면 우릴 죽일 거예요!
1040.SBE	5	그럼 국경 전에 열차를 세우면요?
1040.SBE	6	테러리스트들은 오스트리아 경찰에 붙잡힐 거예요.
1040.SBE	7	무기와 함께요.
1040.SBE	8	네.
1040.SBE	9	당신은 이용당하고 있어요. 아우구스트 슈미트도 마찬가지고요.
1040.SBE	10	무슨 뜻이죠?
1040.SBE	11	독일과 오스트리아는 전쟁을 원해요.
1040.SBE	12	그들에게 필요한 건 사라예보 같은 도화선이 될 사건 하나예요.
1040.SBE	13	사라예보만으로는 부족했어요.
1040.SBE	14	하지만 세르비아 테러리스트의 손에서 기관총 상자가 적발된다면...
1040.SBE	15	그건 전쟁의 불씨가 될 수 있어요.
1040.SBE	16	안나, 당신 상관들이 그 무기 거래를 어떻게 알게 됐다고 생각해요?
1040.SBE	17	슈미트는 함정에 걸린 거예요. 독일은 이 거래가 성사되길 원했죠.
1040.SBE	18	그리고 그걸 크게 터뜨리길 바랐어요. 당신 손으로요.
1040.SBE	19	안나, 기다려!
1041.SBE	0	허리띠를 풀어!
1041.SBE	1	허리띠부터 먼저 풀었어도 됐잖아요.
1041.SBE	2	이제 곧 국경이에요. 열차를 멈춰야 해요!
1041.SBE	3	왜요?
1041.SBE	4	왜냐고요? 세르비아에 들어가면 우릴 죽일 거예요!
1041.SBE	5	죽는 건 당신이겠죠. 왜 나까지 죽이겠어요?
1041.SBE	6	맞아요.
1042.SBE	0	허리띠를 풀어!
1042.SBE	1	허리띠부터 먼저 풀었어도 됐잖아요.
1042.SBE	2	이제 곧 국경이에요. 열차를 멈춰야 해요!
1042.SBE	3	왜요?
1042.SBE	4	왜냐고요? 세르비아에 들어가면 우릴 죽일 거예요!
1042.SBE	5	죽는 건 당신이겠죠. 왜 나까지 죽이겠어요?
1043.SBE	0	이제 알겠군.
1043.SBE	1	이 열차를 납치해서
1043.SBE	2	값도 치르지 않고 내 물건을 챙길 수 있다고 생각하나.
1043.SBE	3	아우구스트, 한마디 하지.
1043.SBE	4	프로일라인 볼프는 첩자요.
1043.SBE	5	독일에 있는 당신 친구들이, 당신이 무기 밀수로 걸리도록 판을 짰소.
1043.SBE	6	프로일라인 볼프가 첩자라고? 나, 아우구스트 슈미트가 배신당했다고?
1043.SBE	7	그럴 리가!
1043.SBE	8	타일러 휘트니! 우린 다시 만나게 될 거요!
1043.SBE	9	아, 한 가지 더 있소.
1043.SBE	10	내 이름은 휘트니가 아니오. 캐스요. 로버트 캐스.
1043.SBE	11	뭐라고?
1043.SBE	12	제 이름은 로버트 캐스입니다.
1044.SBE	0	이제 알겠군.
1044.SBE	1	이 열차를 납치해서
1044.SBE	2	값도 치르지 않고 내 물건을 챙길 수 있다고 생각하나.
1044.SBE	3	잘 있어요, 아우구스트.
1044.SBE	4	타일러 휘트니! 우린 다시 만나게 될 거요!
1044.SBE	5	아, 한 가지 더 있소.
1044.SBE	6	내 이름은 휘트니가 아니오. 캐스요. 로버트 캐스.
1044.SBE	7	뭐라고?
1044.SBE	8	제 이름은 로버트 캐스입니다.
1046.SBE	0	계속 삽질해!
1046.SBE	1	뭐 하는 거야?
1046.SBE	2	미쳤어? 열차를 세워!
1046.SBE	3	당신이 내 친구를 쏘기 전에 내가 말했듯이,
1046.SBE	4	내 주머니엔 콘스탄티노플행 표가 있고, 난 그걸 쓸 생각이야.
1046.SBE	5	콘스탄티노플? 베오그라드도 못 벗어날 거야.
1046.SBE	6	난 베오그라드에 설 생각 없어.
1046.SBE	7	이 열차엔 30명이 타고 있어.
1046.SBE	8	그 사람들 목숨까지 걸 작정이야?
1046.SBE	9	이미 충분히 많은 사람이 죽지 않았나?
1059.SBE	0	이상해. 열차가 안 서.
1101.SBE	0	안녕하세요.
1101.SBE	1	절 부른 분이 '각하'라는 분이라던데요.
1101.SBE	2	그게 설마 당신은 아니겠죠?
1102.SBE	0	정말 뜻밖의 영광이군요, 미스터 로버트 캐스.
1102.SBE	1	보통은 날 타일러 휘트니라고 부르죠.
1102.SBE	2	자신의 이름을 고를 때는 신중해야 합니다.
1102.SBE	3	이름에는 힘이 있습니다.
1102.SBE	4	가장 원시적인 문화권조차 이 사실을 알았지요.
1102.SBE	5	물론 당신이 원한다면 그대로 부르겠습니다.
1102.SBE	6	자기 이름을 고를 사치를 누리는 사람은 많지 않지요, 미스터...?
1102.SBE	7	크로노스.
1102.SBE	8	당신이 캐스든 휘트니든 내겐 중요하지 않습니다.
1102.SBE	9	파리의 내 대리인이 시작한 논의를 이어갈 준비가 되어 있습니다.
1102.SBE	10	당신이 말한 물건을 갖고 있다는 전제하에서요.
1102.SBE	11	크로노스는 이름입니까, 성입니까?
1102.SBE	12	이 유쾌한 이름 이야기를 계속할 시간은 없군요.
1102.SBE	13	꽤 묵직한 서류가방을 가져왔습니다.
1102.SBE	14	이제 내가 제안한 교환에 당신이 관심이 있는지 알고 싶군요.
1102.SBE	15	그리고 그걸 끝까지 해낼 능력이 있는지도요.
1102.SBE	16	지금 당장은 아니지만, 해낼 수 있으리라 봅니다.
1102.SBE	17	그렇다면 더 논의할 건 없군요.
1102.SBE	18	나도 빈에서 내려야 하니까요.
1102.SBE	19	다시 못 만날 수도 있으니, 이스탄불까지 즐거운 여정 되시길 바랍니다.
1102.SBE	20	그리고 영국과 프랑스 당국의 추적도 계속 잘 피해 다니시길 빌죠.
1102.SBE	21	좋은 저녁 보내십시오, 미스터 캐스.
1102.SBE	22	카히나가 배웅해 줄 거요.
1103.SBE	0	아직 여기 있었나?
1103.SBE	1	각하께 전해주세요. 제가...
1103.SBE	2	불새 건으로 이야기를 나누고 싶다고요.
1104.SBE	0	각하께 말씀드려요. 제가 얘기하고 싶다고...
1105.SBE	0	들어오십시오. 편히 앉으시죠.
1105.SBE	1	아, 고맙군요, 카히나. 그러죠.
1105.SBE	2	좋은 아침입니다, 미스터 캐스.
1105.SBE	3	오늘은 좋은 소식을 가져오셨길 바랍니다.
1105.SBE	4	그건 상황에 따라 다르죠. 아직도 불새를 원합니까?
1105.SBE	5	가지고 있습니까?
1105.SBE	6	타일러에게 무슨 일이 있었죠?
1105.SBE	7	미스터 휘트니와 그 동료들의 불운한 소동엔 관심 없습니다.
1105.SBE	8	이 거래는 빨리 끝냅시다.
1105.SBE	9	우리 둘 다 할 일이 많으니까요.
1105.SBE	10	나는 내 수집품을, 당신은 당신의 골칫거리와 특별한 관심사를 챙겨야 하죠.
1105.SBE	11	예컨대 바실리 알렉산드로비치에 대한 당신의 처치 말입니다.
1105.SBE	12	다투라 스트라모니움.
1105.SBE	13	아주 흥미롭군요.
1105.SBE	14	아주 간단합니다.
1105.SBE	15	우리에게는 그렇겠죠.
1105.SBE	16	하지만 유럽 의사 중 그걸 떠올린 사람은 거의 없었을 겁니다.
1105.SBE	17	나이지리아에서 한 번... 하지만 이야기가 샜군요.
1105.SBE	18	불새를 갖고 있습니까?
1105.SBE	19	엄밀히 말하면 아닙니다.
1105.SBE	20	그렇다면 더는 당신 시간을 뺏지 않겠습니다.
1105.SBE	21	다음 만남을 기대하겠습니다, 미스터 캐스.
1106.SBE	0	이건 각하께서 절 보길 원하신다는 뜻이겠군요.
1106.SBE	1	그분은 사람들로 하여금 자신이 꼭 필요한 존재인 듯 느끼게 만드는 재주가 있네요.
1106.SBE	2	이게 미스 볼프를 이중주로 끌어들인 방식입니까?
1106.SBE	3	아는 건 별로 없으면서 말은 참 많군요.
1106.SBE	4	그분께 제가 가겠다고 전해요.
1106A.SBE	0	이건 각하께서 절 보길 원하신다는 뜻이겠군요.
1106A.SBE	1	그분은 사람들로 하여금 자신이 꼭 필요한 존재인 듯 느끼게 만드는 재주가 있네요.
1106A.SBE	2	이게 미스 볼프를 이중주로 끌어들인 방식입니까?
1106A.SBE	3	아는 건 별로 없으면서 말은 참 많군요.
1106A.SBE	4	그분께 제가 가겠다고 전해요.
1106D.SBE	0	이건 각하께서 절 보길 원하신다는 뜻이겠군요.
1106D.SBE	1	그분은 사람들로 하여금 자신이 꼭 필요한 존재인 듯 느끼게 만드는 재주가 있네요.
1106D.SBE	2	이게 미스 볼프를 이중주로 끌어들인 방식입니까?
1106D.SBE	3	아는 건 별로 없으면서 말은 참 많군요.
1106D.SBE	4	그분께 제가 가겠다고 전해요.
1107.SBE	0	훌륭하군요.
1107.SBE	1	그 꽤 무거운 서류가방은 내 축복과 함께 가져가셔도 됩니다.
1107.SBE	2	내 채광창이 망가진 건 너그럽게 넘어가도록 하죠.
1107.SBE	3	타일러를 누가 죽였죠?
1107.SBE	4	카히나가 배웅해 줄 거요.
1107.SBE	5	거래하게 되어 즐거웠습니다, 미스터 휘트니.
1107A.SBE	0	훌륭하군요.
1107A.SBE	1	부디 이 꽤 무거운 서류가방을 감사의 표시로 받아주십시오.
1107A.SBE	2	타일러를 누가 죽였죠?
1107A.SBE	3	카히나가 배웅해 줄 거요.
1107A.SBE	4	거래하게 되어 즐거웠습니다, 미스터 휘트니.
1108.SBE	0	오, 이런.
1108.SBE	1	보아하니 당신은 내 서류가방도, 내 불새도 가져오지 않았군요.
1108.SBE	2	이 장난은 이미 충분히 오래 이어졌습니다.
1109.SBE	0	실망스럽군요.
1109.SBE	1	이 금은 기꺼이 당신에게 맡겨둘 생각이었습니다.
1109.SBE	2	다른 그것만 가져올 생각을 했더라면 좋았을 텐데요.
1109.SBE	3	그랬다면 우리 모두 시간을 훨씬 아꼈을 겁니다.
1109.SBE	4	아마도요.
1109.SBE	5	원하는 게 뭡니까, 미스터 휘트니?
1109.SBE	6	타일러 휘트니는 죽었습니다. 누가 왜 그를 죽였는지 알고 싶군요.
1109.SBE	7	당신은 예루살렘으로 가는 길이죠. 그렇지 않습니까?
1109.SBE	8	그걸 어떻게 알았죠?
1109.SBE	9	지식은 금보다 귀하고 루비보다 희귀합니다.
1109.SBE	10	당신이 지식이라는 화폐로 대가를 받고 싶다면,
1109.SBE	11	당신 자신에 대한 것들, 이를테면 손에 낀 그 반지 이야기도 해줄 수 있지요.
1109.SBE	12	하지만 당신이 묻는 그 질문만큼은... 내가 답할 수 없습니다.
1109.SBE	13	그럼 전 이만 가보죠.
1109.SBE	14	아직은 아니오.
1109.SBE	15	내 짐을 멋대로 가져간 대가로, 당신은 내게 작은 호의를 하나 빚졌습니다.
1109.SBE	16	그의 가슴주머니에 있는 스카프요. 가져다주시겠습니까.
1109.SBE	17	네. 고맙습니다, 미스터 캐스.
1109.SBE	18	다음에 만날 때까지 기념품으로 간직해 두겠습니다.
1110.SBE	0	아, 미스터 캐스.
1110.SBE	1	우린 당신을 기다리고 있었습니다.
1110.SBE	2	아직은 아니오, 아가씨.
1110.SBE	3	불새를 가져다주시겠습니까?
1112.SBE	0	고맙습니다, 미스터 캐스.
1112.SBE	1	당신과 알게 되어 매우 기쁩니다.
1112.SBE	2	다시 만나길 바라지만, 아마 어렵겠지요.
1112.SBE	3	미스 볼프.
1112.SBE	4	신경 쓰지 마세요.
1112.SBE	5	미스터 캐스, 난 은혜를 모르는 사람은 아닙니다.
1112.SBE	6	당신은 내 불새를 가져왔군요.
1112.SBE	7	이제 내가 당신에게 뭔가를 주지요.
1112.SBE	8	예루살렘에 가게 되면, 열세 번째 지파에 대해 물어보십시오.
1112.SBE	9	무슨 일이죠? 무슨 문제입니까?
1116.SBE	0	아, 미스터 캐스.
1116.SBE	1	우린 당신을 기다리고 있었습니다.
1116.SBE	2	아직은 아니오, 아가씨.
1116.SBE	3	불새를 가져다주시겠습니까?
1116.SBE	4	유감이지만, 이제 그건 제게 없습니다.
1116.SBE	5	그건 어디 있습니까?
1116.SBE	6	베오그라드 서쪽 어딘가에요.
1116.SBE	7	그건 유감이군요.
1118.SBE	0	죄송합니다. 문을 잘못 열었네요.
1202.SBE	0	같이 앉아도 될까요?
1202.SBE	1	왜 안 되죠?
1202.SBE	2	놀라게 하려던 건 아니었어요.
1202.SBE	3	저는 수프 한 그릇이면 충분합니다.
1202.SBE	4	수백만의 제 동포가 빵도 없이 지내는데, 저 혼자 음식을 즐길 순 없습니다.
1202.SBE	5	그럼 안녕히.
1202A.SBE	0	같이 앉아도 될까요?
1202A.SBE	1	왜 안 되죠?
1202A.SBE	2	놀라게 하려던 건 아니었어요.
1202A.SBE	3	저는 수프 한 그릇이면 충분합니다.
1202A.SBE	4	수백만의 제 동포가 빵도 없이 지내는데, 저 혼자 음식을 즐길 순 없습니다.
1202A.SBE	5	그럼 안녕히.
1203.SBE	0	바실리 알렉산드로비치.
1203.SBE	1	할아버지.
1203.SBE	2	바실리 알렉산드로비치, 저는 알렉세이 돌니코프입니다.
1203.SBE	3	당신은 제 아버지를 아셨던 걸로 압니다.
1203.SBE	4	돌니코프라는 사람을 알았지. 표트르 니콜라예비치.
1203.SBE	5	그분은 선한 분이자 경건한 분이었지.
1203.SBE	6	그에게 아들이 하나 있었지...
1203.SBE	7	...하지만 그 아들은 그와 그 가족에게 수치를 안겼다.
1203.SBE	8	가자, 손녀야. 내가 좀 피곤하구나.
1203.SBE	9	바실리 알렉산드로비치,
1203.SBE	10	당신은 그 경건함의 이름으로 몇천 명을 감옥과 고문으로 몰아넣었지?
1203.SBE	11	아니면 이제 셀 수도 없나?
1204.SBE	0	글쎄요, 첫인상은 꽤 강하게 남기셨네요.
1205.SBE	0	실례합니다.
1205.SBE	1	이 종이에 뭐라고 쓰였는지 알려주실 수 있나요?
1205.SBE	2	러시아 동화예요. 아이들을 위한.
1205.SBE	3	저를 위해 번역해 주실 수 있나요?
1205.SBE	4	동화가 뭔지 아시오?
1205.SBE	5	그건 착취자들이 민중에게 자신들이 노예라는 사실을 잊게 만드는 방법 중 하나요.
1205.SBE	6	수백 년 동안 러시아 농민들은 아이들에게 한 영웅의 이야기를 들려주었소.
1205.SBE	7	불새의 꼬리깃을 뽑아 오는.
1205.SBE	8	아이는 빈속으로 잠자리에 들어 한 영웅을 꿈꾸지.
1205.SBE	9	결코 오지 않을 영웅을.
1205.SBE	10	괜히 물었네요.
1206.SBE	0	성냥 있나요?
1206.SBE	1	담배 피우기엔 너무 어린 거 아닌가요?
1206.SBE	2	무슈, 저는 어린애가 아니에요!
1206.SBE	3	이번 철은 파리에서 내내 보냈어요.
1206.SBE	4	그리고 그런 건 지겨워요. 전 담배가 피우고 싶어요.
1206.SBE	5	고마워요.
1206.SBE	6	아까 거기서 무슨 일이 있었죠?
1206.SBE	7	러시아어를 하세요?
1206.SBE	8	조금요.
1206.SBE	9	어머니가 가르쳐주실 수 있었던 것뿐이죠.
1206.SBE	10	재미있네요! 러시아어를 하는 미국인이라니.
1206.SBE	11	그럼 그 남자가 제 할아버지께 한 끔찍한 말도 들으셨겠네요.
1206.SBE	12	그 사람은 누구죠?
1206.SBE	13	이름은 알렉세이예요. 저희는 함께 자랐어요.
1206.SBE	14	우리는 오데사에서 매년 여름 함께 놀곤 했어요.
1206.SBE	15	왜 그가 제 할아버지와 다투려는지 이해가 안 가요.
1206.SBE	16	정말 유치하죠.
1206.SBE	17	글쎄요, 그도 철들겠죠. 당신처럼요.
1206A.SBE	0	성냥 있나요?
1206A.SBE	1	담배 피우기엔 너무 어린 거 아닌가요?
1206A.SBE	2	무슈, 저는 어린애가 아니에요!
1206A.SBE	3	이번 철은 파리에서 내내 보냈어요.
1206A.SBE	4	그리고 그런 건 지겨워요. 전 담배가 피우고 싶어요.
1206A.SBE	5	고마워요.
1208.SBE	0	이거 읽어주실 수 있나요?
1208.SBE	1	불새예요. 정말 아름답죠. 불타는 꼬리를 보세요.
1208.SBE	2	이건 어디서 난 거죠?
1208.SBE	3	아, 그건 제 친구 거예요.
1208.SBE	4	뭐라고 쓰여 있죠?
1208.SBE	5	아이들을 위한 시예요.
1208.SBE	6	이반 왕자와 불새에 관한 이야기예요.
1208.SBE	7	원하시면 번역본을 적어서 아침에 드릴게요.
1208.SBE	8	고마워요, 타티아나.
1208.SBE	9	천만에요. 안녕히 주무세요.
1210.SBE	0	비켜 주세요, 저는 의사입니다.
1210.SBE	1	물을 끓이세요.
1210.SBE	2	바실리!
1210.SBE	3	뭘 하시는 거요? 의사라는 사람이 이래도 되오?
1210.SBE	4	저 사람 말 듣지 마요. 무슨 말 하는지도 몰라요.
1210.SBE	5	바실리 알렉산드로비치!
1210.SBE	6	당신은 누구요?
1210.SBE	7	그건 저쪽에 내려놓으세요.
1210.SBE	8	이걸 차로 달여서 네 시간마다 한 잔씩 드리세요. 할 수 있겠죠?
1210.SBE	9	네.
1210.SBE	10	(도대체 저분이 왜 저러는 거지)
1210.SBE	11	우린 나갑시다. 이분은 주무시게요.
1210.SBE	12	미스 타티아나, 잠깐 말씀 나눌 수 있을까요?
1211.SBE	0	좋은 아침이에요. 할아버지는 좀 어떠세요?
1211.SBE	1	주무세요.
1211.SBE	2	좋아요. 차는 잊지 마세요.
1211.SBE	3	잊지 않을게요.
1211.SBE	4	당신이 해준 일에 감사드리고 싶어요.
1211.SBE	5	당신이 없었다면 제가 어땠을지 모르겠어요.
1211.SBE	6	오랫동안 편찮으셨나요?
1211.SBE	7	모르겠어요. 저는 프랑스에서 지내왔거든요.
1211.SBE	8	할아버지가 저를 러시아로 데려가려고 오셨는데, 편찮으신 건 알았지만...
1211.SBE	9	당신 시를 적어왔어요.
1211.SBE	10	고마워요, 타티아나.
1211.SBE	11	실례합니다.
1212.SBE	0	좋은 아침이에요. 할아버지는 좀 어떠세요?
1212.SBE	1	주무세요.
1212.SBE	2	좋아요. 차는 잊지 마세요.
1212.SBE	3	잊지 않을게요.
1212.SBE	4	당신이 해준 일에 감사드리고 싶어요.
1212.SBE	5	당신이 없었다면 제가 어땠을지 모르겠어요.
1212.SBE	6	오랫동안 편찮으셨나요?
1212.SBE	7	모르겠어요. 저는 프랑스에서 지내왔거든요.
1212.SBE	8	할아버지가 저를 러시아로 데려가려고 오셨는데, 편찮으신 건 알았지만...
1212.SBE	9	제가 은혜를 갚을 방법이 있을까요? 꼭 말씀해 주세요.
1213.SBE	0	이거 읽어주실 수 있나요?
1213.SBE	1	불새예요. 정말 아름답죠. 불타는 꼬리를 보세요.
1213.SBE	2	이건 어디서 난 거죠?
1213.SBE	3	아, 그건 제 친구 거예요.
1213.SBE	4	뭐라고 쓰여 있죠?
1213.SBE	5	아이들을 위한 시예요.
1213.SBE	6	이반 왕자와 불새에 관한 이야기예요.
1213.SBE	7	원하시면 번역본을 적어서 오늘 오후에 드릴게요.
1213.SBE	8	고마워요, 타티아나.
1213.SBE	9	실례합니다.
1213A.SBE	0	실례합니다.
1215.SBE	0	여기서 뭐 하고 있죠?
1215.SBE	1	그거 이리 줘요.
1215.SBE	2	타티아나, 너 이건 갖고 있으면 안 돼.
1215.SBE	3	돌려주지 않으면 차장을 부를 거예요.
1215.SBE	4	그리고 당신을 열차에서 쫓아내게 할 거예요.
1215.SBE	5	내놔요.
1215.SBE	6	이제 나가요.
1216.SBE	0	- 뭐... - 타티아나,
1216.SBE	1	점심 먹고 할아버지께 차 드렸니?
1216.SBE	2	네.
1216.SBE	3	잊지 마, 3시간마다야.
1219.SBE	0	그래, 내 꿈에 나온 게 바로 너였구나!
1219.SBE	1	자, 가져가!
1219.SBE	2	어쩌면 네게 노래해 줄지도 모르지!
1222.SBE	0	무슈, 잠깐 말씀 나눠도 될까요?
1222.SBE	1	물론이죠, 들어오세요.
1222.SBE	2	당신은 제 할아버지께 정말 친절하셨어요.
1222.SBE	3	어떻게 말을 꺼내야 할지 모르겠어요.
1222.SBE	4	더 나빠지셨나요?
1222.SBE	5	아뇨. 알렉세이예요.
1222.SBE	6	부다페스트에서 열차를 내려 자기와 함께 떠나자고 했어요.
1222.SBE	7	뭐라고 했죠?
1222.SBE	8	제가 뭐라고 했을 것 같아요?
1222.SBE	9	할아버지가 편찮으신데, 제가 어떻게 떠나요?
1222.SBE	10	그건 잘못된 일이겠죠, 그렇죠?
1222.SBE	11	알렉세이는 낭만주의자예요. 내가 늘 뭐라고 하는지 아시죠.
1222.SBE	12	낭만주의자란 평생 멋지게 죽을 방법만 찾는 사람이에요.
1222.SBE	13	제가 '안 된다'고 하자, 그가 말도 안 되는 소리를 하기 시작했어요.
1222.SBE	14	그는 제가 세상과 이어진 유일한 끈이라고 했어요.
1222.SBE	15	그리고 제가 같이 가지 않으면 자기 인생은 아무 의미가 없다고요.
1222.SBE	16	당신은 그 사람을 몰라요.
1222.SBE	17	그가 정말 무모한 짓을 할 것 같아요.
1222.SBE	18	그는 폭탄으로 제 할아버지를 죽이려 했어요.
1222.SBE	19	그랬다면 열차를 날려 수십 명의 무고한 사람을 죽였을 거예요.
1222.SBE	20	폭탄이라고요? 무슨 폭탄이죠?
1222.SBE	21	그가 직접 만들었어요.
1222.SBE	22	몇 주째 그걸 계획해 왔어요.
1222.SBE	23	물론 제가 말려서 포기하게 했죠. 하지만 이제는 무서워요.
1222.SBE	24	그가 무슨 짓을 할지 모르겠어요. 전 그를 너무 사랑해요...
1222.SBE	25	제가 할 수 있는 걸 해볼게요.
1222.SBE	26	정말요? 아, 고마워요, 무슈. 정말 고마워요.
1223.SBE	0	받지 마요.
1223.SBE	1	받아야 해요.
1223.SBE	2	바실리 알렉산드로비치, 이게 우리의 마지막 만남이오.
1223.SBE	3	안 돼!
1223.SBE	4	할아버지, 조심하세요! 저 사람이 할아버지를 죽이려 해요!
1223.SBE	5	아뇨, 아뇨... 당신은 이해 못 해요!
1224.SBE	0	...내 목숨을 노린 시도가 있을 거야...
1224.SBE	1	...살인자들이 러시아에서부터 줄곧 나를 쫓아왔어...
1224.SBE	2	...나는 죽음이 두렵지 않아...
1224.SBE	3	...나는 늘 우리 교회의 계율을 따랐어...
1224.SBE	4	타티아나...
1224.SBE	5	...여기서... 떠나...
1224.SBE	6	...시계...
1224.SBE	7	무정부주의 만세!
1225.SBE	0	무슈, 부탁입니다. 이 광기를 멈춰주세요!
1225.SBE	1	이 승객들의 목숨이 달려 있소.
1225.SBE	2	저 사람들은 죄 없는 사람들이오!
1225.SBE	3	진정하시오. 숨만 낭비하겠소.
1225.SBE	4	당신은 그 산적들 패거리와 한통속이 아니오.
1225.SBE	5	그 산적들은 죽었소.
1225.SBE	6	한 명만 빼고 모두요.
1225.SBE	7	그는 어디 있소?
1225.SBE	8	지금 그가 열차를 몰고 있소.
1225.SBE	9	신사 숙녀 여러분.
1225.SBE	10	모두 식당차에서 나가 주시고
1225.SBE	11	침대차로 돌아가 주십시오...
1225.SBE	12	무슨 일이 벌어지는지 당장 말해 주시오!
1225.SBE	13	무슈, 부탁드립니다. 선생님 안전을 위한 일입니다.
1225.SBE	14	각하, 객실까지 모셔다드려도 되겠습니까?
1225.SBE	15	저와 손녀는 콘스탄티노플로 가는 중이고,
1225.SBE	16	그리고 콘스탄티노플에서 오데사로 갑니다.
1225.SBE	17	네, 물론입니다. 하지만 침대차가 더 편하지 않으시겠습니까?
1225.SBE	18	다른 승객들과 함께 말이오?
1225.SBE	19	저 승객들은 콘스탄티노플에 절대 도착하지 못할 거요.
1225.SBE	20	들으시오. 다른 승객들 쪽을 좀 살펴보지 않겠소?
1225.SBE	21	난 좀 남아서 상황을 지켜보겠소.
1227.SBE	0	그 애는 당신 말을 못 들어요.
1227.SBE	1	가엾은 내 나비야.
1227.SBE	2	곧, 정말 곧이면 강가의 큰 집으로 돌아가게 될 거야.
1227.SBE	3	달라진 건 아무것도 없어. 모든 게 예전 그대로야. 네가 기억하는 그대로.
1227.SBE	4	모두 거기서 우리를 맞아줄 거야.
1227.SBE	5	다리야 필리포브나... 네 옛 유모 아가피야 미하일로브나...
1227.SBE	6	...요한 영감님도 계실 거야. 요한 기억하지?
1227.SBE	7	죽었어. 모두 죽었어.
1227.SBE	8	불새.
1227A.SBE	0	그 애는 당신 말을 못 들어요.
1227A.SBE	1	가엾은 내 나비야.
1227A.SBE	2	곧, 정말 곧이면 강가의 큰 집으로 돌아가게 될 거야.
1227A.SBE	3	달라진 건 아무것도 없어. 모든 게 예전 그대로야. 네가 기억하는 그대로.
1227A.SBE	4	모두 거기서 우리를 맞아줄 거야.
1227A.SBE	5	다리야 필리포브나... 네 옛 유모 아가피야 미하일로브나...
1227A.SBE	6	...요한 영감님도 계실 거야. 요한 기억하지?
1227A.SBE	7	죽었어. 모두 죽었어.
1227A.SBE	8	불새.
1303.SBE	0	노크할 필요 없소. 다들 그러듯 그냥 들어오니까.
1303.SBE	1	당신은 누구요?
1303.SBE	2	여긴 내 객실이오. 당신은 누구요?
1303.SBE	3	여긴 타일러 휘트니의 객실이오.
1303.SBE	4	타일러는 어디 있소?
1303.SBE	5	살인자!
1303N.SBE	0	노크할 필요 없소. 다들 그러듯 그냥 들어오니까.
1303N.SBE	1	당신은 누구요?
1303N.SBE	2	여긴 내 객실이오. 당신은 누구요?
1303N.SBE	3	여긴 타일러 휘트니의 객실이오.
1303N.SBE	4	타일러는 어디 있소?
1303N.SBE	5	살인자!
1304.SBE	0	당신은 누구요?
1304.SBE	1	여긴 내 객실이오. 당신은 누구요?
1304.SBE	2	여긴 타일러 휘트니의 객실이오.
1304.SBE	3	타일러는 어디 있소?
1304.SBE	4	살인자!
1304N.SBE	0	당신은 누구요?
1304N.SBE	1	여긴 내 객실이오. 당신은 누구요?
1304N.SBE	2	여긴 타일러 휘트니의 객실이오.
1304N.SBE	3	타일러는 어디 있소?
1304N.SBE	4	살인자!
1305.SBE	0	막 말하려던 참인데, 내가 그를 죽인 건 아니오.
1305.SBE	1	당신은 누구요?
1305.SBE	2	제 이름은 로버트 캐스입니다.
1305.SBE	3	그러니까 당신이 캐스였군. 타일러가 당신 얘길 했소.
1305.SBE	4	그는 당신이 자기에게 화가 났다고 두려워했소.
1305.SBE	5	그가 그런 걱정을 할 필요는 없었소. 그건 오래전 일이오.
1305.SBE	6	무슨 일인지 제대로 말해주는 게 좋겠소.
1305.SBE	7	타일러가 아우구스트 슈미트라는 자와 만났소. 그건 무슨 일이오?
1305.SBE	8	금은 어디 있소?
1305.SBE	9	무슨 금이오? 난 나무 상자 하나와 엉망이 된 방만 봤소.
1305.SBE	10	그럼 우린 진 거요. 이걸 어떻게 장군께 보고하지?
1305.SBE	11	아, 이걸 다른 이들에게 알려야겠군.
1305.SBE	12	무슨 장군이오? 당신과 타일러는 무슨 일에 얽혀 있었소?
1305.SBE	13	이 일은 아무에게도 말하면 안 되오. 아무에게도.
1305.SBE	14	열차 차장에게도 안 된다는 거요?
1305.SBE	15	당신은 경고를 받았소. 츠르나 루카, 검은 손.
1311.SBE	0	밀로시, 우리 얘기 좀 해야겠소.
1311.SBE	1	아우구스트 슈미트는 날 타일러로 알고 있소.
1311.SBE	2	난 이 판을 계속 굴리려고 맞춰준 거요.
1311.SBE	3	이제 이 판의 정체가 뭔지 알고 싶소.
1311.SBE	4	들어오시오. 앉으시오.
1311.SBE	5	'단결 아니면 죽음'을 들어봤소?
1311.SBE	6	물론이지. 하버드 교훈이던가. 아니면 우체국이던가?
1311.SBE	7	'단결 아니면 죽음'은 신성한 맹세요. 츠르나 루카.
1311.SBE	8	우리 모두 그 맹세를 했소. 타일러도.
1311.SBE	9	그는 원래 그런 걸 좋아했소.
1311.SBE	10	그는 이걸 위해 목숨을 바쳤소.
1311.SBE	11	타일러는 겨울에 우리에게 왔소.
1311.SBE	12	우리는 사라예보 북쪽 비엘라슈니차 산에 숨어 있었소.
1311.SBE	13	타일러가 왔을 때 우린 식량도, 총도, 아무것도 없었소.
1311.SBE	14	타일러가 우리에게 총을 가져다줬소.
1311.SBE	15	타일러는 아우구스트 슈미트에게서 뭘 원했소?
1311.SBE	16	타일러는 장군님에게 직접 임무를 받았소.
1311.SBE	17	그건 세르비아 민족의 위대한 보물이었소.
1311.SBE	18	그게 뭐였소?
1311.SBE	19	그건 불새라고 불렸소. 난 본 적이 없소.
1311.SBE	20	타일러는 그걸 금으로 팔아 독일인에게서 총을 사기로 되어 있었소.
1311.SBE	21	독일인이 우리가 금을 잃어버린 걸 알게 되면,
1311.SBE	22	모든 게 끝장이오.
1311.SBE	23	우리가 금을 갖고 있고 총을 사고 싶다고 그에게 전해야 하오.
1311.SBE	24	내가 왜 당신들이 아우구스트 슈미트를 속이는 걸 도와야 하오?
1311.SBE	25	그를 속인다고?
1311.SBE	26	독일인을 속인다는 말을 어떻게 입에 올리오?
1311.SBE	27	독일인들은 우리 땅을 공격하고, 우리 아이들 입에서 양식을 빼앗아 가지.
1311.SBE	28	우리는 우리 땅에서 노예처럼 살고 있소.
1311.SBE	29	타일러는 이걸 이해했소.
1311.SBE	30	당신이 우릴 배신하면, 그가 목숨 바쳐 지킨 대의를 배신하는 거요.
1311.SBE	31	그건 당신들의 대의지, 내 대의는 아니오.
1311.SBE	32	그런데 헤어 슈미트가 말하길, 어떤 물건을
1311.SBE	33	뮌헨에서 열차에 싣는다고 했소.
1311.SBE	34	그럼 이만, 마담.
1312.SBE	0	내 친구.
1312.SBE	1	기적이군.
1312.SBE	2	당신이 우리 총값을 치렀어!
1312.SBE	3	자, 잠깐만.
1312.SBE	4	이제 당신을 알겠소.
1312.SBE	5	당신은 우릴 안 돕는다면서 결국은 도와.
1312.SBE	6	당신은 슬라브인 같아. 우리 편이야!
1312D.SBE	0	내 친구.
1312D.SBE	1	기적이군.
1312D.SBE	2	당신이 우리 총값을 치렀어!
1312D.SBE	3	자, 잠깐만.
1312D.SBE	4	이제 당신을 알겠소.
1312D.SBE	5	당신은 우릴 안 돕는다면서 결국은 도와.
1312D.SBE	6	당신은 슬라브인 같아. 우리 편이야!
1313.SBE	0	들어오시오.
1313.SBE	1	당신이 와 있어서 좋소.
1313.SBE	2	우린 세워야 할 계획이 많소.
1313.SBE	3	당신 계획은 당신 사정이오.
1313.SBE	4	타일러 얘길 하고 싶소.
1313.SBE	5	당신이 누가 그를 죽였다고 생각하는지 알고 싶소.
1313.SBE	6	앉으시오.
1313.SBE	7	한잔합시다.
1313.SBE	8	말해주겠소. 파리를 떠날 때부터 타일러에게 뭔가 이상함이 있었소.
1313.SBE	9	내게는 아무 말도 하지 않았소.
1313.SBE	10	하지만 그는 겁먹은 사람 같았소. 늘 뒤를 돌아봤지.
1313.SBE	11	그건 타일러답지 않소. 난 편지에 뭔가 이상한 기운이 있다고 느꼈소.
1313.SBE	12	그가 뭔가를 두려워했다고 말했잖소.
1313.SBE	13	그에겐 그림자가 드리워져 있었소.
1313.SBE	14	그의 눈을 들여다보면, 죽음의 눈빛이 있었소.
1313.SBE	15	얼굴엔 자국이 있었소. 칼에 그인 듯한 세 줄이.
1313.SBE	16	내 부하들 짓이 아니오. 난 타일러를 친형제처럼 아꼈소.
1313.SBE	17	누가 그를 죽였는지 알게 되면 내 손으로 갈기갈기 찢어놓겠소.
1313.SBE	18	마시오.
1313.SBE	19	그걸 하기엔 아직 이른 시간인데요. 나중에 봅시다, 밀로시.
1313.SBE	20	안으로 들어오지 그러시오? 더 잘 들릴 거요.
1315.SBE	0	당신은 못 가.
1315.SBE	1	당신이 슬라브인이 아니라는 건 알겠소. 하지만 어떻게 오스트리아를 도울 수 있소?
1315.SBE	2	난 누구도 돕는 게 아니오. 내 주머니엔 콘스탄티노플행 표가 있고
1315.SBE	3	그걸 허비할 생각은 없소.
1315.SBE	4	이게 당신에겐 농담으로 보여?
1315.SBE	5	타일러를 누가 죽였죠?
1315.SBE	6	타일러는 우리의 자유를 위해 목숨을 바쳤어.
1315.SBE	7	그리고 당신! 뭘 믿지? 당신은 아무것도 믿지 않아.
1315.SBE	8	좋아. 속도가 줄고 있어. 이제 삽질은 멈춰도 돼.
1315A.SBE	0	당신은 못 가.
1315A.SBE	1	당신이 슬라브인이 아니라는 건 알겠소. 하지만 어떻게 오스트리아를 도울 수 있소?
1315A.SBE	2	난 누구도 돕는 게 아니오. 내 주머니엔 콘스탄티노플행 표가 있고
1315A.SBE	3	그걸 허비할 생각은 없소.
1315A.SBE	4	이게 당신에겐 농담으로 보여?
1315A.SBE	5	타일러를 누가 죽였죠?
1315A.SBE	6	타일러는 우리의 자유를 위해 목숨을 바쳤어.
1315A.SBE	7	그리고 당신! 뭘 믿지? 당신은 아무것도 믿지 않아.
1315A.SBE	8	좋아. 속도가 줄고 있어. 이제 삽질은 멈춰도 돼.
1401.SBE	0	같이 앉아도 될까요?
1401.SBE	1	물론이죠, 어서 앉으세요.
1401.SBE	2	우리 정식으로 인사한 적은 없는 것 같군요.
1401.SBE	3	조지 애벗입니다.
1401.SBE	4	타일러 휘트니입니다.
1401.SBE	5	정말 궂은 날씨군요.
1401.SBE	6	이 폭풍에서 좀처럼 벗어나질 못하네요. 아마 유럽 전역에 비가 오는 모양입니다.
1401.SBE	7	정말 대단하지 않습니까.
1401.SBE	8	오볼렌스키 가문과 친분이 생기셨다지요?
1401.SBE	9	저도 소개해 주셔야겠어요.
1401.SBE	10	전 러시아에 무척 매료되어 있거든요.
1401.SBE	11	어젯밤엔 꽤 놀라셨겠습니다.
1401.SBE	12	열차장이 당신이 아주 잘 처리했다고 하더군요.
1401.SBE	13	그 다른 러시아 친구 말입니다, 이름이 뭐더라... 혹시 보신 적 있습니까,
1401.SBE	14	그 젊은 친구가 근처를 어슬렁거리는 걸요?
1401.SBE	15	본 기억은 없군요.
1401.SBE	16	그 노인은 제정신이 아닌 것 같더군요.
1401.SBE	17	그래도 그는 오랫동안 차르의 비공식 특사 같은 역할을 해왔지요,
1401.SBE	18	무슨 말인지 아시겠죠.
1401.SBE	19	당신이 의사인 줄은 몰랐군요.
1401.SBE	20	당신은요?
1401.SBE	21	아, 저는 출장 중입니다.
1401.SBE	22	가끔 회사 일로 대륙 쪽에서 처리할 일이 생기면,
1401.SBE	23	제가 출동하는 거죠.
1401.SBE	24	그녀 참 매력적이지 않습니까?
1401.SBE	25	그 바이올리니스트, 미스 볼프 말입니다.
1401.SBE	26	헤어 슈미트와 꽤 잘 지내는 듯하군요.
1401.SBE	27	제 생각엔 그쪽 취향은 아닐 줄 알았는데요.
1401.SBE	28	헤어 슈미트를 여기서 보는 것도 꽤 뜻밖이고요.
1401.SBE	29	독일 본국에서 일손이 모자랄 사람일 텐데,
1401.SBE	30	공장 증산이니 뭐니 해서 말입니다.
1401.SBE	31	독일인들은 참 부지런하죠.
1401.SBE	32	동방에서 무슨 일을 하는지 궁금하군요.
1401.SBE	33	그런데 본인 얘기는 하나도 안 하셨네요. 멀리 가십니까?
1401.SBE	34	콘스탄티노플까지 갑니다.
1401.SBE	35	아, 좋군요. 일 때문입니까, 아니면 휴양입니까?
1401.SBE	36	실은 요양차 가는 길입니다.
1401.SBE	37	그렇죠, 골칫거리만 있다면야 잠시 벗어나는 것도 참 좋지요.
1401.SBE	38	새 기후, 새 지평, 그런 것들 말입니다.
1401.SBE	39	물론 의사인 당신께 굳이 말할 필요는 없겠지만요.
1401.SBE	40	게다가 의사에 미국인이라니, 꽤 흥미로운 우연이네요.
1401.SBE	41	제가 뮌헨에서 탔을 때 경찰이 미국인 의사를 찾고 있더군요,
1401.SBE	42	파리에서 경찰을 따돌리고 달아난 사람 말입니다.
1401.SBE	43	듣자 하니 그자는 아일랜드 광신도들, 자치 운동인가 뭔가와 얽혀 있다더군요,
1401.SBE	44	그 경찰관을 죽인 그 무리요.
1401.SBE	45	신문이 온통 그 이야기였습니다.
1401.SBE	46	아무튼 그 젊은 의사는 꽤 곤란한 처지인 모양이더군요.
1401.SBE	47	신문에 난 걸 다 믿진 마십시오.
1401.SBE	48	아니요, 전 믿는 편입니다. 그게 훨씬 재미있거든요. 뭐, 제 소관은 아닙니다만.
1401.SBE	49	그런데 그 재킷, 소매가 좀 짧아 보이는군요.
1401.SBE	50	프랑스 재단사가 수선해 준 겁니까?
1401.SBE	51	저는... 오볼렌스키 쪽을 좀 살펴보러 가보죠...
1401.SBE	52	예, 물론이죠. 다시 뵙길 기대하겠습니다.
1401.SBE	53	참 유쾌한 분이군.
1402.SBE	0	이런! 객실을 잘못 찾아오신 것 같은데요.
1402.SBE	1	보아하니 우리 둘 다 객실을 잘못 찾았군요.
1402B.SBE	0	이런! 객실을 잘못 찾아오신 것 같은데요.
1402B.SBE	1	보아하니 우리 둘 다 객실을 잘못 찾았군요.
1403.SBE	0	한잔하시겠습니까? 우리 둘이, 남자 대 남자로요.
1403.SBE	1	저는 흡연차에 있겠습니다.
1404.SBE	0	여기 계셨군요. 참 성가신 일이었지요. 뭐, 끝나서 다행입니다.
1404.SBE	1	덕분에 수고를 좀 덜었습니다. 건배.
1404.SBE	2	수고를 덜었다니, 어떻게 말입니까?
1404.SBE	3	무정부주의자 녀석 하나가 열차에 타 있다는 첩보가 돌았거든요,
1404.SBE	4	그 불쌍한 늙은 오볼렌스키를 폭살시키려고 급행열차에 오른 거라더군요.
1404.SBE	5	그래서 회사에서 제가 그자를 찾아낼 수 있는지 보라고 보낸 겁니다,
1404.SBE	6	불상사가 생기기 전에 싹을 잘라버리라고요.
1404.SBE	7	사실 한동안은 그자가 당신인지 헷갈렸습니다.
1404.SBE	8	나요?
1404.SBE	9	표도 없이 가명으로 여행하고 계시니,
1404.SBE	10	제가 의심할 만도 했다는 건 이해하시겠죠.
1404.SBE	11	섭섭하게 생각하진 않으셨으면 합니다.
1404.SBE	12	그건 그렇고, 돌니코프 짐에서 이걸 찾았습니다.
1404.SBE	13	오, 잘하셨군요. 기폭장치라, 아주 좋습니다.
1404.SBE	14	저 친구들이 아무것도 아닌 걸로도 꽤 살벌한 물건을 만들어내는 솜씨는
1404.SBE	15	정말 놀랍습니다.
1404.SBE	16	말이 나와서 그런데, 다이너마이트는 못 찾으셨겠죠?
1404.SBE	17	다이너마이트요? 무슨 다이너마이트를 말합니까?
1405.SBE	0	아무튼, 잘하셨습니다.
1405.SBE	1	그럼 이제 한잔하시죠?
1406.SBE	0	여기 계셨군요. 참 성가신 일이었지요. 뭐, 끝나서 다행입니다.
1406.SBE	1	덕분에 수고를 좀 덜었습니다. 건배.
1406.SBE	2	수고를 덜었다니, 어떻게 말입니까?
1406.SBE	3	무정부주의자 녀석 하나가 열차에 타 있다는 첩보가 돌았거든요,
1406.SBE	4	그 불쌍한 늙은 오볼렌스키를 폭살시키려고 급행열차에 오른 거라더군요.
1406.SBE	5	그래서 회사에서 제가 그자를 찾아낼 수 있는지 보라고 보낸 겁니다,
1406.SBE	6	불상사가 생기기 전에 싹을 잘라버리라고요.
1406.SBE	7	사실 한동안은 그자가 당신인지 헷갈렸습니다.
1406.SBE	8	나요?
1406.SBE	9	표도 없이 가명으로 여행하고 계시니,
1406.SBE	10	제가 의심할 만도 했다는 건 이해하시겠죠.
1406.SBE	11	섭섭하게 생각하진 않으셨으면 합니다.
1406.SBE	12	섭섭한 마음은 없습니다.
1406.SBE	13	폭탄 찾아낸 건 정말 잘하셨습니다.
1406.SBE	14	혹시 이런 쪽 일에 좀 더 본격적으로 관심 가져볼 생각은 없습니까?
1406.SBE	15	무슨 쪽 말입니까?
1406.SBE	16	당신처럼 눈치 빠른 분이라면 유럽이 전쟁 직전이라는 걸 아실 텐데요.
1406.SBE	17	영국과 미국은 몇 가지... 공통된 이해관계가 있습니다.
1406.SBE	18	사정에 밝고 위기에서 침착한 미국인이라면,
1406.SBE	19	솔직히 당신 같은 인물이 필요합니다.
1406.SBE	20	영국 경찰 생각은 다른 모양이던데요.
1406.SBE	21	아, 그 아일랜드 경찰 건 말이군요. 좀 껄끄러운 사건이었죠.
1406.SBE	22	실은 제가 그 건을 들여다봤습니다만,
1406.SBE	23	그자가 다쳤더라도, 그자를 도운 건 분명 좋지 않았죠.
1406.SBE	24	우리 경찰은 동료 경찰이 죽는 일에 특히 예민하거든요.
1406.SBE	25	하지만 이번 건은 약간의 오해가 있었던 것 같기도 합니다.
1406.SBE	26	무슨 말인지 아시겠지만, 연루됐다는 이유만으로 죄를 뒤집어쓴 셈이지요.
1406.SBE	27	사실 당신은 의사고, 히포크라테스 선서니 뭐니 하는 게 있잖습니까.
1406.SBE	28	우리가 마음만 먹는다면, 이 일은 꽤 쉽게 정리할 수 있다고 봅니다.
1406.SBE	29	그러니까 당신이 마음만 먹으면 된다는 말이군요.
1406.SBE	30	미스터 캐스, 당신이 우리 눈에 띈 게 이번이 처음은 아닙니다.
1406.SBE	31	우린 당신을 어떻게 봐야 할지 늘 확신이 없었습니다.
1406.SBE	32	우리 중 일부는 당신을 통제 안 되는 위험한 인물로 보기도 했죠.
1406.SBE	33	당신 친구 미스터 휘트니처럼, 그에게도 불행한 일이 있었죠.
1406.SBE	34	난 늘, 막판에 가면
1406.SBE	35	당신도 우리 쪽 사람이 될 거라고 생각했는데, 어떻게 생각합니까?
1406.SBE	36	미안해요, 애벗. 난 어디 소속되는 체질이 아니오.
1406.SBE	37	그 제안은 아직 유효하다는 것만 기억해두시오.
1406.SBE	38	세상은 변하고 있고, 결국 어느 편에 설지는 정해야 합니다.
1406.SBE	39	그리고 때로는 상황이 너무 빨리 바뀌어 어느 쪽이 어느 쪽인지 구분하기조차 어렵죠.
1406.SBE	40	하지만 유감스럽게도,
1406.SBE	41	가끔은 결국 '우리 편이냐 적이냐' 문제로 귀결되기도 하오.
1406.SBE	42	무슨 말인지 아시겠죠.
1406.SBE	43	명심하죠. 실례하겠습니다.
1501.SBE	0	실례합니다, 무슈.
1501.SBE	1	여긴 마지막 침대차입니다.
1501.SBE	2	식당차를 찾으시면 두 칸 앞입니다.
1501.SBE	3	그냥 열차 끝까지 좀 걸어보려던 겁니다.
1501.SBE	4	이 객차 뒤에도 한 칸 더 있지 않나요?
1501.SBE	5	네, 하지만 개인 객차입니다.
1501.SBE	6	정말 죄송합니다, 무슈.
1501A.SBE	0	실례합니다, 무슈.
1501A.SBE	1	여긴 마지막 침대차입니다.
1501A.SBE	2	식당차를 찾으시면 두 칸 앞입니다.
1501A.SBE	3	그냥 열차 끝까지 좀 걸어보려던 겁니다.
1501A.SBE	4	이 객차 뒤에도 한 칸 더 있지 않나요?
1501A.SBE	5	네, 하지만 개인 객차입니다.
1501A.SBE	6	정말 죄송합니다, 무슈.
1502.SBE	0	무슈 휘트니, 실례합니다.
1502.SBE	1	각하께서 개인 객차에서 당신을 뵙길 원하십니다.
1502.SBE	2	각하라고요?
1502.SBE	3	예, 무슈. 당신을 기다리고 계십니다.
1502A.SBE	0	무슈 휘트니, 실례합니다.
1502A.SBE	1	각하께서 개인 객차에서 당신을 뵙길 원하십니다.
1502A.SBE	2	각하라고요?
1502A.SBE	3	예, 무슈. 당신을 기다리고 계십니다.
1502D.SBE	0	무슈 휘트니, 실례합니다.
1502D.SBE	1	각하께서 개인 객차에서 당신을 뵙길 원하십니다.
1502D.SBE	2	각하라고요?
1502D.SBE	3	예, 무슈. 당신을 기다리고 계십니다.
1503.SBE	0	실례합니다, 무슈. 재킷에 그건 뭡니까?
1504.SBE	0	세상에, 무슨 일입니까?
1504.SBE	1	네?
1504.SBE	2	피가 온몸에 묻어 있잖아요.
1505.SBE	0	세상에!
1505A.SBE	0	세상에!
1506.SBE	0	잠깐만요.
1506.SBE	1	예, 무슈?
1506.SBE	2	침대 정리는 하지 마세요.
1506.SBE	3	그냥 이대로 두는 편이 제가 잠들기 더 편합니다.
1506.SBE	4	무슈도 저희 침대가 얼마나 편한지 놀라실 겁니다.
1506.SBE	5	기차에서는 절대 잠 못 잔다던 분들도 막상 자보면...
1506.SBE	6	그대로 두라고 했잖아!
1506.SBE	7	물론입니다, 무슈. 원하시는 대로 하겠습니다.
1506.SBE	8	편안한 밤 되십시오, 무슈.
1508.SBE	0	실례합니다, 선생. 여권을 보여주시겠습니까?
1508.SBE	1	무슨 일입니까?
1508.SBE	2	미국인인가?
1508.SBE	3	맞소. 그게 왜?
1508.SBE	4	인상착의와 일치합니다.
1508.SBE	5	무슈, 법에 따라 저희와 함께 가주셔야겠습니다.
1509.SBE	0	무슈, 도와드릴까요?
1509.SBE	1	예, 제 여행가방에서 물건 좀 꺼내고 싶습니다.
1509.SBE	2	수하물차는 승객 출입 금지입니다.
1509.SBE	3	여행 중에는 여행가방을 열 수 없습니다.
1509.SBE	4	당신도 못 연다는 겁니까?
1509.SBE	5	수하물칸은 봉인되어 있습니다, 무슈.
1509.SBE	6	이 제도 덕분에 오리엔트 특급 승객들은
1509.SBE	7	번거로운 세관 검사를 피할 수 있습니다.
1509.SBE	8	이제 승객 객차로 돌아가 주셔야겠습니다.
1509A.SBE	0	무슈, 도와드릴까요?
1509A.SBE	1	예, 제 여행가방에서 물건 좀 꺼내고 싶습니다.
1509A.SBE	2	수하물차는 승객 출입 금지입니다.
1509A.SBE	3	여행 중에는 여행가방을 열 수 없습니다.
1509A.SBE	4	당신도 못 연다는 겁니까?
1509A.SBE	5	수하물칸은 봉인되어 있습니다, 무슈.
1509A.SBE	6	이 제도 덕분에 오리엔트 특급 승객들은
1509A.SBE	7	번거로운 세관 검사를 피할 수 있습니다.
1509A.SBE	8	이제 승객 객차로 돌아가 주셔야겠습니다.
1509AN.SBE	0	무슈, 도와드릴까요?
1509AN.SBE	1	예, 제 여행가방에서 물건 좀 꺼내고 싶습니다.
1509AN.SBE	2	수하물차는 승객 출입 금지입니다.
1509AN.SBE	3	여행 중에는 여행가방을 열 수 없습니다.
1509AN.SBE	4	당신도 못 연다는 겁니까?
1509AN.SBE	5	수하물칸은 봉인되어 있습니다, 무슈.
1509AN.SBE	6	이 제도 덕분에 오리엔트 특급 승객들은
1509AN.SBE	7	번거로운 세관 검사를 피할 수 있습니다.
1509AN.SBE	8	이제 승객 객차로 돌아가 주셔야겠습니다.
1509AS.SBE	0	무슈, 도와드릴까요?
1509BN.SBE	0	무슈, 도와드릴까요?
1509N.SBE	0	무슈, 도와드릴까요?
1509N.SBE	1	예, 제 여행가방에서 물건 좀 꺼내고 싶습니다.
1509N.SBE	2	수하물차는 승객 출입 금지입니다.
1509N.SBE	3	여행 중에는 여행가방을 열 수 없습니다.
1509N.SBE	4	당신도 못 연다는 겁니까?
1509N.SBE	5	수하물칸은 봉인되어 있습니다, 무슈.
1509N.SBE	6	이 제도 덕분에 오리엔트 특급 승객들은
1509N.SBE	7	번거로운 세관 검사를 피할 수 있습니다.
1509N.SBE	8	이제 승객 객차로 돌아가 주셔야겠습니다.
1509S.SBE	0	무슈, 도와드릴까요?
1509SN.SBE	0	무슈, 도와드릴까요?
1511.SBE	0	실례합니다. 타일러 휘트니 객실이 몇 번인지 알려주시겠습니까?
1511.SBE	1	아, 무슈 휘트니, 실례했습니다. 당신 객실은 1번입니다.
1511A.SBE	0	실례합니다. 타일러 휘트니 객실이 몇 번인지 알려주시겠습니까?
1511A.SBE	1	아, 무슈 휘트니, 실례했습니다. 당신 객실은 1번입니다.
1511B.SBE	0	예, 무슈?
1511B.SBE	1	죄송합니다. 실수로 호출 버튼을 눌렀나 봅니다.
1511B.SBE	2	알겠습니다, 무슈.
1511BA.SBE	0	예, 무슈?
1511BA.SBE	1	죄송합니다. 실수로 호출 버튼을 눌렀나 봅니다.
1511BA.SBE	2	알겠습니다, 무슈.
1511C.SBE	0	실례합니다, 저를 찾으셨습니까?
1511C.SBE	1	아, 무슈 휘트니, 실례합니다. 못 알아봤습니다.
1511C.SBE	2	헤어 슈미트가 식당차에서 기다리고 있습니다.
1511D.SBE	0	무슈 휘트니, 헤어 슈미트가 식당차에서 기다리고 있습니다.
1511E.SBE	0	실례합니다. 타일러 휘트니 객실이 어디인지 알려주시겠습니까?
1511E.SBE	1	그 미국 신사라면 첫 번째 침대차에 있습니다.
1512.SBE	0	아, 무슈 휘트니.
1512.SBE	1	크로노스 공께서 개인 객차에서 열리는 연주회에 당신을 초대하고 싶어 하십니다.
1512.SBE	2	마담 볼프가 바이올린을 연주할 겁니다.
1512.SBE	3	거기에 제가 와 있길 원한다고요?
1512.SBE	4	예, 무슈. 세 시입니다.
1512.SBE	5	각하께서 꼭 참석하시길 강하게 바라셨습니다.
1513.SBE	0	잠깐만요.
1513.SBE	1	거긴 어떻게 들어간 거요?
1513.SBE	2	쉿. 무슈 오볼렌스키는 주무시는 중입니다. 방해받아선 안 됩니다.
1513.SBE	3	네, 선생님.
1518.SBE	0	죄송합니다. 문을 잘못 열었습니다.
1518A.SBE	0	죄송합니다. 문을 잘못 열었습니다.
1518B.SBE	0	죄송합니다. 문을 잘못 열었습니다.
1591.SBE	0	실례합니다, 무슈. 식당차로 다시 모셔다드릴까요?
1592.SBE	0	무슈, 수하물차는 출입 금지입니다. 식당차로 돌아가 주십시오.
1593.SBE	0	무슈, 도와드릴까요?
1594.SBE	0	무슈, 여기서 무엇 하십니까?
1601.SBE	0	파리, 1914년 7월 24일
1601.SBE	1	신사 숙녀 여러분, 주목해 주십시오.
1601.SBE	2	오리엔트 특급열차가 지금 출발합니다.
1601.SBE	3	스트라스부르, 뮌헨, 비엔나, 부다페스트, 베오그라드, 소피아, 콘스탄티노플행입니다.
1601.SBE	4	모든 승객께서는 탑승해 주십시오.
1603.SBE	0	한번 노래하게 해보지 그래?
1603.SBE	1	스트라스부르, 오전 3시 38분
1610.SBE	0	세상에!
1611.SBE	0	이 트렁크들은 전부 당장 내려야 해요.
1611.SBE	1	조심하세요! 이 트렁크는 매우 깨지기 쉬워요!
1611.SBE	2	뒤쪽 것도 잊지 마요! 이 세 개랑 저것도요.
1612.SBE	0	부디 이 꽤 무거운 서류가방을 감사의 표시로 받아주십시오.
1612.SBE	1	거래하게 되어 즐거웠습니다, 미스터 휘트니.
1615.SBE	0	꽃이요! 아가씨, 꽃 한 송이 어떠세요? 꽃이요!
1615.SBE	1	좋은 하루 되세요.
1615.SBE	2	노란 장미 한 송이 주세요.
1615.SBE	3	아가씨를 위한 아름다운 노란 장미입니다.
1615.SBE	4	속보! 속보! 오후 신문 나왔습니다!
1615.SBE	5	세르비아가 오스트리아에 회답! 자세한 소식 읽어보세요!
1702.SBE	0	잠깐!
1702.SBE	1	거기 뭐 들고 있니?
1702.SBE	2	내가 찾았어, 내 거야!
1702DD.SBE	0	잠깐!
1702DD.SBE	1	거기 뭐 들고 있니?
1702DD.SBE	2	내가 찾았어, 내 거야!
1702ND.SBE	0	잠깐!
1702ND.SBE	1	거기 뭐 들고 있니?
1702ND.SBE	2	내가 찾았어, 내 거야!
1702NU.SBE	0	잠깐!
1702NU.SBE	1	거기 뭐 들고 있니?
1702NU.SBE	2	내가 찾았어, 내 거야!
1704.SBE	0	이봐, 꼬마.
1704.SBE	1	이것 좀 봐.
1704.SBE	2	그거 나한테 줄래?
1704.SBE	3	싫어. 내가 찾았어. 내 거야.
1704D.SBE	0	이봐, 꼬마.
1704D.SBE	1	이것 좀 봐.
1704D.SBE	2	그거 나한테 줄래?
1704D.SBE	3	싫어. 내가 찾았어. 내 거야.
1705.SBE	0	교환하자.
1705.SBE	1	좋아. 네가 원하면.
1705.SBE	2	지금 자고 있어. 이제 더는 못 걸어.
1705D.SBE	0	교환하자.
1705D.SBE	1	좋아. 네가 원하면.
1705D.SBE	2	지금 자고 있어. 이제 더는 못 걸어.
1706.SBE	0	이봐, 꼬마.
1706.SBE	1	이것 좀 봐.
1706DD.SBE	0	이봐, 꼬마.
1706DD.SBE	1	이것 좀 봐.
1706ND.SBE	0	이봐, 꼬마.
1706ND.SBE	1	이것 좀 봐.
1706NU.SBE	0	이봐, 꼬마.
1706NU.SBE	1	이것 좀 봐.
1901.SBE	0	고마워요.
1901.SBE	1	그리고 이제, 친절히 그걸 열어주시겠습니까.
1902.SBE	0	아, 정말 아름답구나.
1902.SBE	1	무슨 소리지?
1902.SBE	2	창밖을 보세요. 점점 어두워지고 있어요.
1902.SBE	3	그게 대체 뭐죠?
1902.SBE	4	모르시나요?
1902.SBE	5	그건 살아 있는 심장이 뛰는 소리예요.
1902.SBE	6	자, 이제 노래하게 하세요.
1902.SBE	7	차르다스를 연주하세요. 어서!
1902.SBE	8	해가 진다.
1902.SBE	9	이제 됐어요. 알을 닫아주세요.
1902.SBE	10	닫아!
1903.SBE	0	안 돼!
1903.SBE	1	타일러...
1903.SBE	2	뛰어!
1903.SBE	3	타티아나.
1903.SBE	4	그들이 총을 가져가게 두면 안 돼요. 더는 전쟁이 있어선 안 돼요.
1903.SBE	5	가요. 지금 당장 절 여기서 데려가 주세요.
1903.SBE	6	저 사람들이 뭐라고 해요? 무슨 일이죠?
1903.SBE	7	전쟁이야!
1903.SBE	8	우릴 갈리폴리까지 데려다줄 선장을 알아요,
1903.SBE	9	거기서 예루살렘행 배를 탈 수 있어요.
1903.SBE	10	그런 눈으로 보지 말아요.
1903.SBE	11	이 전쟁은 한 달도 못 갈 거예요.
1903.SBE	12	끝나는 대로 콘스탄티노플로 갈게요.
1903.SBE	13	전쟁이 끝난 뒤 첫 오리엔트 특급을 타고 갈게요.
1903.SBE	14	다시 못 보게 되더라도, 당신이 찾는 걸 찾길 바라요.
1903.SBE	15	맥스를 부탁해요.
1904.SBE	0	계속 삽질해!
1904.SBE	1	뭐 하는 거야?
1904.SBE	2	미쳤어? 열차를 세워!
1904.SBE	3	당신이 내 친구를 쏘기 전에 내가 말했듯이,
1904.SBE	4	내 주머니엔 콘스탄티노플행 표가 있고, 난 그걸 쓸 생각이야.
1904.SBE	5	콘스탄티노플? 베오그라드도 못 벗어날 거야.
1904.SBE	6	난 베오그라드에 설 생각 없어.
1904.SBE	7	우린 아직 오스트리아 제국 영토 안이오.
1904.SBE	8	황제의 이름으로 명령한다. 열차를 멈춰!
1904.SBE	9	내가 못 쏠 것 같소?
1904.SBE	10	해보시오.
1904.SBE	11	결국 이렇게 만드는군. 제기랄.
1904.SBE	12	그 삽 이리 줘.
1904.SBE	13	보아하니 잘 통제되고 있군. 잘했소.
1904.SBE	14	국경 검문소에 닿기 전에 멈췄으면 좋았을 텐데,
1904.SBE	15	세상 일이 다 뜻대로 되진 않는 법이니.
1904.SBE	16	세르비아군 열차입니다.
1904.SBE	17	저 열차는 조르고비치 장군 열차 같군. 우리를 따라오는 모양이오.
1904.SBE	18	저 열차는 선로가 달라요.
1904.SBE	19	그렇습니까?
1904.SBE	20	당신 말이 맞군.
1904.SBE	21	도대체 저 사람이 뭘 하려는 거지?
1904.SBE	22	저쪽 말로는 우리 선로를 구선로로 바꿨다는군요.
1904.SBE	23	당장 멈춰야 한답니다!
1904.SBE	24	다리가 낡아서 이 무게를 못 견딘답니다!
1904.SBE	25	견뎌야지.
1908A.SBE	0	아이고, 아주 고된 아침을 보내셨겠군요?
1908A.SBE	1	아래로 가서 좀 쉬는 게 어떻습니까?
1908A.SBE	2	여긴 우리끼리도 충분히 돌릴 수 있을 것 같은데, 그렇지요?
1908A.SBE	3	다, 우린 열차를 몰 수 있어.
1909A.SBE	0	실례합니다, 이거 떨어뜨리신 것 같네요.
1909A.SBE	1	제 것이 아닙니다.
1909A.SBE	2	제가 착각했군요. 그럼 누구 건지...
1909B.SBE	0	실례합니다, 이거 떨어뜨리신 것 같네요.
1909B.SBE	1	제 것이 아닙니다.
1909B.SBE	2	제가 착각했군요. 그럼 누구 건지...
1909C.SBE	0	실례합니다, 이거 떨어뜨리신 것 같네요.
1909C.SBE	1	제 것이 아닙니다.
1909C.SBE	2	제가 착각했군요. 그럼 누구 건지...
1910A.SBE	0	실례합니다, 이거 떨어뜨리신 것 같네요.
1910A.SBE	1	제 것이 아닙니다.
1910A.SBE	2	그래도 당신 모노그램 아닌가요?
1910A.SBE	3	볼프의 W요? 아니에요.
1910A.SBE	4	제가 착각했군요.
1910B.SBE	0	실례합니다, 이거 떨어뜨리신 것 같네요.
1910B.SBE	1	제 것이 아닙니다.
1910B.SBE	2	그래도 당신 모노그램 아닌가요?
1910B.SBE	3	볼프의 W요? 아니에요.
1910B.SBE	4	제가 착각했군요.
1910C.SBE	0	실례합니다, 이거 떨어뜨리신 것 같네요.
1910C.SBE	1	제 것이 아닙니다.
1910C.SBE	2	그래도 당신 모노그램 아닌가요?
1910C.SBE	3	볼프의 W요? 아니에요.
1910C.SBE	4	제가 착각했군요.
1911A.SBE	0	- 이 스카프, 정말 당신 것이 아닌가요? - 확실해요.
1911B.SBE	0	- 그 스카프, 정말 당신 것이 아닌가요? - 확실해요.
1911C.SBE	0	- 그 스카프, 정말 당신 것이 아닌가요? - 확실해요.
1912.SBE	0	헤어 휘트니, 곧 뮌헨에 도착합니다.
1912.SBE	1	우리 합의를 진행할 준비가 됐습니까?
1912.SBE	2	대답은 '예'요, 헤어 슈미트. 거래는 계속합니다.
1912.SBE	3	승객 여러분, 안내 말씀드립니다.
1912.SBE	4	신사 숙녀 여러분, 오리엔트 특급열차가 지금
1912.SBE	5	비엔나, 부다페스트, 베오그라드, 소피아, 콘스탄티노플로 출발합니다.
1912.SBE	6	모든 승객께서는 탑승해 주십시오.
1913.SBE	0	결국 콘스탄티노플까지 가게 되겠네요.
1913.SBE	1	축하해요. 당신이 이겼어요.
1913.SBE	2	타일러를 누가 죽였는지 밝히는 건요? 그를 잊은 건 아니죠?
1913.SBE	3	세르비아인 중 하나였을 수도 있고, 마흐무드였을 수도 있죠.
1913.SBE	4	그게 무슨 차이가 있죠?
1913.SBE	5	어차피 다 죽었어요.
1913.SBE	6	난 타일러를 도울 수 없어요. 아무도 못 도와요.
1913.SBE	7	당신 말이 맞았어요. 애초에 이 일에 엮이면 안 됐어요.
1913.SBE	8	당신도 마찬가지고요.
1913.SBE	9	적어도 난 내 나라를 위해 일하고 있어요.
1913.SBE	10	무슨 나라요?
1913.SBE	11	당신은 유대인이고, 독일어를 쓰고, 헝가리 출신이잖아요.
1913.SBE	12	당신의 나라는 대체 어디죠?
1913.SBE	13	아버지는 평생 오스트리아 군대에서 복무하셨어요.
1913.SBE	14	오빠는 전장에서 전사했어요.
1913.SBE	15	그 정도면 스스로를 오스트리아인이라 여길 자격은 충분하다고 생각해요.
1913.SBE	16	황제가 당신의 희생을 알아주길 바라죠.
1913.SBE	17	당신은요?
1913.SBE	18	콘스탄티노플에 도착하면 그다음엔 어디로 갈 건가요?
1913.SBE	19	예루살렘으로요. 거기에 꼭 봐야 할 원고를 가진 사람이 있어요.
1913.SBE	20	나와 함께 갈래요?
1913.SBE	21	그럴 수만 있다면요.
1913.SBE	22	당신 도움 없이도 제국은 한동안 굴러가겠죠, 안 그래요?
1913.SBE	23	진심이에요. 나와 함께 예루살렘으로 가요.
1913.SBE	24	생각해 볼게요.
1913.SBE	25	한 시간이면 콘스탄티노플에 도착할 거예요.
1913.SBE	26	이건 어디서 났어요?
1913.SBE	27	이건... 오래전부터 가지고 있었어요.
1913.SBE	28	이 탑, 전에 본 적 있어요.
1913.SBE	29	어디서요?
1913.SBE	30	잠깐 생각해보면 기억날 거예요.
1913.SBE	31	그냥 반지에 새긴 문양일 뿐이에요.
1913.SBE	32	그렇게 말하는 건 미국인뿐이죠.
1913.SBE	33	가문 문장이에요.
1913.SBE	34	탑도, 손도, 전부 의미가 있어요.
1913.SBE	35	혹시 벼룩시장에서 샀다는 뜻일지도 모르죠.
1913.SBE	36	가지 말아요. 돌아오면 그 탑을 어디서 봤는지 말해줄게요.
1913.SBE	37	어디 가는 거예요?
1913.SBE	38	밖으로요!
1919.SBE	0	한번 노래하게 해보지 그래?
8010.SBE	0	타일러!..
ABB3001.SBE	0	네, 누구죠?
ABB3002.SBE	0	실례합니다, 선생님.
ABB3002A.SBE	0	실례합니다, 선생님.
ABB3002B.SBE	0	네?
ABB3002C.SBE	0	실례합니다, 마담.
ABB3010.SBE	0	아, 실례합니다. 우리 같은 객실을 쓰게 된 모양이군요.
ABB3010.SBE	1	아니, 아니, 일어나지 마십시오.
ABB3010.SBE	2	저는 그냥 여기 앉아 신문이나 읽을 테니 신경 쓰지 마세요.
ABB3010.SBE	3	열차가 꽤 만원인 모양이군요.
ABB3010.SBE	4	객실을 혼자 쓰는 줄 알았는데
ABB3010.SBE	5	막판에 낯선 사람을 들여보내면 정말 성가시죠.
ABB3010.SBE	6	저도 그런 일을 여러 번 겪었습니다.
ABB3010.SBE	7	조지 애벗입니다.
ABB3010.SBE	8	클로드 부타렐입니다.
ABB3010.SBE	9	프랑스 분이시군요?
ABB3010.SBE	10	콘스탄티노플까지 가십니까?
ABB3010.SBE	11	저는 페르시아만 연안의 작은 마을로 가는 길입니다.
ABB3010.SBE	12	아내와 아들과 함께요.
ABB3010.SBE	13	아, 멋지군요!
ABB3010.SBE	14	그럼 옆 객실에서 본 분들이 가족이겠군요.
ABB3010.SBE	15	그럴 가능성이 크지요.
ABB3010.SBE	16	그런데 혹시 빨간 넥타이를 보신 적 있으십니까?
ABB3010.SBE	17	짐을 풀다가 보니 사라졌더군요.
ABB3010.SBE	18	제 아들이 가져간 것 같습니다.
ABB3010.SBE	19	정말?
ABB3010.SBE	20	아까 말씀하신 마을 이름이 뭐였죠?
ABB3010.SBE	21	마스제드에 솔레이만입니다.
ABB3010.SBE	22	아, 그렇군요! 아바단에 새 정유소를 짓고 있는 그곳 말이죠.
ABB3010.SBE	23	설마 앵글로-페르시안 회사에서 일하시는 건 아니겠죠?
ABB3010.SBE	24	왜 안 되죠?
ABB3010.SBE	25	아니, 그게... 프랑스 분이라 당연히 아닐 줄 알았습니다...
ABB3010.SBE	26	저는 기술자입니다, 무슈.
ABB3010.SBE	27	앵글로-페르시안 회사는 석유 탐사 분야에서 가장 혁신적인 연구를 하고 있습니다.
ABB3010.SBE	28	그렇군요. 영국 해군의 연료유가 떨어지면 곤란하겠지요.
ABB3010.SBE	29	그런데 그 작은 마을, 이름이 뭐더라, 거기 매장량이
ABB3010.SBE	30	사람들 말처럼 정말 그렇게 큽니까?
ABB3010.SBE	31	말씀드릴 만한 의견은 없습니다, 무슈.
ABB3010.SBE	32	네, 물론 말씀 못 하시겠죠.
ABB3010.SBE	33	사모님도 대단하시군요. 그렇게 먼 사막까지 따라가시다니.
ABB3010.SBE	34	아내는 저 없이 지내고 싶어 하지 않으니까요.
ABB3010.SBE	35	그리고 프랑수아에게도 좋은 기회가 될 겁니다. 과학적 소질이 아주 뛰어나거든요.
ABB3010.SBE	36	아주 활발한 아이 같더군요.
ABB3010.SBE	37	혹시 제 넥타이 좀 돌려달라고 말씀해 주실 수 있겠습니까?
ABB3010.SBE	38	아, 이제 생각났군요... 그걸 체처럼 쓰고 있던 것 같습니다.
ABB3010.SBE	39	물의 염도를 시험해보려고요.
ABB3010.SBE	40	일곱 살 아이치고는 대단하지 않습니까?
ABB3010.SBE	41	꽤 놀랍습니다.
ABB3010.SBE	42	과학적 정신이 가진 자연스러운 호기심이지요, 무슈.
ABB3010.SBE	43	그렇죠. 그 모든 게 조그만 아이 몸 안에 들어 있다니.
ABB3013.SBE	0	아, 실례합니다.
ABB3013.SBE	1	아니, 일어나지 마세요.
ABB3013.SBE	2	저는 여기 앉아 신문이나 읽겠습니다.
ABB3014.SBE	0	갑자기 아주 조용해졌군요. 다들 어디로 간 걸까요.
ABB3014.SBE	1	승객 대부분이 연주회에 가신 듯합니다, 무슈.
ABB3014.SBE	2	아, 맞다. 그걸 깜빡했군요. 그럼 말이 되네요.
ABB3014.SBE	3	가만 생각해보면 참 놀라운 일이죠.
ABB3014.SBE	4	시속 60마일로 유럽을 달리는 열차 위의 연주회라니, 현대 기술이란 참 대단해요.
ABB3014.SBE	5	그래도 우리 팔자는 여기 앉아 신문 읽는 거군요.
ABB3014.SBE	6	르 피가로를 보셔도 됩니다, 무슈. 흥미로운 기사는 다 읽었거든요.
ABB3014.SBE	7	아, 고마워요.
ABB3014A.SBE	0	또 비가 오는 건가요? 지독한 날씨군.
ABB3014A.SBE	1	비구름은 아직 좀 떨어져 있는 듯합니다, 무슈.
ABB3014A.SBE	2	곧 이쪽으로 오겠지요.
ABB3015.SBE	0	좋은 오후입니다.
ABB3015.SBE	1	무슈, 어서 오십시오.
ABB3015.SBE	2	이쪽으로 오시죠. 여기 구석에 좋은 자리를 마련해 두었습니다.
ABB3015A.SBE	0	- 감사합니다. - 점심 맛있게 드세요, 무슈.
ABB3016.SBE	0	예, 무슈?
ABB3016.SBE	1	에스칼로프가 송아지 커틀릿 같은 거죠?
ABB3016.SBE	2	에스칼로프 뒤 보, 맞습니다, 무슈.
ABB3016.SBE	3	그걸로 하지요. 충분히 익혀 주세요.
ABB3016.SBE	4	알겠습니다, 무슈.
ABB3016A.SBE	0	여기 있습니다, 무슈.
ABB3016A.SBE	1	감사합니다.
ABB3016A.SBE	2	맛있게 드세요, 무슈.
ABB3020.SBE	0	좋은 오후입니다. 합석해도 될까요?
ABB3021.SBE	0	긴 여정은 정말 지루하군요. 런던 노벨 인더스트리의 조지 애벗입니다.
ABB3021.SBE	1	차장과 얘기하시는 걸 들었는데, 억양이 귀에 들어오더군요.
ABB3021.SBE	2	우크라이나 쪽이신가요?
ABB3021.SBE	3	실례가 안 된다면 영어가 흠잡을 데 없으시군요.
ABB3021.SBE	4	영국에서 꽤 오래 지내신 모양입니다.
ABB3021.SBE	5	저도 집에 있을 땐 런던 외곽에 삽니다.
ABB3021.SBE	6	도시는 제겐 너무 번잡하고, 위험하기도 합니다.
ABB3021.SBE	7	지난주 폭탄이 터졌을 때 그곳에 계시진 않았겠지요.
ABB3021.SBE	8	끔찍한 일이었어요. 정말 처참했지요.
ABB3021.SBE	9	시신 조각이 여기저기 흩어져 있고 말입니다.
ABB3021.SBE	10	오데사까지 가신다고 하셨지요?
ABB3021.SBE	11	여쭤보는 건, 저희가 마침
ABB3021.SBE	12	그 지역을 맡을 대리인을 찾고 있어서입니다.
ABB3021.SBE	13	되도록이면 당신처럼 영어와 러시아어가 유창한, 총명한 젊은이라면 좋겠고요.
ABB3021.SBE	14	물론 그런 집안 배경을 가지셨으니,
ABB3021.SBE	15	사업 쪽 진로는 생각해 보신 적 없을 겁니다.
ABB3021.SBE	16	물론 돈 때문에 하실 일도 아니고요.
ABB3021.SBE	17	그래도 결국 당신은 새 세대의 사람 아닙니까.
ABB3021.SBE	18	시골에 틀어박혀
ABB3021.SBE	19	농사나 이런 일만 붙들고 있기엔 아깝지요.
ABB3021.SBE	20	당신 실력이면 말 그대로 근대 러시아를 세우는 데 힘을 보탤 수 있습니다.
ABB3021.SBE	21	러시아가 번영하고 발전하려면 현대 유럽과 손을 잡아야 한다는 데
ABB3021.SBE	22	동의하시겠지요.
ABB3023.SBE	0	실례합니다.
ABB3023.SBE	1	아, 벌써 가셔야 합니까?
ABB3023.SBE	2	아무튼 꼭 생각해 보십시오.
ABB3030.SBE	0	잠깐 다리 좀 풀고 오겠습니다. 실례하지요.
ABB3031.SBE	0	아무래도 제 프랑스어가 예전 같지 않군요.
ABB3031.SBE	1	사실 예전에도 잘하진 못했지요. 흡연칸까지 좀 걸어갔다 와야겠습니다.
ABB3035.SBE	0	실례합니다만, 문득 궁금해서요.
ABB3035.SBE	1	방금 바이올린 켜던 분이 미스 안나 볼프 맞습니까?
ABB3035.SBE	2	네, 무슈. 미스 볼프께서 동행해 주셔서 저희로선 영광입니다.
ABB3035.SBE	3	참 반갑군요. 그럼 뒤쪽 전용 객차는 설마...
ABB3035.SBE	4	크로노스 전하의 객차라는 말이겠지요?
ABB3035.SBE	5	네, 무슈.
ABB3035.SBE	6	흥미롭군요. 그분은 요즘 유럽에 거의 오시지 않는다고 들었는데요.
ABB3035.SBE	7	세상일 알 수 없군요. 오볼렌스키 백작께서 밤사이 꽤 편찮으셨다던데요.
ABB3035.SBE	8	오늘은 훨씬 나으셨습니다, 무슈. 다행히 열차 안에 의사가 있었습니다.
ABB3035.SBE	9	의사라... 러시아 의사는 아니고요?
ABB3035.SBE	10	아닙니다, 선생님. 미국인입니다. 무슈 휘트니요.
ABB3035.SBE	11	흥미롭군요. 그럼 그분이 실제로 백작님을 진료하고 있습니까?
ABB3035.SBE	12	진정제를 처방해 드렸습니다, 무슈.
ABB3035.SBE	13	진정제요?
ABB3035.SBE	14	일종의... 약초차인 듯합니다.
ABB3035.SBE	15	뭐, 본인이 뭘 하는지는 알겠지요. 그래도 어딘가 정식 진료 같진 않군요.
ABB3035.SBE	16	물론 차 한 잔 자체를 문제 삼는 건 아닙니다만,
ABB3035.SBE	17	속이 불편할 때는 꽤 효과가 있지요.
ABB3035.SBE	18	그래도 보통은 이런저런 의료 장비가 있어야
ABB3035.SBE	19	의사 가방이라도 보여야 믿음이 가지 않겠습니까.
ABB3035.SBE	20	환자 신분이 신분이니 말이지요.
ABB3035.SBE	21	휘트니 씨도 짐이 꽤 많겠군요.
ABB3035.SBE	22	무슈?
ABB3035.SBE	23	아, 아시잖습니까. 미국인들은 대개 짐이 많지요.
ABB3035.SBE	24	저로선 말씀드리기 어렵습니다, 무슈.
ABB3035.SBE	25	방금 흡연칸에서 마주친 사람이 그 양반이었나 보군요.
ABB3035.SBE	26	의사치고는 꽤 젊지 않습니까?
ABB3035.SBE	27	네, 젊은 편이십니다.
ABB3035.SBE	28	말씀드리자면, 이 열차에서 흔히 보는 미국인과는 전혀 달라 보이더군요.
ABB3035.SBE	29	돈자랑을 요란하게 하는 그런 부류 말입니다.
ABB3035.SBE	30	오히려 정반대였어요.
ABB3035.SBE	31	그런 젊은 분이 이인실 객실을 잡은 건 꽤 이례적이군요.
ABB3035.SBE	32	요금도 만만치 않은데 말입니다. 안 그렇습니까?
ABB3035.SBE	33	저는 잘 모르겠습니다, 무슈.
ABB3035.SBE	34	뭐, 사생활을 지키고 싶었겠지요. 나쁠 건 없겠습니다.
ABB3035.SBE	35	무슈, 저는 이제 정말 돌아가봐야겠습니다.
ABB3035.SBE	36	아, 물론이지요. 붙잡지는 않겠습니다.
ABB3035.SBE	37	감사합니다, 무슈. 오 르부아르.
ABB3035A.SBE	0	어젯밤 경찰이 열차에 올라탔다던데, 그게 무슨 일입니까?
ABB3035A.SBE	1	아주 이례적인 일이었습니다, 무슈. 프랑스 헌병대였습니다.
ABB3035A.SBE	2	파리 인근 선로에서 시신 하나가 발견됐답니다.
ABB3035A.SBE	3	열차에서 던져진 것으로 보고 있습니다.
ABB3035A.SBE	4	물론 오해였습니다. 저희와는 아무 관련이 없습니다.
ABB3035A.SBE	5	아, 물론 아니지요. 오리엔트 특급에서 살인이라니, 우스운 얘기군요.
ABB3035A.SBE	6	혹시 시신 신원은 확인됐는지 말하던가요?
ABB3035A.SBE	7	외국인이라는 말은 들었습니다, 무슈.
ABB3035A.SBE	8	그래요? 외국인이라... 흥미롭군요.
ABB3040.SBE	0	실례합니다만, 혼자 계신 것 같아서요.
ABB3040.SBE	1	합석해도 되겠습니까?
ABB3040.SBE	2	그러세요.
ABB3040.SBE	3	보통은 생면부지에게 제 쪽에서 말을 붙이지 않습니다만...
ABB3040.SBE	4	혼자 여행하는 처지끼리는 묘한 동지의식이 생기지 않겠습니까.
ABB3040.SBE	5	엠파이어 케미컬스의 조지 애벗입니다.
ABB3040.SBE	6	제 이름은 아우구스트 슈미트입니다.
ABB3040.SBE	7	그 아우구스트 슈미트 말입니까?
ABB3040.SBE	8	신진 실업가, A.B. 슈미트 앤드 코...
ABB3040.SBE	9	군수, 수송, 포병 분야의.
ABB3040.SBE	10	신흥 독일 산업의 총아 중 한 분이지요. 만나 뵙게 되어 정말 반갑습니다.
ABB3040.SBE	11	과찬이십니다.
ABB3040.SBE	12	사실 영국과도 거래가 꽤 있습니다.
ABB3040.SBE	13	그렇지요. 얼마 전에도 귀사에서
ABB3040.SBE	14	얼스터로 소총 4만 정과 탄약 백만 발을 보냈던 걸로 아는데요.
ABB3040.SBE	15	아닙니다... 저희가 아닙니다.
ABB3040.SBE	16	아, 그렇군요. 다른 독일 회사를 떠올렸나 봅니다.
ABB3040.SBE	17	아마 경쟁사 가운데 하나겠지요.
ABB3040.SBE	18	어느 회사든 지금쯤 실망이 크겠군요.
ABB3040.SBE	19	결국 내전까지 가진 않을 모양입니다. 적어도 이번 주는요.
ABB3040.SBE	20	아일랜드의 소요 사태는 참 유감스러운 일입니다.
ABB3040.SBE	21	예, 끔찍하지요. 하지만 선생님, 정말 축하드려야겠습니다.
ABB3040.SBE	22	최근 독일의 산업 성장은 정말 인상적입니다.
ABB3040.SBE	23	정말입니까?
ABB3040.SBE	24	물론이지요. 우리 영국 사업가들도
ABB3040.SBE	25	선생님 같은 기업가에게서 배울 점이 많습니다.
ABB3040.SBE	26	정치적 허세는 잠시 제쳐두고 보면,
ABB3040.SBE	27	지금 우리는 새로운 유럽의 탄생을 목격하는 중입니다.
ABB3040.SBE	28	그곳에서는 비즈니스가 진짜 국제 공용어가 되겠지요.
ABB3040.SBE	29	그리고 오리엔트 특급만 봐도, 가만히 생각하면 참 대단한 일입니다.
ABB3040.SBE	30	자, 방금 독일에서 오스트리아로 넘어왔습니다.
ABB3040.SBE	31	국경을 넘었다는 걸 알릴 세관 검사조차 없군요.
ABB3040.SBE	32	이게 바로 새로운 유럽이지요.
ABB3040.SBE	33	1~2년만 더 지나면 국경은 형식만 남은, 과거의 유물이 될 겁니다.
ABB3040.SBE	34	영국에서 독일까지 가는 일이
ABB3040.SBE	35	런던 한쪽 끝에서 다른 쪽 끝으로 가는 것만큼 쉬워질 겁니다.
ABB3040.SBE	36	제가 부하들에게 설명해야 하는 골칫거리를 들으면 아마 놀라실 겁니다.
ABB3040.SBE	37	해외에서 무슨 일이 벌어지는지 늘 파악해 둬야 하고,
ABB3040.SBE	38	기회가 오면 곧바로 움직여야 하니까요.
ABB3040.SBE	39	그런데 본국 내무부 쪽은 절반쯤 제가 유람이나 다닌다고 생각하더군요.
ABB3040.SBE	40	참 구시대적인 태도지요.
ABB3040.SBE	41	예, 그래도 저녁이 되면 몹시 피곤할 때가 있습니다.
ABB3040.SBE	42	마인 파터는...
ABB3040.SBE	43	제 아버지는 작은 공장을 하셨는데, 평생 그 작은 마을을 떠나지 않으셨습니다.
ABB3040.SBE	44	아마 대단한 사업가는 아니셨겠지요.
ABB3040.SBE	45	그래도 하루가 끝나면 늘 자기 침대에서 주무셨고, 마음도 평안하셨습니다.
ABB3040.SBE	46	가끔은 우리가 정말 많은 걸 얻은 게 맞나 싶습니다.
ABB3041.SBE	0	점심때 미스 볼프와 함께 계신 게 눈에 띄더군요.
ABB3041.SBE	1	아주 눈에 띄는 한 쌍이셨습니다. 오래 아신 사이인지 여쭤봐도 될까요?
ABB3041.SBE	2	오래라니요? 뭐, 저는 그녀의 음악을 무척 좋아합니다만...
ABB3041.SBE	3	다들 그렇지 않습니까...
ABB3041.SBE	4	그래도 두 분 사이엔 뭔가 특별한 인연이 있어 보이더군요. 제가 틀렸습니까?
ABB3041.SBE	5	자, 편하게 말씀하시죠. 여기 있는 사람들 다 신사 아닙니까.
ABB3041.SBE	6	그렇다면 인정하지요. 여행에도 나름의 보상은 있군요.
ABB3041.SBE	7	저를 믿으십시오. 입 밖에 한마디도 내지 않겠습니다. 비밀은 철저히 지키는 편이라서요.
ABB3041.SBE	8	그건 그렇고, 이번 오스트리아-헝가리 최후통첩은 어떻게 보십니까?
ABB3041.SBE	9	상당히 험악한 국면처럼 보이던데요.
ABB3041.SBE	10	문안은 거칠지만, 필요하다고 봅니다.
ABB3041.SBE	11	발칸 지역은 늘 강한 손이 있어야 안정을 찾는 법입니다.
ABB3041.SBE	12	안정, 그렇지요. 바로 그 점에서 우리가 뜻을 같이해야 합니다.
ABB3041.SBE	13	물론 서로 잔잔한 차이는 있습니다만,
ABB3041.SBE	14	근본으로 들어가면
ABB3041.SBE	15	영국과 독일의 목표는 그리 멀리 떨어져 있지 않다는 생각이 듭니다.
ABB3041.SBE	16	그 말씀을 들으니 반갑군요.
ABB3041.SBE	17	그보다 정말 궁금합니다만, 경력을 어떻게 시작하셨는지 들려주시겠습니까?
ABB3041.SBE	18	음... 사실 아주 단순한 이야기입니다...
ABB3042.SBE	0	그럼 저는 이만 가보겠습니다. 비엔나에서 내리십니까?
ABB3042.SBE	1	그럴 생각이었습니다만, 계획이 바뀌었습니다.
ABB3042.SBE	2	부다페스트까지 계속 타고 가기로 했습니다.
ABB3042.SBE	3	아, 뜻밖의 사업 기회를 잡으신 겁니까?
ABB3042.SBE	4	기회가 오면 바로 움직여야 한다는 그 원칙대로요?
ABB3042.SBE	5	설마... 그게 바이올린과 관련된 일은 아니겠지요?
ABB3042.SBE	6	그건 오늘 저녁 식사 자리에서 얘기할 문제입니다.
ABB3042.SBE	7	와인과 샴페인을 곁들인 특별한 저녁 식사에서요.
ABB3042.SBE	8	부다페스트에 있는 동안 음악 레슨을 좀 받을지도 모르겠습니다.
ABB3042.SBE	9	아, 돌아오는 길에 다시 뵙게 되면 자세히 들려주시지요.
ABB3042.SBE	10	그때쯤이면 제가 직접 연주해 드릴 수 있을지도 모르겠군요.
ABB3043.SBE	0	짧은 대화였지만 정말 즐거웠습니다. 좋은 저녁 되십시오.
ABB3043.SBE	1	좋은 저녁 되십시오.
ABB4001.SBE	0	괜찮으십니까, 무슈?
ABB4001.SBE	1	네, 괜찮습니다. 감사합니다.
ABB4001.SBE	2	맛있게 드십시오, 무슈.
ABB4002.SBE	0	좋은 저녁입니다. 식당칸에서 뵈었지만 방해가 될까 봐 말을 못 걸었습니다.
ABB4002.SBE	1	저녁 식사는 괜찮으셨습니까?
ABB4002.SBE	2	네, 식사는 괜찮았습니다.
ABB4002.SBE	3	매일 가족과 저녁을 함께할 수 있다니 참 좋으시겠습니다.
ABB4002.SBE	4	여행의 가장 괴로운 점은 늘 혼자 식사해야 한다는 거지요.
ABB4002.SBE	5	그러다 보면 외로움이 꽤 크게 다가옵니다.
ABB4002.SBE	6	제 경우는 정반대입니다, 무슈.
ABB4002.SBE	7	아, 네... 무슨 말씀인지 알겠습니다.
ABB4002.SBE	8	흥미롭군요.
ABB4010.SBE	0	보십시오, 30분이면 부다페스트에 도착합니다.
ABB4010.SBE	1	저희 회사는 오스트리아-헝가리 당국과 관계가 꽤 좋습니다.
ABB4010.SBE	2	제가 먼저 그쪽과 얘기하게 해주시면,
ABB4010.SBE	3	여기서 무슨 일이 있었는지 설명하고 이 복잡한 일을 큰 소란 없이 정리할 수 있습니다.
ABB4010.SBE	4	신문에 대서특필할 필요는 없지요.
ABB4010.SBE	5	노선의 명성도 생각해야 하지 않겠습니까. 서로 좋게 처리합시다.
ALX1099C.SBE	0	실례합니다.
ALX1099D.SBE	0	실례합니다.
ALX1134A.SBE	0	누구죠?
ANN1010.SBE	0	놀라게 하고 싶진 않지만,
ANN1010.SBE	1	제가 저녁 먹는 동안 누군가 제 객실에 들어왔던 것 같아요.
ANN1010.SBE	2	설마요!
ANN1010.SBE	3	제가 이걸 잠시 맡아달라고 하면, 어리석다고 생각하시겠어요?
ANN1010.SBE	4	비엔나에 도착할 때까지만요.
ANN1010.SBE	5	전혀요! 기꺼이 맡아드릴게요.
ANN1010.SBE	6	아무에게도 말하면 안 돼요.
ANN1010.SBE	7	우리 둘만의 비밀이에요.
ANN1016.SBE	0	네? 누구세요?
ANN1016A.SBE	0	네, 누구죠?
ANN1047.SBE	0	마담, 어서 오십시오.
ANN1047.SBE	1	좋은 저녁입니다.
ANN1047.SBE	2	마담께서 자리해 주셔서 큰 영광입니다.
ANN1047.SBE	3	늘 쓰시던 자리가 준비돼 있습니다.
ANN1047.SBE	4	마담께서 허락하신다면...
ANN1047.SBE	5	고마워요.
ANN1047.SBE	6	말씀드려도 된다면, 마담은 빛나는 별 같으시고 저희는 그 빛을 받는 셈입니다.
ANN1047.SBE	7	마담의 시중을 드는 사람으로서 영광입니다.
ANN1047.SBE	8	고마워요, 파스칼.
ANN1047.SBE	9	저녁 맛있게 드십시오, 마담.
ANN1048.SBE	0	예, 마담. 메뉴를 고르셨습니까?
ANN1048.SBE	1	네. 비프 필레로 하겠어요.
ANN1048.SBE	2	필레 드 뵈프 자르디니에르, 좋습니다. 오늘은 혼자 식사하십니까, 마담?
ANN1048.SBE	3	네.
ANN1048.SBE	4	알겠습니다, 마담.
ANN1049.SBE	0	필레 드 뵈프 자르디니에르입니다.
ANN1049.SBE	1	고마워요.
ANN1049.SBE	2	더 필요하신 건 없으십니까, 마담? 없으시면 맛있게 드십시오.
ANN1107A.SBE	0	실례합니다.
ANN3011.SBE	0	무슨 일이에요? 무슨 문제라도 있나요?
ANN3011.SBE	1	연주회에서 돌아와 보니 알이 없어졌어요.
ANN3011.SBE	2	거기 두면 안전할 줄 알았는데.
ANN3011.SBE	3	걱정하지 마세요. 당신 잘못이 아니에요.
ANN3011.SBE	4	정말 친절하시네요.
ANN3011.SBE	5	하지만 당신이 알을 잃은 건 제 탓이에요.
ANN3011.SBE	6	정말 아름다운 알이었는데.
ANN3011.SBE	7	사람들은 왜 남의 걸 훔칠까요?
ANN3121.SBE	0	실례합니다, 마담. 정말 죄송합니다.
ANN3121.SBE	1	하지만 짖는 소리에 대한 항의가 들어왔습니다.
ANN3121.SBE	2	아, 안 돼요.
ANN3121.SBE	3	물론 마담께는 늘 예외를 드려 왔습니다만,
ANN3121.SBE	4	이제 승객 불만이 접수돼서...
ANN3121.SBE	5	정말 수하물칸으로 보내야 하나요?
ANN3121.SBE	6	승객이 강하게 요구했습니다, 마담. 저도 어쩔 수가...
ANN3121.SBE	7	잠시만요.
ANN3122.SBE	0	아가, 슬퍼하지 마.
ANN3122.SBE	1	수하물칸에서도 괜찮을 거야.
ANN3122.SBE	2	이리 와, 우리 예쁜이...
ANN3123.SBE	0	용서해 주십시오, 마담.
ANN3123.SBE	1	물은 충분히 챙겨 주세요.
ANN3123.SBE	2	얘는 수하물칸을 정말 싫어해요.
ANN3123.SBE	3	물론입니다, 마담.
ANN3123.SBE	4	친절하시군요.
ANN3123.SBE	5	정말, 정말 죄송합니다.
ANN3124.SBE	0	착하지, 착한 아이.
ANN3125.SBE	0	들리십니까?
ANN3125.SBE	1	아무래도 거기 머물 생각이 없는 모양입니다.
ANN3125.SBE	2	감사합니다, 마담.
ANN3125.SBE	3	어떻게 된 건지 모르겠습니다.
ANN3125.SBE	4	이번엔 더 단단히 묶어 두세요.
ANN3125.SBE	5	이번에는 확실히 하겠습니다.
ANN3126.SBE	0	오, 맥스, 불쌍한 것.
ANN3126.SBE	1	수하물칸이 정말 싫구나, 그렇지?
ANN3126.SBE	2	그래도 다시 가야 해. 여기서 나랑 함께 다닐 순 없어.
ANN3127.SBE	0	맥스! 어떻게 여기까지 왔니?
ANN3127.SBE	1	알아, 수하물칸이 정말 싫지.
ANN3127.SBE	2	오, 우리 예쁜이, 널 어쩌면 좋니?
ANN3127.SBE	3	다시 보내야 해. 달리 방법이 없어.
ANN3136.SBE	0	아, 미스 볼프. 제가 도와드리겠습니다.
ANN3136.SBE	1	아, 고마워요.
ANN3136.SBE	2	불편하진 않으십니까? 아, 정말 다행입니다.
ANN3136.SBE	3	다들 이 자리에 앉으려 했거든요.
ANN3136.SBE	4	제가 병사처럼 다 막아냈습니다.
ANN3136.SBE	5	- 정말요? - 누구도 여기 앉게 하지 않았습니다.
ANN3136A.SBE	0	아, 미스 볼프. 제가 도와드리겠습니다.
ANN3136A.SBE	1	아, 고마워요.
ANN3136A.SBE	2	당신을 볼 때마다 다음 열차가 아니라 이 열차를 타길 잘했다는 생각이 듭니다.
ANN3136A.SBE	3	그 자리 편하십니까?
ANN3136A.SBE	4	아, 네.
ANN3136A.SBE	5	자리 바꾸실 생각은 없으시고요?
ANN3136A.SBE	6	아니요.
ANN3136A.SBE	7	좋습니다.
ANN3137B.SBE	0	뭘 주문할까요?
ANN3137B.SBE	1	와인도 한 병 시킬까요?
ANN3137B.SBE	2	좋겠네요.
ANN3137B.SBE	3	좋은 레드와인으로 하죠, 어떻습니까?
ANN3137B.SBE	4	아니면, 실례지만 더 가벼운 걸 원하십니까?
ANN3137B.SBE	5	아버지가 레드와인을 드셨는데, 저도 그 버릇이 들었나 봐요.
ANN3137B.SBE	6	숙녀답지 않다는 건 알지만요.
ANN3137B.SBE	7	아닙니다.
ANN3137B.SBE	8	한 병쯤은 같이 비울 수 있겠지요.
ANN3137B.SBE	9	너무 취하지는 않았으면 좋겠네요, 하하.
ANN3137B.SBE	10	왜요?
ANN3137B.SBE	11	왜냐하면, 저는 신이 나면 작은 악마가 되거든요.
ANN3137B.SBE	12	특히 아름다운 숙녀와 함께 있으면 더 그렇습니다.
ANN3137B.SBE	13	참 능청스러우시네요.
ANN3138.SBE	0	안녕하십니까, 무슈, 마담. 주문 정하셨습니까?
ANN3138.SBE	1	마담과 저는 둘 다 로스트 치킨으로 하고, 먼저 생선 수프로 시작하겠습니다.
ANN3138.SBE	2	아, 고마워요.
ANN3138.SBE	3	그리고 샤토 라피트 1904 중 가장 좋은 걸로 한 병.
ANN3138.SBE	4	알겠습니다, 무슈.
ANN3138A.SBE	0	열차에서는 진동 때문에 와인이 어차피 상해 버리지요.
ANN3141.SBE	0	와인을 너무 많이 마셨네요. 조금 어지러워요, 하하.
ANN3141.SBE	1	하지만 프로일라인 볼프도 꽤 드셨잖습니까.
ANN3141.SBE	2	권하시는 대로 마신 거예요.
ANN3141.SBE	3	알아요, 티가 안 날 뿐이에요.
ANN3141.SBE	4	커피는 흡연칸에서 마실까요?
ANN3141.SBE	5	좋아요.
ANN3142.SBE	0	여기 앉을까요?
ANN3142.SBE	1	여기가 더 편할 것 같은데, 그렇지요?
ANN3142.SBE	2	너무 많이 먹어서 이 소파에 그냥 드러눕고 싶을 정도예요.
ANN3142.SBE	3	그리고 그대로 잠들고 싶네요.
ANN3142.SBE	4	그러시죠. 콘스탄티노플에 도착하면 제가 깨워 드리겠습니다.
ANN3142.SBE	5	비엔나에서 내리시는 줄 알았는데요?
ANN3142.SBE	6	아, 맞군요. 제가 깜빡했네요.
ANN3142A.SBE	0	비엔나에서 하시는 일, 많이 고된가요?
ANN3142A.SBE	1	음, 아시다시피 사람은 약속을 지켜 주길 바라게 마련이지요.
ANN3142A.SBE	2	그렇지 않으면 꽤 큰 거래를 잃게 되지만...
ANN3142A.SBE	3	...달리 선택이 없습니다.
ANN3142A.SBE	4	그럼 그 거래는 안 되는 건가요? 취소된 거예요?
ANN3143A.SBE	0	아, 웨이터가 오네요.
ANN3144.SBE	0	우유 넣으시나요?
ANN3144.SBE	1	설탕만 두 조각 넣어 주세요.
ANN3144.SBE	2	아, 단 걸 좋아하시는군요.
ANN3147.SBE	0	자크, 내가 없는 동안 내 방 문 좀 잠가줄래요?
ANN3147A.SBE	0	고마워요, 자크.
ANN3147A.SBE	1	천만에요, 마담.
ANN3148.SBE	0	고마워요, 자크.
ANN3148.SBE	1	천만에요, 마담.
ANN3148A.SBE	0	실례합니다, 마담. 제가 열어 드리겠습니다.
ANN3148B.SBE	0	고마워요, 자크.
ANN3148B.SBE	1	번거롭게 해서 미안해요. 전 잠긴 문이 정말 싫거든요.
ANN3148B.SBE	2	전혀 번거롭지 않습니다, 마드무아젤. 문을 열어드리는 건 제 기쁨입니다.
ANN3149.SBE	0	번거롭게 해서 미안해요. 사실 아주 안전한 건 아는데도요.
ANN3149.SBE	1	맥스만 여기 있으면 이런 부탁도 안 했을 거예요.
ANN3149.SBE	2	말씀만 하십시오, 마담.
ANN3149.SBE	3	제가 여기 있는 이유가 바로 그겁니다.
ANN3149.SBE	4	고마워요, 자크.
ANN4150.SBE	0	- 차장입니다, 마담. - 들어오세요.
ANN4150A.SBE	0	자크, 머리가 너무 아파요.
ANN4150A.SBE	1	헤어 슈미트께 오늘 밤은 함께 저녁을 못 하겠다고 전해주시겠어요?
ANN4150A.SBE	2	물론입니다, 마담. 무엇 좀 가져다드릴까요?
ANN4150A.SBE	3	아뇨. 그냥 피곤해서요.
ANN4150A.SBE	4	오늘 밤은 푹 쉬실 수 있으면 좋겠습니다.
ANN4150A.SBE	5	고마워요, 자크.
ANN4151.SBE	0	코냑 주세요.
ANN4151.SBE	1	알겠습니다, 마담.
ANN4151.SBE	2	고마워요.
ANN4200.SBE	0	들어오세요.
ATTNANG.SBE	0	아트낭 오후 1:57
AUG1001.SBE	0	예, 무슈.
AUG1001.SBE	1	헤어 휘트니께 아우구스트 슈미트가 기다리고 있다고 전해주시겠습니까?
AUG1001.SBE	2	죄송합니다, 무슈. 그 신사 성함이 뭐라고 하셨지요?
AUG1001.SBE	3	전할 상대는 타일러 휘트니입니다.
AUG1001.SBE	4	첫 번째 침대칸 1번 객실이요.
AUG1001.SBE	5	꽤 오래 기다리고 있습니다.
AUG1001.SBE	6	예, 무슈. 제가 제대로 못 알아들어 죄송합니다.
AUG1001.SBE	7	실례합니다.
AUG1002A.SBE	0	네, 누구죠?
AUG1002A.SBE	1	헤어 휘트니, 아우구스트 슈미트입니다.
AUG1002A.SBE	2	문 좀 열어주시겠습니까?
AUG1002B.SBE	0	헤어 휘트니, 문을 여시오!
AUG1003.SBE	0	실례합니다, 프로일라인 볼프.
AUG1003.SBE	1	인사를 드리지 않고는 자리를 뜰 수가 없어서요.
AUG1003.SBE	2	저를 기억 못 하실 겁니다.
AUG1003.SBE	3	제 이름은 아우구스트 슈미트입니다.
AUG1003.SBE	4	하지만 저는 선생님을 기억합니다.
AUG1003.SBE	5	런던 로더 부인 댁에서였지요, 그렇지 않습니까?
AUG1003.SBE	6	네. 브람스 바이올린 협주곡을 연주하셨지요.
AUG1003.SBE	7	기억해 주시다니 정말 감사하네요.
AUG1003A.SBE	0	그리고... 영국 여자분과 함께 계셨죠.
AUG1003A.SBE	1	부인이셨나요?
AUG1003A.SBE	2	흠... 네... 그러니까... 식사 중에 방해해 죄송합니다.
AUG1003A.SBE	3	이 여정을 함께하게 되어 기쁘다는 말씀을 드려도 될까요?
AUG1003A.SBE	4	친절하시네요. 좋은 저녁 보내세요.
AUG1004.SBE	0	런던에서 처음 뵀을 때는 영국인인 줄 알았습니다.
AUG1004.SBE	1	그렇지는 않아요.
AUG1004.SBE	2	아닙니다, 정말 그렇습니다.
AUG1004.SBE	3	제 아내가 영국인입니다.
AUG1004.SBE	4	아마 그 때문이겠지요.
AUG1004.SBE	5	그것만은 아닙니다.
AUG1004.SBE	6	옷차림도 그렇고, 몸가짐도 그렇고요.
AUG1004.SBE	7	무엇보다 영어를 정말 아름답게 구사하시잖습니까.
AUG1004.SBE	8	독일인이라고는 상상도 못 했을 겁니다.
AUG1004.SBE	9	그게 다예요? 하하.
AUG1004.SBE	10	하지만 정말로, 미스 볼프의 영어도 아주 훌륭합니다.
AUG1005.SBE	0	아, 이렇게라면 밤새 이야기할 수도 있겠네요.
AUG1005.SBE	1	하지만... 너무 피곤해서 눈을 뜨고 있기가 힘들어요.
AUG1005.SBE	2	저도 영원히 이야기를 계속하고 싶은 마음입니다!
AUG1005.SBE	3	안녕히 주무세요, 헤어 슈미트.
AUG1052.SBE	0	봉수아르, 무슈. 저녁을 주문하시겠습니까?
AUG1052.SBE	1	예, 로스트 덕으로 하고... 96년 보르도 한 병 주세요.
AUG1052.SBE	2	알겠습니다, 무슈.
AUG1053.SBE	0	무슈, 로스트 덕 나왔습니다.
AUG1053.SBE	1	고맙습니다.
AUG1100A.SBE	0	실례합니다.
AUG1100B.SBE	0	실례합니다.
AUG1100C.SBE	0	실례하겠습니다.
AUG1100D.SBE	0	실례합니다.
AUG1128A.SBE	0	예?
AUG1128B.SBE	0	예?
AUG1128E.SBE	0	밖에 누구죠?
AUG1128F.SBE	0	누구죠?
AUG1128G.SBE	0	들어오세요.
AUG1128H.SBE	0	네, 들어오세요!
AUG1128I.SBE	0	들어오십시오.
AUG2094.SBE	0	차장!
AUG2094.SBE	1	제가 점심 먹는 동안 제 객실 문 잠기는지
AUG2094.SBE	2	확인해 주시겠습니까?
AUG2094B.SBE	0	곧바로 하겠습니다, 무슈.
AUG2094C.SBE	0	예, 무슈.
AUG2095.SBE	0	차장, 제 문 좀 잠가주시겠습니까?
AUG2095A.SBE	0	물론입니다, 무슈.
AUG2096.SBE	0	차장, 제 객실 문 좀 열어주시겠습니까?
AUG2096A.SBE	0	곧바로 하겠습니다, 무슈.
AUG2097.SBE	0	- 여기 있습니다, 무슈. - 감사합니다.
AUG2098.SBE	0	여기 있습니다, 무슈.
AUG2098.SBE	1	문제없으십니까?
AUG2098.SBE	2	네, 괜찮습니다. 감사합니다.
AUG2113.SBE	0	모든 것이 마음에 드십니까, 무슈?
AUG2113.SBE	1	네, 감사합니다.
AUG2113.SBE	2	더 필요하신 건 없으십니까, 무슈?
AUG2113.SBE	3	빵 하나만 더 주시지요.
AUG2113.SBE	4	곧 가져오겠습니다, 무슈.
AUG2114.SBE	0	샴페인 주문할까요?
AUG2114.SBE	1	샴페인요? 아직 10시도 안 됐는데.
AUG2114.SBE	2	그래서요?
AUG2114.SBE	3	당신, 정말 멋진 사람인 거 아시나요?
AUG2114A.SBE	0	실례합니다, 숙녀분들.
AUG2114A.SBE	1	샴페인 말씀하시는 걸 듣고 그냥 지나칠 수가 없었습니다.
AUG2114A.SBE	2	그건 제가 좀 아는 분야입니다.
AUG2114A.SBE	3	뵈브 클리코 1906 한 병, 함께하시겠습니까?
AUG2114A.SBE	4	아, 저희가 그럴 수는...
AUG2114A.SBE	5	어머, 감사합니다. 정말 친절하시네요.
AUG2114A.SBE	6	소피!
AUG2114A.SBE	7	먼저 인사드리겠습니다. 아우구스트 슈미트입니다.
AUG2114A.SBE	8	소피 드 브레퇴유예요.
AUG2114A.SBE	9	그리고 이 수줍은 아가씨는 마드무아젤 노턴이에요.
AUG2114A.SBE	10	프랑스 분이십니까?
AUG2114A.SBE	11	저는 보헤미아 출신이에요. 마드무아젤 노턴은 영국인이고요.
AUG2114A.SBE	12	그렇습니까? 어디까지 가실 예정이시죠?
AUG2114A.SBE	13	갈 수 있는 데까지요, 고마워요.
AUG2114A.SBE	14	그쪽은요, 무슈 아우구스트?
AUG2114A.SBE	15	음... 슈미트입니다. 아우구스트 슈미트.
AUG2114A.SBE	16	일 때문에 가는 길입니다.
AUG2114A.SBE	17	간단한 거래 하나 마치고 나면
AUG2114A.SBE	18	뮌헨에 있는 아내와 아이들에게 돌아가야지요.
AUG2114A.SBE	19	좋네요.
AUG2114A.SBE	20	부인께서 함께 못 오신 건 아쉽네요.
AUG2114A.SBE	21	그러게요, 당신이 자주 비우면 힘드시겠어요.
AUG2114A.SBE	22	뭐, 아이들이 있으니까요.
AUG2114A.SBE	23	그래도 사실 저는 출장이 아주 잦습니다.
AUG2114A.SBE	24	두 분은 여성끼리만 여행 중이십니까?
AUG2114A.SBE	25	아뇨, 저는 소피와 같이 가요.
AUG2114A.SBE	26	그리고 소피도 저와 함께죠.
AUG2114A.SBE	27	아, 그렇군요. 물론입니다.
AUG2114A.SBE	28	이국 땅에서는 조심하셔야 합니다.
AUG2114A.SBE	29	두 분처럼 젊은 숙녀들이라면 더더욱요.
AUG2114A.SBE	30	동쪽으로 갈수록 겉보기와 다른 일이 많습니다.
AUG2114A.SBE	31	그쪽은요, 무슈 아우구스트? 늘 겉보기 그대로인 분인가요?
AUG2114A.SBE	32	슈미트입니다.
AUG2114A.SBE	33	왜죠? 제가 어떻게 보이는데요?
AUG2114A.SBE	34	제 눈엔 비밀이 아주 많은 남자로 보여요.
AUG2114A.SBE	35	비밀이요? 제가요? 하하.
AUG2114A.SBE	36	아, 맞아요.
AUG2114A.SBE	37	말해 드릴게요.
AUG2114A.SBE	38	이토록 매혹적인 두 숙녀와 이렇게 즐겁게 마주 앉아 이야기하는 일 자체가
AUG2114A.SBE	39	제게는 아주 은밀한 즐거움이지요.
AUG2114A.SBE	40	아내에겐 굳이 말하지 않는 편이 낫겠습니다.
AUG2115.SBE	0	자기, 또 두통이 오려는 것 같아.
AUG2115.SBE	1	어머, 안 돼. 당장 가서 누워.
AUG2115.SBE	2	만나서 즐거웠어요, 무슈 아우구스트.
AUG2115.SBE	3	샴페인은 다음에 같이 마셔요, 그렇죠?
AUG2115.SBE	4	명예를 걸고 약속드리지요.
AUG3006.SBE	0	비엔나에서요?
AUG3006.SBE	1	콘스탄티노플까지 가신다고 하지 않으셨나요?
AUG3006.SBE	2	네, 하지만 계획이 바뀌었습니다. 일 때문이지요.
AUG3006.SBE	3	정말 비엔나에서 내리셔야 하나요?
AUG3006.SBE	4	마담께서 그렇게 말씀하시니 더 아쉽군요.
AUG3006.SBE	5	여정 내내 함께할 수 있길 기대하고 있었습니다.
AUG3006A.SBE	0	도대체 무슨 일을 하시길래요? 말씀하실 때마다 너무 비밀스러워요.
AUG3006A.SBE	1	지루하게 느끼실까 걱정됩니다.
AUG3006A.SBE	2	자세히 말씀드릴 수는 없지만,
AUG3006A.SBE	3	제가 하는 일은 단순한 상업만은 아닙니다.
AUG3006A.SBE	4	저 나름대로 조국을 위해 맡은 몫을 하고 있지요.
AUG3007.SBE	0	저도 젊을 때 음악을 공부했습니다.
AUG3007.SBE	1	스스로 말하긴 뭣하지만, 재능이 아주 없진 않았습니다.
AUG3007.SBE	2	하지만 인생은 제게 다른 길을 준비해 두었더군요.
AUG3007.SBE	3	우리 중 누구도 자기 운명을 마음대로 고를 수는 없지요, 헤어 슈미트.
AUG3007.SBE	4	아... 하지만 마담이 연주하실 때면,
AUG3007.SBE	5	우리 모두가 자유롭다고 느끼게 됩니다.
AUG3007.SBE	6	정말로 날개를 달고 날아오를 수 있을 것처럼요.
AUG3007A.SBE	0	게다가 전 어디든 바이올린을 들고 갈 수 있잖아요.
AUG3007A.SBE	1	피아노는 그게 좀 어렵지요.
AUG3007A.SBE	2	그래도 헤어 슈미트, 당신이 하는 일이 정말 궁금해요.
AUG3008.SBE	0	이제 연주회 준비를 해야겠어요.
AUG3008.SBE	1	저는 맨 앞줄에 있겠습니다.
AUG3008.SBE	2	친절하시네요, 헤어 슈미트.
AUG3008.SBE	3	그냥 아우구스트라고 불러 주십시오.
AUG3009.SBE	0	프로일라인 볼프, 훌륭했습니다. 분더바.
AUG3009.SBE	1	아, 고마워요.
AUG3009.SBE	2	샴페인 한 잔 함께하시겠습니까?
AUG3009.SBE	3	마음은 고맙지만, 지금은 조금 피곤하네요.
AUG3009.SBE	4	고마워요.
AUG3009A.SBE	0	그럼 저녁은 어떻습니까?
AUG3100.SBE	0	여긴 안 됩니다. 제 객실로 오십시오.
AUG3101.SBE	0	지금은 안 됩니다. 5분 뒤에요.
AUG3102.SBE	0	지금은 안 됩니다. 연주회가 끝난 뒤에요.
AUG3103.SBE	0	흡연칸에서요.
AUG4001.SBE	0	실례합니다, 무슈.
AUG4001.SBE	1	마담 볼프께서 전갈을 보내셨습니다.
AUG4001.SBE	2	예?
AUG4001.SBE	3	마담께서 몸이 편찮으셔서
AUG4001.SBE	4	오늘 저녁은 함께하지 못하신다며 유감이라고 전해달라고 하셨습니다.
AUG4001.SBE	5	정말 죄송합니다, 무슈.
AUG4001.SBE	6	그래도 특별 와인과 샴페인은 그대로 준비해 드릴까요, 무슈?
AUG4001.SBE	7	원하시면 주문을 바꾸실 수도 있습니다, 무슈.
AUG4001.SBE	8	아니요, 아까 논의한 대로 하지요.
AUG4001.SBE	9	샴페인을 먼저 가져오고, 저녁 때 와인을 내오시오.
AUG4001.SBE	10	알겠습니다, 무슈.
AUG4002.SBE	0	좋은 저녁입니다, 무슈.
AUG4002.SBE	1	좋은 저녁입니다. 베아르네즈 소스 스테이크를 미디엄 레어로 주시오.
AUG4002.SBE	2	베아르네즈 소스 스테이크, 알겠습니다. 트레 비앙, 무슈.
AUG4003.SBE	0	예, 무슈.
AUG4003.SBE	1	브랜디를 좀 주시오. 가장 좋은 것으로, 잔은 두 개.
AUG4003.SBE	2	알겠습니다, 무슈.
AUG4003A.SBE	0	웨이터!
AUG4004.SBE	0	브랜디 나왔습니다, 무슈.
AUG4004.SBE	1	고맙소. 병은 두고 가시오.
AUG4004.SBE	2	알겠습니다, 무슈.
AUG5002.SBE	0	예?
AUG5002A.SBE	0	누구죠?
AUG5002B.SBE	0	먼저 객실에 있으라고 하시더니,
AUG5002B.SBE	1	이젠 직접 와서 문을 두드리시네요!
AUG5002B.SBE	2	열지 말라고 하면서 왜 문을 두드리는 건지
AUG5002B.SBE	3	설명해 주시겠습니까?
AVRICOUR.SBE	0	아브리쿠르 오전 1:12
BADENOOS.SBE	0	바덴오스 오전 4:30
BARLEDUC.SBE	0	바르르뒤크 오후 10:45
CAT1001.SBE	0	미스 볼프?
CAT1002.SBE	0	헤어 슈미트?
CAT1002A.SBE	0	헤어 슈미트.
CAT1010.SBE	0	타티아나?
CAT1010A.SBE	0	타티아나?
CAT1012.SBE	0	미스터 돌니코프?
CAT1012A.SBE	0	미스터 돌니코프.
CAT1013.SBE	0	미스터 애벗.
CAT1014.SBE	0	밀로스.
CAT1014A.SBE	0	밀로스?
CAT1014B.SBE	0	밀로스.
CAT1015.SBE	0	마담?
CAT1015A.SBE	0	마담?
CAT1019.SBE	0	카히나?
CAT1019A.SBE	0	카히나.
CAT1021.SBE	0	마담 부타렐?
CAT1022.SBE	0	무슈 부타렐?
CAT1025.SBE	0	실례합니다, 미스터 마크타.
CAT1025A.SBE	0	미스터 마크타.
CAT1125.SBE	0	죄송합니다, 문을 잘못 찾았습니다.
CAT1125A.SBE	0	죄송합니다, 제 실수입니다.
CAT1125B.SBE	0	죄송합니다. 문이 다 비슷해서 자꾸 헷갈리네요.
CAT1125C.SBE	0	죄송합니다. 문이 다 똑같아 보여서요. 제 실수입니다.
CAT1125D.SBE	0	죄송합니다.
CAT1126A.SBE	0	실례합니다.
CAT1126B.SBE	0	실례합니다.
CAT1126C.SBE	0	실례합니다.
CAT1126D.SBE	0	실례합니다.
CAT1127A.SBE	0	실례합니다.
CAT1501.SBE	0	아, 실례합니다, 미스터 마크타.
CAT1502.SBE	0	아, 헤어 슈미트, 실례합니다.
CAT1502A.SBE	0	아, 실례합니다, 헤어 슈미트.
CAT1503.SBE	0	아, 실례합니다, 미스터 돌니코프.
CAT1504.SBE	0	미안해, 밀로스. 문을 잘못 찾았어.
CAT1505.SBE	0	죄송합니다, 마담. 밀로스를 찾고 있었습니다.
CAT1505A.SBE	0	죄송합니다. 나중에 다시 오겠습니다.
CAT1506.SBE	0	미스 볼프, 실례합니다.
CAT1506A.SBE	0	아, 미스 볼프, 방해해서 죄송합니다. 제 실수예요.
CAT1508.SBE	0	아, 실례합니다, 미스 노턴.
CAT1508A.SBE	0	미스 노턴, 실례합니다.
CAT1509.SBE	0	마드무아젤 드 브레퇴유, 실례합니다.
CAT1510.SBE	0	마담 부타렐, 실례합니다.
CAT1511.SBE	0	무슈 부타렐, 실례합니다.
CAT1512.SBE	0	실례합니다, 타티아나.
CAT1520.SBE	0	잠깐만요.
CAT1521.SBE	0	금방 나가겠습니다.
CAT5001.SBE	0	확인만 하는 겁니다.
CAT5001A.SBE	0	죄송합니다. 확인만 하겠습니다.
CAT5001B.SBE	0	걱정하실 것 없습니다. 계신 곳에만 계세요, 다 괜찮을 겁니다.
CAT5001C.SBE	0	확인만 하는 겁니다.
CAT5001C.SBE	1	걱정 마세요. 계신 곳에만 계시면 됩니다. 다 괜찮을 겁니다.
CHALONS.SBE	0	샬롱 오후 9:41
CON1018.SBE	0	실례합니다, 무슈. 차장입니다.
CON1018A.SBE	0	무슈 휘트니, 안에 계십니까?
CON1018B.SBE	0	무슈 휘트니, 차장입니다. 안에 계십니까?
CON1018D.SBE	0	예?
CON1018D.SBE	1	실례합니다, 무슈 휘트니.
CON1018D.SBE	2	헤어 슈미트가 식당칸에서 기다리고 있습니다.
CON1018D.SBE	3	전할 말씀을 받아갈까요?
CON1018D.SBE	4	곧 가겠소.
CON1018D.SBE	5	알겠습니다, 무슈.
CON1018E.SBE	0	예?
CON1018E.SBE	1	무슈 휘트니, 실례합니다.
CON1018E.SBE	2	각하께서 전용 객차에서 만나길 원하십니다.
CON1018E.SBE	3	지금 기다리고 계십니다.
CON1019.SBE	0	실례합니다, 무슈. 차장입니다.
CON1023.SBE	0	예?
CON1023.SBE	1	침대 정리를 위해 왔습니다, 무슈.
CON1023.SBE	2	잠시만 기다려 주세요.
CON1023A.SBE	0	좋은 저녁입니다, 선생님.
CON1023A.SBE	1	좋은 저녁입니다.
CON1024.SBE	0	누구죠?
CON1024.SBE	1	침대 정리하러 온 차장입니다, 무슈.
CON1024.SBE	2	잠깐만요.
CON1025.SBE	0	죄송합니다. 제가 실수로 버튼을 눌렀나 봅니다.
CON1025.SBE	1	알겠습니다, 무슈.
CON1059.SBE	0	곧바로 하겠습니다, 무슈.
CON1059A.SBE	0	거의 다 됐습니다, 무슈.
CON1060.SBE	0	침대 정리하러 온 차장입니다, 무슈.
CON1061.SBE	0	안녕히 주무십시오, 무슈.
CON1062.SBE	0	침대 정리는 하지 마시오.
CON1062.SBE	1	지금 상태로 두는 편이 잠들기 더 편합니다.
CON1062.SBE	2	저희 침대가 얼마나 편한지 무슈도 놀라실 겁니다.
CON1062.SBE	3	열차에서는 절대 못 잔다던 분들도 막상 누우면...
CON1062.SBE	4	그대로 두랬잖소!
CON1062.SBE	5	물론입니다, 무슈. 원하시는 대로 하겠습니다.
CON1062.SBE	6	편안한 밤 되십시오, 무슈.
CON1110.SBE	0	실례합니다, 무슈.
CON1110A.SBE	0	실례합니다, 무슈.
CON1110B.SBE	0	실례합니다, 무슈.
CON1110C.SBE	0	실례합니다.
CON1110D.SBE	0	좋은 하루입니다, 무슈 휘트니.
CON1110E.SBE	0	좋은 저녁입니다, 무슈 휘트니.
CON1110F.SBE	0	안녕히 주무십시오, 무슈 휘트니. 편히 쉬세요.
CON1110G.SBE	0	안녕히 주무십시오, 무슈 휘트니. 푹 주무세요.
CON1110H.SBE	0	안녕히 주무십시오, 무슈 휘트니. 푹 주무세요.
CON1111.SBE	0	실례합니다, 마담.
CON1111A.SBE	0	실례합니다, 마담.
CON1112.SBE	0	좋은 저녁입니다, 마담.
CON1112A.SBE	0	좋은 저녁입니다, 마담. 실례합니다.
CON1112B.SBE	0	좋은 하루입니다, 마담.
CON1112C.SBE	0	좋은 하루입니다, 마담. 실례합니다.
CON1112F.SBE	0	좋은 저녁입니다, 무슈.
CON1112G.SBE	0	좋은 하루입니다, 무슈.
CON1150.SBE	0	좋은 저녁이네, 자크. 잘 지내나?
CON1150.SBE	1	은퇴만 기다리는 처지지, 젊은 친구. 어쩐 일로 왔나?
CON1150.SBE	2	별일 아니에요. 그냥 심심해서요.
CON1150.SBE	3	벌써? 시작부터 좋지 않군.
CON1150.SBE	4	뭐, 아시잖아요. 제가 정리할 침대라곤 세 개뿐이고
CON1150.SBE	5	저를 찾는 승객도 딱 한 명뿐이니까요.
CON1150.SBE	6	뭘 그리 불평해, 엄살이 심하군.
CON1150.SBE	7	그 사람들 침대는 왜 안 정리하지?
CON1150.SBE	8	제가 들어갈 수 없는 객실 네 칸에 하렘이 있고...
CON1150.SBE	9	환관은 제가 들어본 어느 말도 못 알아듣고,
CON1150.SBE	10	그 여자들 근처만 가도 칼을 빼들고...
CON1150.SBE	11	어떤 미국인은 침대 정리도 못 하게 합니다.
CON1150.SBE	12	그럼 도대체 누구 침대에서 자겠다는 거야?
CON1150.SBE	13	그러니 제 말이 과장이 아니잖아요!
CON1151.SBE	0	자네 쪽은 어떤가?
CON1151.SBE	1	별문제 없지. 아픈 노인 하나, 아이 하나, 늑대 한 마리, 뭐 특별할 건 없어.
CON1151.SBE	2	다만 조레스 씨가 타지 않은 건 아쉽군.
CON1151.SBE	3	정말 뵙고 싶었는데 말이야.
CON1151.SBE	4	잠깐, 늑대라고 했나?
CON1151.SBE	5	전문가는 아니지만, 아무리 봐도 늑대 같아.
CON1151.SBE	6	아이는 이미 봤고.
CON1151.SBE	7	그렇겠지.
CON1151.SBE	8	그럼 난 돌아가 봐야겠다.
CON1151.SBE	9	저 독일인이 벨 눌렀는데 내가 없으면 전쟁이라도 날 거야.
CON1151.SBE	10	잘 자게, 친구.
CON1152.SBE	0	이런 말 하긴 싫지만, 대화가 너무 즐거워도
CON1152.SBE	1	우리 둘만 있는 건 아닌 것 같군.
CON1152.SBE	2	저 미국인 말입니까? 걱정 마세요, 프랑스어는 한마디도 못 알아들어요.
CON1152.SBE	3	나올 때 창밖으로 몸 내밀지 말라고 했는데,
CON1152.SBE	4	못 알아들어서 영어로 다시 말해 줘야 했습니다.
CON1152.SBE	5	뭐, 확실하다면 됐지.
CON1152.SBE	6	미국인 앞에서는 마음 놓아도 돼.
CON1152.SBE	7	프랑스어 한다는 사람도 제대로 못 알아듣거든. 나중에 보세.
CON1152.SBE	8	잘 자.
CON1200.SBE	0	별일 없지?
CON1200.SBE	1	아니, 그렇지도 않아. 내 객차에 경찰이 들이닥쳤어.
CON1200.SBE	2	그건 아는데, 자넨 왜 나왔어?
CON1200.SBE	3	뭐, 환관이 그 사람들 목을 치고 싶다는데...
CON1200.SBE	4	그건 내 알 바 아니지.
CON1200.SBE	5	그래서 뭘 찾고 있는데?
CON1200.SBE	6	몰랐어? 선로에서 시신이 발견됐대.
CON1200.SBE	7	우리 열차에서 던져진 걸로 보는 모양이야.
CON1200.SBE	8	내 객차의 객실을 전부 검사 중이야.
CON1200.SBE	9	다음은 자네 쪽이야.
CON1200.SBE	10	누가 죽은 건데?
CON1200.SBE	11	외국인이래. 아직 신원은 확인 안 됐고.
CON1200.SBE	12	그럼 왜 우리 열차 사람이라고 보는 거지?
CON1200.SBE	13	승객 명단은 멀쩡해. 실종된 사람도 없어.
CON1200.SBE	14	누가 알겠어? 난 명령만 따를 뿐이지.
CON1200.SBE	15	이 열차는 하루도 조용할 날이 없어.
CON1210.SBE	0	르네, 자네는 자기 객차보다 여기서 보내는 시간이 더 많군.
CON1210.SBE	1	정말 할 일이 없다니까.
CON1210.SBE	2	9번 객실은 비엔나까지 비어 있고... 하렘 쪽은 숨어 지내고...
CON1210.SBE	3	내가 가까이 가면 환관이 내 머릴 날려버릴 기세야.
CON1210.SBE	4	잡지를 세 번이나 읽고도 남아서 여기 온 거야.
CON1210.SBE	5	그건 잡지라기보다 그림책이지. 글보다 그림이 더 많잖아.
CON1210.SBE	6	그러고선 세상 돌아가는 걸 알 수가 없지.
CON1210.SBE	7	좋아, 돌아오는 길엔 조레스 씨 팸플릿 하나 내게 줘.
CON1210.SBE	8	웃어도 좋지만, 우릴 전쟁에서 막아줄 건 사회주의자들이야.
CON1210.SBE	9	난 전쟁이 무섭지 않아. 원한 건 독일 놈들이지 우리가 아니야.
CON1210.SBE	10	하지만 그쪽이 먼저 시작하면...
CON1210.SBE	11	핵심은 그게 아니야.
CON1210.SBE	12	현대전에서는 아무도 이기지 못해. 모두가 지지.
CON1210.SBE	13	군부와 정치인들,
CON1210.SBE	14	그리고 각국의 산업가들이 우리를 전쟁으로 몰아가고 있어.
CON1210.SBE	15	그 대가는 늘 그렇듯 우리 노동자들, 민중이 치르게 되지.
CON1210.SBE	16	무슨 소릴 하는 거야? 자네 사회주의자야?
CON1210.SBE	17	나도 자네 같은 노동자야.
CON1210.SBE	18	전쟁을 피할 유일한 길은 노동자들을 조직하는 거야.
CON1210.SBE	19	독일, 프랑스, 영국의 모든 노동자를.
CON1210.SBE	20	고통받는 건 우리지, 정치인들이 아니야.
CON1210.SBE	21	무슨 말을 하든, 놈들이 시작하면... 알자스를 되찾아야 해!
CON1210.SBE	22	로렌도!
CON1210.SBE	23	아직도 모르겠나. 현대전은 칼로 싸우는 시대가 아니야.
CON1210.SBE	24	학살이 될 거야. 지금은 1870년이 아니라고!
CON1210A.SBE	0	실례합니다. 일하러 가봐야겠습니다.
CON1210A.SBE	1	하지만 자네 말엔 흥미가 가. 이야긴 나중에 마저 하세.
CON1500.SBE	0	무슈, 실례합니다. 그곳은 무슈 객실이 아닙니다.
CON1500A.SBE	0	실례합니다, 무슈 휘트니. 그곳은 무슈 객실이 아닙니다.
CON1500B.SBE	0	그곳은 무슈 객실이 아닙니다. 무슈 객실은 1번입니다.
CON1500C.SBE	0	무슈 객실은 1번, 맨 끝 객실입니다.
CON1501.SBE	0	무슈, 그곳은 헤어 슈미트 객실입니다.
CON1501A.SBE	0	무슈, 그곳은 헤어 아우구스트 슈미트 객실입니다.
CON1502.SBE	0	실례합니다, 무슈 휘트니. 그곳은 무슈 알렉세이 돌니코프 객실입니다.
CON1502A.SBE	0	무슈,
CON1502A.SBE	1	그 객실은 젊은 러시아 신사, 무슈 알렉세이 돌니코프의 객실입니다.
CON1503.SBE	0	무슈, 그곳은 무슈 마흐무드 막타 객실입니다.
CON1503A.SBE	0	그러지 마십시오, 무슈!
CON1503B.SBE	0	무슈, 제발요. 그러다 문제가 생기면 제가 책임질 수 없습니다.
CON1503C.SBE	0	무슈, 실례합니다! 그 객실들은 4번 객실 신사분의 구역입니다.
CON1503D.SBE	0	무슈, 제발요! 4번 객실의 신사분이 몹시 불쾌해하실 겁니다.
CON1503E.SBE	0	무슈, 제발요! 그 숙녀분들은 방해받는 걸 싫어하십니다.
CON2010.SBE	0	그래서, 어젯밤 대화를 이어가려고 온 건가?
CON2010.SBE	1	곰곰이 생각해 봤는데, 조레스 씨 주장엔 모순이 있더군.
CON2010.SBE	2	그래? 어디 한번 설명해 봐!
CON2010.SBE	3	자네 말로는 전쟁이 나도 독일 대 프랑스가 아니라,
CON2010.SBE	4	노동자들끼리 서로 싸우게 된다는 거지.
CON2010.SBE	5	정확해.
CON2010.SBE	6	그리고 총동원이 걸리면 총파업을 해야 한다는 거고.
CON2010.SBE	7	총동원이 걸리면, 그렇지.
CON2010.SBE	8	그러면 전쟁은 없어진다.
CON2010.SBE	9	당연하지. 노동자 없이는 전쟁도 못 하니까.
CON2010.SBE	10	철도도, 공장도 다 멈추면...
CON2010.SBE	11	거기서 문제가 생겨. 우리가 파업해도 독일 노동자들이 안 하면...
CON2010.SBE	12	...그다음엔 어떻게 되지?
CON2010.SBE	13	잠깐만...
CON2010.SBE	14	바로 그거야! 그러면 사흘이면 파리에 들어오겠지.
CON2010.SBE	15	그때 자네 조레스 씨는 어디 있을 것 같나? 브뤼셀이지!
CON2010.SBE	16	잠깐! 자넨 뭐든 너무 단순화해!
CON2010.SBE	17	당연히 국제적 운동을 전제로 하는 말이잖아!
CON2010.SBE	18	뭐, 됐어. 조레스 씨가 안 탄 게 아쉽군.
CON2010.SBE	19	직접 얼굴 보고 그 질문을 던져 보고 싶었는데.
CON2010.SBE	20	딱한 친구 같으니. 자네가 감히 물어봤다 한들...
CON2010.SBE	21	인정해. 이번 논쟁은 내가 이겼어!
CON2020.SBE	0	무슈, 부탁드립니다. 호루라기는 객실 안에서 불어 주십시오.
CON3012.SBE	0	또 당신이오?
CON3012.SBE	1	파리-콘스탄티노플 노선을 탈 때마다 아내에게 약속하지.
CON3012.SBE	2	동양 물건 하나는 꼭 사간다고. 지난번엔 구리 팔찌였고.
CON3012.SBE	3	이번엔 기껏해야 엽서 한 장이겠어.
CON3012.SBE	4	팁도 없다고?
CON3012.SBE	5	미국인은 크게 실망이고, 러시아인은 말할 것도 없어.
CON3012.SBE	6	둘 다 일등석 여행의 의미를 전혀 모르더군.
CON3012.SBE	7	독일인은 보통 큰손이지. 예전에도 태운 적 있는데,
CON3012.SBE	8	이번엔 영 폼이 안 나. 뭔가 마음에 걸린 일이 있는 눈치야.
CON3012.SBE	9	자네 운이 바뀔지도 모르지.
CON3012.SBE	10	그 사람 눈이 F 객실의 음악 천사를 향해 있더군.
CON3012.SBE	11	아침 내내 달콤하게 우리 귀를 즐겁게 해주던 그 아가씨 말이야.
CON3012.SBE	12	신사가 숙녀에게 잘 보이고 싶을 때는
CON3012.SBE	13	돈을 팍팍 쓰기 마련이지.
CON3012.SBE	14	뭐, 자네 말이 맞다면 그중 좀 내게도 떨어지겠군.
CON3012.SBE	15	아무튼 난 하렘 호위인에게 기대를 걸고 있어.
CON3012.SBE	16	그들이 누구 사람인지는 알지?
CON3012.SBE	17	설마, 그럴 리가!
CON3012.SBE	18	저런 사람은 끝까지 가봐야 알아.
CON3012.SBE	19	사람을 벌레 보듯 대하고, 면전에 침 뱉고, 협박하다가...
CON3012.SBE	20	끝에 선물 하나 툭 쥐여 주면 코트다쥐르에서 은퇴도 가능하지.
CON3012.SBE	21	난 아니야. 은퇴 준비는 다 돼 있고, 그곳도 프랑스는 아니거든.
CON3012.SBE	22	1914년이 내 유럽 생활의 마지막 해다.
CON3012.SBE	23	못 기다리겠다는 거군, 응?
CON3012.SBE	24	알제에서 날 기다리는 예쁜 집을 보면
CON3012.SBE	25	자네도 유럽이 안 그리울 거야. 즐길 줄만 알면 거긴 낙원이지.
CON3012.SBE	26	맨 끝 객실 숙녀분들께 물어봐.
CON3012.SBE	27	조심해. 그러다 여정 끝 보상 날아간다.
CON3012.SBE	28	저 사람에게서 내가 받을 보상은 배에 칼 맞는 것뿐이야.
CON3012.SBE	29	그럼 이만.
CON3012.SBE	30	나중에 보자!
CON3020.SBE	0	차장입니다, 선생님. 부르셨습니까?
CON3051.SBE	0	안녕하세요, 마드무아젤. 각하께서 기다리고 계십니다.
CON3052.SBE	0	- 헤어 슈미트, 이쪽으로 오십시오. - 감사합니다.
CON3053.SBE	0	- 무슈 휘트니, 이쪽으로 오십시오. - 고마워요.
CON3054.SBE	0	무슈 휘트니, 이미 시작했지만 어서 들어가십시오.
CON3054.SBE	1	고맙소.
CON5001.SBE	0	승객들이 객실에 머물도록 하시오.
CON5001.SBE	1	주방 직원들도 마찬가지요. 복도에 아무도 있어선 안 됩니다.
CON5001.SBE	2	예, 선생님.
CON5001.SBE	3	명심하시오. 최우선은 승객들의 생명 보호요.
CON5001.SBE	4	죽은 영웅은 필요 없습니다.
CON5001.SBE	5	예, 선생님. 제게 맡기십시오.
CON5002.SBE	0	네, 누구죠?
CON5002A.SBE	0	무슈, 객실로 돌아가 주시겠습니까?
CON5002A.SBE	1	무슈의 안전을 위한 조치입니다.
DEUTSCHA.SBE	0	도이치-아브리쿠르 오전 1:18
EPERNAY.SBE	0	에페르네 오후 9:16
FRA1001.SBE	0	실례합니다.
FRA1001A.SBE	0	실례합니다.
FRA1001B.SBE	0	실례합니다.
FRA1001C.SBE	0	실례합니다.
FRA2005A.SBE	0	기다려! 기다려!
FRA2005A.SBE	1	아하! 잡았다!
FRA2005B.SBE	0	야! 돌아와! 해치지 않을게!
FRA2005C.SBE	0	어디 갔어?
FRA2010.SBE	0	검은 딱정벌레를 봤어.
FRA2010.SBE	1	정말이야.
FRA2010.SBE	2	응, 내가 잡았는데...
FRA2010.SBE	3	...도망가 버렸어.
FRA2011.SBE	0	큰 건 아버지고 작은 건 아들이야.
FRA2011.SBE	1	둘은 사막으로 가는 길이야.
FRA2011.SBE	2	그런데 병사들이 열차를 공격해! 빵! 빵! 총을 쏴...
FRA2011.SBE	3	아버지는 죽고... 아니, 다치고 나서 다시 쏴...
FRA2011.SBE	4	빵빵빵! 맞혔다!
FRA2011.SBE	5	하지만 아들은 죽었어. 불쌍한 아이.
FRA2012.SBE	0	저쪽은 독일군, 이쪽은 프랑스군이야.
FRA2012.SBE	1	좋아. 이제 시작할 수 있어.
FRA2012.SBE	2	잠깐, 잠깐! 넌 여기 있어. 넌 저기로 가. 이제 움직이지 마.
FRA2012.SBE	3	말 안 들으면 다리 뽑아버릴 거야. 시작하라고 할 때까지 기다려.
FRA2012.SBE	4	움직이지 마!
FRA2012.SBE	5	프랑수아, 얌전히 좀 놀아라.
FRA2012.SBE	6	움직이지 말랬지. 이제 넌 못 움직여. 경고했잖아.
FRA2012.SBE	7	좋아, 처음부터 다시 하자.
GALANTA.SBE	0	갈란타 오후 8:47
HED1001.SBE	0	좋은 저녁입니다, 무슈.
HED1001.SBE	1	여기 구석에 좋은 자리를 마련해 두었습니다.
HED1001.SBE	2	이쪽으로 따라오십시오.
HED1001A.SBE	0	앉으십시오, 무슈.
HED1002.SBE	0	무슈, 실례합니다.
HED1002A.SBE	0	실례합니다, 무슈.
JAC1001.SBE	0	차장입니다, 마담.
JAC1001A.SBE	0	차장입니다, 마담.
JAC1001B.SBE	0	차장입니다, 무슈.
JAC1012.SBE	0	침대 정리하러 왔습니다, 무슈.
JAC1012B.SBE	0	밤 침대 정리하러 왔습니다, 마담.
JAC1013.SBE	0	안녕히 주무십시오, 무슈.
JAC1013A.SBE	0	좋은 밤 되십시오.
JAC1030.SBE	0	침대 정리하러 왔습니다, 마담.
JAC1111.SBE	0	실례합니다, 무슈.
JAC1111A.SBE	0	실례합니다, 무슈.
JAC1111B.SBE	0	실례합니다, 무슈.
JAC1111C.SBE	0	실례합니다.
JAC1111D.SBE	0	실례합니다, 마담.
JAC1112.SBE	0	실례합니다, 무슈.
JAC1112B.SBE	0	안녕하세요, 마담.
JAC1112C.SBE	0	좋은 저녁입니다, 마담.
JAC1112D.SBE	0	좋은 저녁입니다, 무슈.
JAC1112E.SBE	0	안녕하세요, 무슈.
JAC1112F.SBE	0	좋은 저녁입니다, 마드무아젤.
JAC1112G.SBE	0	안녕하세요, 마드무아젤.
JAC1113.SBE	0	안녕히 주무십시오, 무슈 휘트니. 내일 뵙겠습니다.
JAC1113A.SBE	0	안녕히 주무십시오, 무슈. 푹 주무세요.
JAC1113B.SBE	0	실례합니다, 무슈 휘트니.
JAC1120.SBE	0	꼬마야, 좀 조용히 하지 못하겠니!
JAC1120.SBE	1	요즘 아이들은... 커서 어쩌려는지 원.
JAC1500.SBE	0	그곳은 무슈 객실이 아닙니다.
JAC1500A.SBE	0	무슈, 그곳은 무슈 객실이 아닙니다.
JAC1501.SBE	0	세르비아 신사분들은 지금 안 계십니다, 무슈.
JAC1502.SBE	0	그곳은 무슈 밀로스 요바노비치 객실입니다, 무슈.
JAC1502A.SBE	0	세르비아 신사분은 지금 안 계십니다, 무슈.
JAC1503.SBE	0	마드무아젤 볼프는 지금 안 계십니다, 무슈.
JAC1503A.SBE	0	실례합니다, 무슈. 이곳은 마드무아젤 안나 볼프 객실입니다.
JAC1503B.SBE	0	마드무아젤 볼프는 연주회에 계십니다, 무슈.
JAC1504.SBE	0	실례합니다, 무슈. 마드무아젤 드 브레퇴유와 미스 노턴은 지금 안 계십니다.
JAC1504A.SBE	0	아가씨들은 지금 안 계십니다, 무슈.
JAC1504B.SBE	0	아가씨들은 연주회에 계십니다, 무슈.
JAC1505.SBE	0	실례합니다, 무슈. 그곳은 마담 부타렐 객실입니다.
JAC1506.SBE	0	실례합니다, 무슈. 그곳은 무슈 부타렐 객실입니다.
JAC1506A.SBE	0	실례합니다, 무슈.
JAC1506A.SBE	1	그곳은 무슈 부타렐과 영국 신사분의 객실입니다.
JAC1506B.SBE	0	실례합니다, 무슈. 그곳은 무슈 부타렐과 미스터 애벗의 객실입니다.
JAC1507.SBE	0	실례합니다, 무슈. 그곳은 미스 타티아나 오볼렌스카야 객실입니다.
JAC1507A.SBE	0	미스 오볼렌스카야는 지금 안 계십니다, 무슈. 연주회에 계신 듯합니다.
JAC1508.SBE	0	무슈, 여긴 무슈 객실이 아닙니다. 다른 침대칸으로 가셔야 합니다.
JAC1508A.SBE	0	실례합니다, 무슈.
JAC1508A.SBE	1	그곳은 오볼렌스키 백작 객실입니다. 무슈 객실은 다음 침대칸에 있습니다.
JAC2020.SBE	0	무슈, 제발요.
JAC2020.SBE	1	이런 건 아이에게나 할 법한 짓이지, 무슈는 어른 아닙니까!
JAC2020.SBE	2	이건 너무하십니다.
JAC3005.SBE	0	누구세요?
JAC3005.SBE	1	차장입니다, 마담.
JAC3005.SBE	2	들어오세요.
JAC3005A.SBE	0	실례합니다, 마드무아젤 노턴, 마드무아젤 드 브레퇴유.
JAC3005A.SBE	1	크로노스 전하께서 두 분을 전용 객차로 초대하고자 하십니다.
JAC3005A.SBE	2	세 시에 작은 연주회가 있습니다.
JAC3005A.SBE	3	정말 멋지네요.
JAC3005A.SBE	4	마담 볼프께서 바이올린을 연주하실 겁니다.
JAC3005A.SBE	5	마담 볼프가요?
JAC3005A.SBE	6	저희야 기쁘죠. 그렇지, 소피?
JAC3006.SBE	0	누구죠?
JAC3006.SBE	1	차장입니다, 마담.
JAC3006.SBE	2	들어오세요.
JAC3006A.SBE	0	실례합니다, 마드무아젤.
JAC3006A.SBE	1	크로노스 전하께서 오늘 오후
JAC3006A.SBE	2	세 시에 전용 객차로 와주시길 청하십니다.
JAC3006A.SBE	3	작은 연주회를 마련하셨습니다.
JAC3006A.SBE	4	할아버지께서요?
JAC3006A.SBE	5	마드무아젤께 한 말씀 드려도 된다면,
JAC3006A.SBE	6	바람을 좀 쐬시면 몸에 좋을지도 모릅니다.
JAC3006A.SBE	7	마드무아젤 볼프는 세계적으로 유명한 바이올리니스트입니다.
JAC3006A.SBE	8	연주를 놓치시면 아까우실 겁니다.
JAC3006A.SBE	9	고마워요.
JAC3006A.SBE	10	좋은 오후 보내십시오, 마드무아젤.
JAC3020.SBE	0	차장입니다, 마담.
JAC3020.SBE	1	부르셨습니까?
JAC3020.SBE	2	전기라! 이게 바로 미래지.
JAC3021.SBE	0	차장입니다, 선생님.
JAC3021.SBE	1	부르셨습니까?
JAC3021.SBE	2	차장입니다.
JAC3021.SBE	3	누가 벨을 누르셨습니까?
JAC3021.SBE	4	문 좀 열어주십시오.
JAC3021.SBE	5	아무도 없군.
JAC5002.SBE	0	네, 누구죠?
JAC5002A.SBE	0	무슈, 본인 객실로 돌아가 주셔야 합니다.
JAC5002A.SBE	1	이는 열차장 지시입니다.
JAC5010.SBE	0	무슈.
JAC5010.SBE	1	제발요, 상황은 통제되고 있습니다.
JAC5010.SBE	2	모든 승객께 객실에 머물러 주시길 요청드리고 있습니다.
JAC5010.SBE	3	열차를 세울 수 있을 때까지요.
KAH1001.SBE	0	네?
KAH1001A.SBE	0	실례합니다.
KIT1010.SBE	0	더 얇게 썰랬잖아, 더 얇게!
KIT1010.SBE	1	귀가 먹었냐, 아니면 머리가 나쁘냐?
KIT1010.SBE	2	죄송합니다! 그래도 당근일 뿐이잖아요!
KIT1010.SBE	3	이 멍청한 놈!
KIT1010.SBE	4	제일 쉬운 일도 네 작은 머리로는 버거운 거냐!
KIT1011.SBE	0	아, 실례합니다, 무슈. 하하하.
KIT1011.SBE	1	좋은 저녁입니다, 무슈. 하하하.
KIT1011A.SBE	0	당근뿐이라고? 네가 주방장보다 더 잘 안다는 거냐?
KIT1011A.SBE	1	아야!
KIT1011A.SBE	2	요즘 견습들은 정말!
KIT1011A.SBE	3	내가 너처럼 무능하고 굼떴다면,
KIT1011A.SBE	4	열차가 달리는 중에 벌써 내쫓겼을 거다!
KIT1012.SBE	0	내가 본 견습 중 네가 최악이다!
KIT1012.SBE	1	오리엔트 특급에서 널 쓰게 두다니 기가 막히는군!
KIT1012.SBE	2	죄송합니다! 죄송합니다!
KIT1012.SBE	3	파리 아무 브라세리에 가도 너보다 나은 손을 구하겠다!
KIT1012.SBE	4	하지만 보세요, 칼이... 칼날이... 칼날이 무뎌서요.
KIT1012.SBE	5	그게 바로 문제라는 거다! 뭘 기다리냐, 당장 갈아!
KIT1012.SBE	6	전부... 전부요?
KIT1012.SBE	7	당연히 전부지!
KRO3003.SBE	0	누구였지?
KRO3003.SBE	1	미국인이었습니다, 각하.
KRO3003.SBE	2	무슨 용건이었지?
KRO3003.SBE	3	묻지 않았습니다. 불러올까요?
KRO3003.SBE	4	아니, 그럴 필요 없다.
KRO3003.SBE	5	내게 들려줄 만한 흥미로운 말은 없을 테니.
KRO3003.SBE	6	돌려보낸 건 잘했다.
KRO3004.SBE	0	미국인입니다, 각하.
KRO3004.SBE	1	이번에는 각하께서 직접 만나 보셔야 할 듯합니다.
KRO3004.SBE	2	그래.
KRO3005.SBE	0	아무것도 모르는군.
KRO3005.SBE	1	내 짐작대로다.
KRO3005.SBE	2	오스트리아 여자가 불새를 갖고 있다.
KRO3005.SBE	3	용서하십시오, 각하.
KRO3005.SBE	4	어젯밤에도 제가 그렇게 말씀드렸습니다.
KRO3005.SBE	5	왜 아직 그 여자의 객실을 수색하지 않았지?
KRO3005.SBE	6	그 객실은 경계가 삼엄합니다, 각하.
KRO3005.SBE	7	밤낮없이요.
KRO3005.SBE	8	아, 그래. 그 개.
KRO3005.SBE	9	두려운 것은 아닙니다, 각하.
KRO3005.SBE	10	하지만 객실에 들어가면 그 개가 저를 공격할 겁니다.
KRO3005.SBE	11	각하께서 원하신다면 물론...
KRO3005.SBE	12	알겠다, 카히나.
KRO3005.SBE	13	비엔나까지는 아직 몇 시간이 남아 있다.
KRO3005.SBE	14	미스 볼프가 자리를 비우게끔 내가 손써 두겠다.
KRO3005.SBE	15	그리고 자네를 그토록 불안하게 만드는 그 짐승도.
KRO3005.SBE	16	그다음 카히나, 자네가 불새를 찾아라.
KRO3005.SBE	17	예, 각하.
KRO5001.SBE	0	미스터 캐스, 시간을 낭비할 여유가 없습니다.
KRO5002.SBE	0	이럴 시간은 없습니다.
LINZ.SBE	0	린츠 오후 2:55
LUNEVILL.SBE	0	뤼네빌 오후 12:44
MAH1170B.SBE	0	막 밤 침대 정리를 하려던 참이었습니다, 무슈.
MAH1170D.SBE	0	실례했습니다. 죄송합니다.
MAH1170F.SBE	0	정말 죄송합니다, 무슈. 제가 이해를 못 했습니다.
MAH1170H.SBE	0	예, 무슈.
MAH1170I.SBE	0	용서해 주십시오, 무슈.
MAH1172.SBE	0	예, 무슈. 죄송합니다, 무슈. 편안한 밤 되십시오, 무슈.
MIL1031A.SBE	0	타일러, 나 밀로스야.
MIL1031B.SBE	0	밀로스야. 들여보내 줘.
MIL1032.SBE	0	- 누구지? - 밀로스야. 들여보내 줘.
MIL1117A.SBE	0	네? 누구죠?
MIL1118.SBE	0	들어와.
MME1035A.SBE	0	프랑수아! 이리 와! 지금 당장 그만둬!
MME1036.SBE	0	그만 안 하면 독일 다음 역에서 널 내려버릴 거야.
MME1036.SBE	1	그러고 싶니?
MME1037.SBE	0	이 호루라기는 어디서 났니?
MME1037.SBE	1	주웠어.
MME1037.SBE	2	어디서?
MME1037.SBE	3	바닥에서.
MME1037.SBE	4	왜 숨기니? 이리 보여 줘.
MME1037.SBE	5	싫어! 내가 주웠어, 내 거야!
MME1037.SBE	6	넌 정말 못 말린다. 갖고 있어도 좋지만, 불지는 마!
MME1037.SBE	7	약속할게.
MME1038.SBE	0	누구죠?
MME1038C.SBE	0	누구죠?
MME1040.SBE	0	어떤 남자가 창문으로 떨어지는 걸 봤어. 선로를 따라 구르더라.
MME1040.SBE	1	정말?
MME1040.SBE	2	응, 굴러가다가... 죽었어.
MME1040.SBE	3	프랑수아, 제발. 장난감 가지고 가서 놀아.
MME1040A.SBE	0	죽었어... 죽었어... 죽었어...
MME1040A.SBE	1	프랑수아! 노래 그만해! 시끄럽다.
MME1040A.SBE	2	울고 싶으면 울어! 어디 울어봐!
MME1040A.SBE	3	그래, 네 인생 정말 힘들지. 널 괴롭히는 끔찍한 엄마가 나잖아.
MME1041.SBE	0	무슨 일이야? 왜 울어?
MME1041.SBE	1	그렇게까지 슬픈 일은 아니잖니... 눈물 닦아.
MME1041.SBE	2	괜찮아, 이제 끝났어...
MME1101.SBE	0	예, 마담?
MME1101.SBE	1	제가 잘못 들은 건가요, 아니면 우리 옆 객실에 개가 있나요?
MME1101.SBE	2	바로 옆은 아니지만, 맞습니다, 마담.
MME1101.SBE	3	그 개는 미스 볼프의 개입니다.
MME1101.SBE	4	회사가 자체 규정을
MME1101.SBE	5	이렇게 무시하다니 정말 놀랍군요.
MME1101.SBE	6	물론 마담 말씀이 맞습니다만, 아시다시피
MME1101.SBE	7	미스 볼프는 늘 그 개와 함께 여행하십니다.
MME1101.SBE	8	소음도 소음이지만 위생은 어떡합니까...
MME1101.SBE	9	일등 객차에서 이건 정말 지나칩니다!
MME1101.SBE	10	무슨 말씀인지 압니다, 마담. 일반적인 일등 열차라면
MME1101.SBE	11	당연히 있을 수 없는 일이지요. 하지만 이곳은 오리엔트 특급입니다.
MME1101.SBE	12	미스 볼프가 큰 개 없이는 절대 여행하지 않는다는 건 온 세상이 아는 사실입니다.
MME1101.SBE	13	그것도 오리엔트 특급의 낭만적인 전설의 일부입니다.
MME1101.SBE	14	가끔은 운이 없어
MME1101.SBE	15	열차에서 이 유명한 한 쌍을 못 본 승객들이 무척 아쉬워하기도 하지요.
MME1101.SBE	16	흠... 목줄은 하고 있겠지요?
MME1101.SBE	17	물론입니다, 마담. 아주 잘 훈련된 개입니다.
MME1101.SBE	18	이보다 훌륭한 개는 못 보실 겁니다.
MME1101.SBE	19	장담하건대, 열차에 개가 있다는 것도 거의 못 느끼실 겁니다.
MME1101.SBE	20	흥, 두고 보지요.
MME1101.SBE	21	더 필요하신 건 없으십니까, 마담?
MME1101.SBE	22	아니요, 고맙습니다.
MME1101.SBE	23	안녕히 주무십시오, 마담.
MME1103A.SBE	0	실례합니다.
MME1103B.SBE	0	실례합니다, 무슈.
MME1103C.SBE	0	실례합니다, 무슈.
MME1103D.SBE	0	실례합니다.
MME1151.SBE	0	좋은 저녁입니다, 마담.
MME1151.SBE	1	이런 소동이 있었으니 해명을 듣는 게 지나친 요구는 아니겠지요.
MME1151.SBE	2	물론 아닙니다, 마담.
MME1151.SBE	3	저는 고급 열차를 자주 이용해 왔고, 제 남편은 기술자예요.
MME1151.SBE	4	그러니 제가 회사 사장에게 직접 항의 서한을 보낼 겁니다.
MME1151.SBE	5	그러실 권리가 충분합니다, 마담. 이번 소동은 예상치 못한 일이었습니다.
MME1151.SBE	6	안타깝게도 현지 경찰이 개입했습니다.
MME1151.SBE	7	물론 저희도 설명하려 했습니다만, 아시다시피 여긴 프랑스입니다.
MME1151.SBE	8	무슨 일이었죠?
MME1151.SBE	9	마담께서 이렇게 이해해 주셨으니,
MME1151.SBE	10	경찰이 제게 한 말을 말씀드려도 되겠습니다.
MME1151.SBE	11	좋습니다.
MME1151.SBE	12	선로 옆에서 시신 하나가 발견됐습니다, 마담.
MME1151.SBE	13	경찰은 이 열차에서 던져진 것일 수 있다고 봤습니다.
MME1151.SBE	14	제가 봤어요! 제가 봤어요!
MME1151.SBE	15	조용히 해, 프랑수아. 그래서 아무것도 못 찾았다는 거죠?
MME1151.SBE	16	아무것도 없습니다, 마담. 오해였습니다. 걱정하실 일 없습니다.
MME1151.SBE	17	정말이에요, 창문으로 내던졌어요, 제가 봤다니까요!
MME1151.SBE	18	프랑수아, 지어내지 마.
MME1151.SBE	19	실례가 안 된다면, 마담, 저는 가봐야겠습니다.
MME1151.SBE	20	고맙습니다.
MME1151.SBE	21	좋은 저녁 되십시오, 마담.
MME1151B.SBE	0	프랑수아, 지어내지 말라고 했지. 정말 못 참겠구나.
MME3001.SBE	0	예, 마담.
MME3001.SBE	1	이번엔 정말 한계예요. 그 개는 당장 치워야 합니다.
MME3001.SBE	2	죄송합니다, 마담. 불편을 겪으셨습니까...?
MME3001.SBE	3	냄새에 짖는 소리까지, 너무하군요! 작은 개, 푸들 정도라면 몰라도.
MME3001.SBE	4	저런 괴물 같은 개라니! 그것도 어린아이 바로 옆에서요!
MME3001.SBE	5	정말 죄송합니다, 마담. 미스 볼프에게 개를 조용히 시키라고 강하게 말하겠습니다.
MME3001.SBE	6	아니요, 그걸로는 안 됩니다.
MME3001.SBE	7	그 개는 수하물칸 우리에 넣어야 합니다.
MME3001.SBE	8	이렇게 명망 있는 회사가
MME3001.SBE	9	저런 허세 가득한 사람들, 소위 "예술가"들의 변덕을 봐주고...
MME3001.SBE	10	점잖은 고객은 무시하다니 놀랍군요.
MME3001.SBE	11	전 서커스가 아니라 호화 열차 표를 산 줄 알았습니다!
MME3001.SBE	12	이해합니다, 마담. 말씀은 전적으로 타당합니다.
MME3001.SBE	13	즉시 열차장에게 말씀드리겠습니다.
MME3001.SBE	14	말만 하실 게 아니라 조치를 하셔야죠.
MME3001.SBE	15	그 짐승을 침대칸에서 당장 치워 주세요.
MME3001.SBE	16	- 제 말 분명히 전했나요? - 예, 마담.
MME5001.SBE	0	누구죠?!?
MME5010.SBE	0	무슨 일이 벌어지는 건지 알고 싶습니다.
MME5010.SBE	1	죄송합니다, 선생님. 회사가 더는 상황을 통제하지 못하고 있습니다.
MME5010.SBE	2	모든 승객께 객실에 머물러 주시길 요청드리고 있습니다.
MME5010.SBE	3	열차를 멈출 수 있을 때까지요.
MME5010.SBE	4	열차를 멈춘다고요! 그럼 지금 통제를 못 한다는 겁니까?
MME5010.SBE	5	세상에, 우리 다 죽는 거야!
MME5010.SBE	6	클로드! 진정해요! 여보, 울지 마요.
MME5010.SBE	7	엄마가 여기 있잖아, 괜찮아.
MME5010.SBE	8	말도 안 돼! 여기 내 아내와 어린아이가 있단 말이오!
MME5010.SBE	9	뭔가 조치를 해야 하오! 당장 기관사를 만나게 하시오!
MME5010.SBE	10	곧바로 열차장을 보내드리겠습니다, 무슈.
MME5010.SBE	11	하지만 제발 객실에 계십시오. 안전을 위해서입니다.
MME5010.SBE	12	클로드! 저분 말대로 해요. 앉아요! 당신이 할 수 있는 건 없어요.
MRB1001.SBE	0	누구죠?
MRB1001A.SBE	0	누구죠? 들어오세요.
MRB1074.SBE	0	프랑수아, 저녁 먹을 준비해.
MRB1074.SBE	1	내 향수에 이게 뭐 떠다니는 거니?
MRB1074.SBE	2	유진이야. 출발 전에 방부 처리해 놨어.
MRB1074.SBE	3	내 사마귀야. 죽었어.
MRB1074.SBE	4	끔찍하구나. 정원에 버렸어야지.
MRB1074.SBE	5	클로드! 당신이 좀 말해요!
MRB1074.SBE	6	프랑수아, 엄마 물건은 만지면 안 된다.
MRB1074.SBE	7	실험에 써서도 안 되고.
MRB1074.SBE	8	다만 향수를 쓴 건 꽤 잘했다.
MRB1074.SBE	9	알코올에는 실제로 보존 효과가 있거든.
MRB1074.SBE	10	내 풍뎅이 호루라기도 죽었는데, 병에 안 들어갔어.
MRB1074.SBE	11	클로드, 정말 좀 말해줘요. 이 죽음에 대한 집착 말이에요,
MRB1074.SBE	12	일곱 살 아이가 이러는 게 정상으로 보여요?
MRB1074.SBE	13	왜 안 되지? 다른 것과 마찬가지로 자연스러운 과정이오.
MRB1074.SBE	14	하지만 장난감 호루라기가 어떻게 죽을 수 있죠?
MRB1074.SBE	15	죽었어.
MRB1075.SBE	0	냄새나!
MRB1075.SBE	1	앉아, 프랑수아.
MRB1075.SBE	2	쓸데없는 말은 삼가.
MRB1076.SBE	0	프랑수아, 얌전히 앉아 있어. 여긴 식당이고 어른들과 함께 있잖니.
MRB1076.SBE	1	얌전히 행동해야 해. 클로드, 좀 말해주세요.
MRB1076.SBE	2	클로드!
MRB1076.SBE	3	창밖을 봐, 프랑수아.
MRB1076.SBE	4	집에 가고 싶어. 우리 언제 집에 가?
MRB1076.SBE	5	바보 같은 소리 하지 마. 1년, 아니 그 이상 떠나 있는 거 알잖아.
MRB1076.SBE	6	아바단에서 아빠와 함께 지낼 거야.
MRB1076.SBE	7	왜?
MRB1076.SBE	8	아빠가 거기서 일하게 됐으니까. 정유소에서.
MRB1076.SBE	9	왜?
MRB1076.SBE	10	클로드, 우리가 가는 곳이 어떤지 말해줘요.
MRB1076.SBE	11	프랑수아도 더 듣고 싶어 할 거예요.
MRB1076.SBE	12	그 마을 얘기 좀 해봐요.
MRB1076.SBE	13	마을이라고? 나도 잘 몰라.
MRB1076.SBE	14	난 대부분 공사 현장에서 보내게 될 거야,
MRB1076.SBE	15	아니면 주변 사막을 측량하든가.
MRB1076.SBE	16	그래도... 상점은 많아요? 학교는요?
MRB1076.SBE	17	우리 집은 어떤가요? 하인들은요?
MRB1076.SBE	18	그건 당신 소관이지, 여보. 난 절대 간섭하지 않겠소.
MRB1076.SBE	19	도착하면 다른 기술자들 아내들에게 나를 소개해 줘요.
MRB1076.SBE	20	아빠, 사막에서 낙타 타도 돼?
MRB1076.SBE	21	물론이지.
MRB1076.SBE	22	절대 안 돼!
MRB1077.SBE	0	마담, 베아르네즈 소스 샤토브리앙 나왔습니다.
MRB1077.SBE	1	어린 손님 것은 웰던입니다.
MRB1077.SBE	2	그리고 선생님 것 나왔습니다.
MRB1077.SBE	3	감사합니다.
MRB1077.SBE	4	이건 제가 원한 게 아닌데요.
MRB1077.SBE	5	아닙니다, 스테이크 맞습니다. 손님께서 정확히 이렇게 주문하셨습니다.
MRB1077.SBE	6	감사합니다, 선생님.
MRB1077.SBE	7	맛있게 드십시오.
MRB1078.SBE	0	열차 맨 끝까지 갔다가
MRB1078.SBE	1	뱀을 두른 여자를 봤어.
MRB1078.SBE	2	바보 같은 소리 말고 저녁이나 먹어, 프랑수아.
MRB1078.SBE	3	큰 뱀이 그 여자 몸을 휘감고 있었어.
MRB1078.SBE	4	보아뱀만큼 굵었다니까.
MRB1078.SBE	5	클로드, 정말 한마디 좀 해줘요.
MRB1078.SBE	6	너무 터무니없는 이야기를 지어내잖아요.
MRB1078.SBE	7	상상력은 과학자에게 매우 중요하오.
MRB1078.SBE	8	위대한 발견도 처음엔 다 의심받았지.
MRB1078.SBE	9	얘는 일곱 살이에요.
MRB1078.SBE	10	이번 여행에서 세상을 뒤흔들 발견을 할 것 같지는 않네요.
MRB1078.SBE	11	초콜릿 소스 크레프 먹고 싶어.
MRB1078.SBE	12	얌전히 앉아서 저녁이나 먹어.
MRB1078A.SBE	0	아빠, 사막에도 곤충이 있어?
MRB1078A.SBE	1	아빠 귀찮게 하지 마, 프랑수아.
MRB1078A.SBE	2	곤충은 어디에나 있단다, 프랑수아.
MRB1078A.SBE	3	질문하기 전에 조사부터 해야지.
MRB1078A.SBE	4	책은 찾아봤니?
MRB1078A.SBE	5	엄마가 식탁에서는 책 읽지 말랬어.
MRB1078A.SBE	6	프랑수아, 얌전히 앉아. 지금은 집이 아니야.
MRB1079.SBE	0	갈까?
MRB1079.SBE	1	왜?
MRB1079.SBE	2	어서!
MRB1080.SBE	0	열차 맨 끝에 가봐도 돼?
MRB1080.SBE	1	잘 시간이야, 프랑수아.
MRB1080.SBE	2	열차 맨 끝은 내일 가면 돼.
MRB1104.SBE	0	실례합니다, 무슈. 죄송합니다.
MRB2001.SBE	0	첫 번째 침대칸에 예쁜 아가씨들이 있어. 사탕도 줬어.
MRB2001.SBE	1	프랑수아! 그 여자들과는 상종도 못 하게 할 거야.
MRB2001.SBE	2	클로드, 당신이 말 좀 해요.
MRB2001.SBE	3	왜?
MRB2001.SBE	4	다양한 문화 관습을 접해보게 하는 게 그애한텐 좋소.
MRB2001.SBE	5	어차피 마스지드에솔레이만은 이슬람 도시요.
MRB2001.SBE	6	그 사람들이 아이를 납치하면요? 그것도 좋은 학습 기회인가요?
MRB2001.SBE	7	나를 자기들 침대로 데려가서 같이 놀아줬고...
MRB2001.SBE	8	사탕도 줬어.
MRB2001.SBE	9	클로드!
MRB3010.SBE	0	세상에. 또 카이요 부인 그 시시한 이야기군.
MRB3010.SBE	1	몇 주째 1면을 통째로
MRB3010.SBE	2	이 황당한 살인 재판에 할애하다니, 참 전형적이야.
MRB3010.SBE	3	유럽에 다른 일은 하나도 없는 줄 알겠다니까.
MRB3010.SBE	4	자, 프랑스 분이시니 이 사건을 어떻게 보십니까?
MRB3010.SBE	5	어째서 살인 재판의 저열한 세부사항이
MRB3010.SBE	6	대중을 그토록 매혹시키는 걸까요?
MRB3010.SBE	7	물론 프랑스에만 있는 일이라는 뜻은 아닙니다.
MRB3010.SBE	8	영국 신문도 크게 다르지 않지요.
MRB3010.SBE	9	그래도 프랑스는 유독 지나치게 몰아가요.
MRB3010.SBE	10	르 피가로 1면을 여섯 단으로 도배하고,
MRB3010.SBE	11	12면엔 재판 속기록 전문까지 싣다니,
MRB3010.SBE	12	좀 지나치지 않습니까?
MRB3010.SBE	13	실례하겠습니다. 이제 가족을 데리고 점심 먹으러 가야 해서요.
MRB3010.SBE	14	벌써 정오입니까? 세상에, 정말이군요.
MRB3010.SBE	15	그럼 식당칸에서 뵙게 될지도 모르겠군요.
MRB3101.SBE	0	왜 그 영국인과 같은 객실을 써야 하는지 모르겠어요.
MRB3101.SBE	1	다른 데 배정하면 될 걸요?
MRB3101.SBE	2	내 직업에서는 스스로를
MRB3101.SBE	3	열악한 생활 환경에 익숙하게 해야 하오.
MRB3101.SBE	4	그래서 프랑수아와 내가 아바단에 가는 거예요...
MRB3101.SBE	5	당신에게 제대로 된 보금자리를 마련하려고요. 사막에서 석유를 찾겠다니!
MRB3101.SBE	6	빌프랑슈에 그대로 사는 게 뭐가 문제였나요? 당신 직장도 좋았고,
MRB3101.SBE	7	우리 작은 집도 너무 좋았잖아요! 정원도 이제 꽃피기 시작했는데.
MRB3101.SBE	8	아바단에도 정원이 있겠죠?
MRB3101.SBE	9	사막은 정원으로 유명하진 않소. 하지만 석유가 있지.
MRB3101.SBE	10	그 석유가 다 떨어지면요? 프랑수아는 사막 유목민처럼 거칠어질 거예요!
MRB3101.SBE	11	벌써 통제가 안 되잖아요. 바닥을 기어다니며 더러운 것만 주워대고.
MRB3101.SBE	12	엄마, 창밖 봐, 묘지야.
MRB3101.SBE	13	바닥은 딱정벌레를 찾기 좋은 자연스러운 장소지.
MRB3101.SBE	14	아! 당신과는 말이 안 통해요.
MRB3102.SBE	0	개 소동도 모자라 이제 바이올린까지.
MRB3102.SBE	1	정말 너무해요. 차장에게 한마디 해야겠어요.
MRB3102.SBE	2	저 뚱뚱한 아저씨랑 같이 앉은 그 여자야? 난 예쁘다고 생각해.
MRB3102.SBE	3	프랑수아, 밥 먹어.
NANCY.SBE	0	낭시 오전 12:08
POL1043A.SBE	0	감사합니다, 선생님. 좋은 저녁 되십시오. 번거롭게 해드려 죄송합니다.
POL1043B.SBE	0	감사합니다, 선생님. 좋은 저녁 되십시오. 번거롭게 해드려 죄송합니다.
POL1043B.SBE	1	좋은 저녁입니다.
POL1043C.SBE	0	감사합니다, 선생님. 좋은 저녁 되십시오. 번거롭게 해드려 죄송합니다.
POL1043D.SBE	0	감사합니다, 선생님. 좋은 저녁 되십시오. 번거롭게 해드려 죄송합니다.
POL1043E.SBE	0	감사합니다, 마담. 좋은 저녁 되십시오. 번거롭게 해드려 죄송합니다.
POL1043E.SBE	1	좋은 저녁입니다.
POL1043F.SBE	0	감사합니다, 마담. 좋은 저녁 되십시오. 번거롭게 해드려 죄송합니다.
POL1043G.SBE	0	감사합니다, 마담. 좋은 저녁 되십시오. 번거롭게 해드려 죄송합니다.
POL1043G.SBE	1	천만에요.
POL1043H.SBE	0	감사합니다, 아가씨. 좋은 저녁 되십시오. 번거롭게 해드려 죄송합니다.
POL1043J.SBE	0	감사합니다, 아가씨. 좋은 저녁 되십시오. 번거롭게 해드려 죄송합니다.
POL1044A.SBE	0	좋은 저녁입니다. 경찰입니다. 문 열어주십시오.
POL1044B.SBE	0	좋은 저녁입니다. 경찰입니다. 문 열어주십시오.
POL1045A.SBE	0	경찰입니다, 선생님.
POL1045B.SBE	0	잠시만요...
POL1045B.SBE	1	들어오십시오.
POL1045C.SBE	0	잠깐만요.
POL1045C.SBE	1	무슈, 경찰입니다. 문 여십시오.
POL1045D.SBE	0	- 예? 누구죠? - 경찰입니다, 무슈.
POL1045E.SBE	0	잠깐만요!
POL1045E.SBE	1	경찰입니다, 마담.
POL1045G.SBE	0	누구죠?
POL1045G.SBE	1	경찰입니다, 마담.
POL1045G.SBE	2	경찰이라고요?
POL1045G.SBE	3	잠시만요.
POL1045G.SBE	4	들어오세요!
POL1045H.SBE	0	누구죠?
POL1045H.SBE	1	경찰입니다, 무슈.
POL1045H.SBE	2	잠시만요.
POL1045H.SBE	3	들어오시오!
POL1045J.SBE	0	잠깐만요.
POL1045J.SBE	1	들어오세요.
POL1046.SBE	0	좋은 저녁입니다, 선생님. 문 열어주십시오.
POL1046A.SBE	0	무슈, 경찰입니다. 문 여십시오.
POL1046B.SBE	0	- 무슨 일입니까? - 경찰입니다, 무슈.
POL1101.SBE	0	신사 여러분, 지연 중입니다. 지금 즉시 출발해야 합니다. 안녕히 계십시오.
POL1101.SBE	1	잠깐. 원래 승객이 24명이어야 하는데 23명만 확인됐소.
POL1101.SBE	2	한 명이 사라졌소!
POL1101.SBE	3	유감입니다만, 오리엔트 특급은 정시 운행을 지켜야 합니다.
POL1101.SBE	4	지금 내리시든지, 아니면 샬롱까지 동행하시든지 선택하십시오.
POZSONY.SBE	0	포조니 오후 8:08
REB1012.SBE	0	프랑스인들은 참 우스워.
REB1012.SBE	1	카이요 부인이 무슨 국민 영웅이라도 된 분위기야.
REB1012.SBE	2	별 볼 일 없는 여자가 어느새
REB1012.SBE	3	남편에게 눌려 살던 존재에서 열정적인 복수자로 변신했잖아.
REB1012.SBE	4	중산층이 역사를 쓰기 시작하면 큰일이야.
REB1012.SBE	5	딱 귀족 아가씨가 할 법한 말이네.
REB1012.SBE	6	그만해. 너도 아까 카이요 부인이 마담 보바리 같다고 했잖아.
REB1012.SBE	7	중요한 건, 그 여자가 행동했다는 거야.
REB1012.SBE	8	오히려 마담 보바리와는 정반대지.
REB1012.SBE	9	내 눈엔 오히려 잔 다르크에 더 가까워.
REB1012.SBE	10	그 잔 다르크를 영국이 화형에 처했지...
REB1012.SBE	11	꼭 그 얘기를 꺼내야 해?
REB1012.SBE	12	실제로 그랬는걸...
REB1012.SBE	13	내가 카이요 부인 사건에서 흥미로운 건
REB1012.SBE	14	프랑스식 스캔들이 영국식과 전개가 아주 다르다는 점이야.
REB1012.SBE	15	드레퓌스 사건도 그렇고. 영국에서 유대인 장교가...
REB1013.SBE	0	방금 들어온 저 잘생긴 남자 좀 봐.
REB1013.SBE	1	소피!
REB1013.SBE	2	걱정 마, 못 알아들어. 미국인이잖아.
REB1013.SBE	3	쳐다보지만 않으면 자길 말하는 줄 절대 몰라.
REB1013.SBE	4	맙소사.
REB1013.SBE	5	인상적이지 않아? 방금 바깥에서 들어온 사람 같아,
REB1013.SBE	6	전혀 유럽인답지 않게.
REB1013.SBE	7	재킷은 풀어헤치고, 머리는 헝클어져 있고...
REB1013.SBE	8	솔직히 씻긴 해야겠어.
REB1013.SBE	9	그건 맞아.
REB1013.SBE	10	들어봐, 사소한 디테일에 관심이 없으면
REB1013.SBE	11	절대 대작가는 못 돼.
REB1013.SBE	12	저 쓸쓸한 눈 좀 봐. 소설 주인공 모델로 딱이야.
REB1015.SBE	0	가자, 돌아가자.
REB1015.SBE	1	저녁 안 먹을 거야?
REB1015.SBE	2	당연히 지금은 아니지, 호화 열차에선 그렇게 안 해.
REB1015.SBE	3	아직 여덟 시야. 두 번째 서빙을 기다려야 해.
REB1015.SBE	4	지금 먹으면 그다음엔 할 일이 없어져. 저 안에 누가 들어갔는지 봐.
REB1015.SBE	5	늙고 까다로운 사람들뿐이야. 날 믿어.
REB1039.SBE	0	누구죠?
REB1039A.SBE	0	누구죠?
REB1106.SBE	0	실례합니다.
REB1106A.SBE	0	실례합니다.
REB1198.SBE	0	마드무아젤, 좋아하시는 자리를 따로 비워 두었습니다.
REB1198.SBE	1	오늘 밤 매력적인 친구분과 함께 오시다니 영광입니다.
REB1198.SBE	2	이렇게 아름다운 젊은 숙녀 두 분을 한자리에서 본 적이 없습니다.
REB1198.SBE	3	두 분이야말로 오리엔트 특급의 여왕입니다.
REB1198.SBE	4	고마워요, 파스칼.
REB1199.SBE	0	저 사람, 말이 좀 과하지 않아?
REB1199.SBE	1	파스칼? 아, 저 사람은 누구에게나 저렇게 말해.
REB1199A.SBE	0	오늘 밤 넌 정말 너무 예뻐.
REB1199A.SBE	1	소피, 부끄럽게 왜 그래.
REB1199A.SBE	2	왜? 사실이잖아. 못 믿겠어?
REB1199A.SBE	3	돌아서서 저 미국인에게 네가 예쁜지 물어봐.
REB1199A.SBE	4	분명 내 말에 동의할걸.
REB1199B.SBE	0	소피!
REB1199B.SBE	1	미안, 깜빡했네. 저런 타입은 네 취향이 아니지.
REB1199B.SBE	2	저 사람이 널 좋아하든 말든 넌 신경도 안 쓰겠지.
REB1199B.SBE	3	그럼 내 뒤의 빨간 옷 여자에게 물어볼까.
REB1199B.SBE	4	정말 눈부시지 않아?
REB1199B.SBE	5	키 크고, 가늘고, 슬픔에 잠겨 있고, 저 장엄한 고통이라니...
REB1199C.SBE	0	소피! 다 들리잖아.
REB1199C.SBE	1	그래서? 그게 우리한테 무슨 상관인데?
REB1199C.SBE	2	집에서 하던 걱정을 똑같이 할 거면 왜 여행을 하겠어?
REB1199C.SBE	3	넌 자유로워. 아직 그걸 모를 뿐이야.
REB1199C.SBE	4	넌 뭐든 너무 쉽게 말해.
REB1199C.SBE	5	내가 이 열차에 오르기까지 얼마나 힘들었는지 알기나 해?
REB1200A.SBE	0	그런 답은 새롭지 않아, 소피. 러시아 전역이 반란에 휩싸일지도 몰라.
REB1200A.SBE	1	섬에서 한 달만 지내면 그런 생각은 안 나게 될 거야.
REB1200A.SBE	2	있지, 거기 도착하면 희곡 하나 써보는 거 어때?
REB1200A.SBE	3	정말 훌륭할 수도 있어.
REB1200A.SBE	4	레지널드를 다룬 것처럼, 네 재치 있는 짧은 작품 말이야.
REB1200A.SBE	5	난 아리아드네, 넌 테세우스, 조세핀은 미노타우로스로 하자.
REB1200A.SBE	6	다만 네가 워낙 고집이 세니 그 역할은 네가 맡아야 할지도.
REB1200A.SBE	7	조세핀...
REB1200A.SBE	8	아, 그래. 내가 말 안 했나?
REB1200A.SBE	9	막판에 편지를 보내선 꼭 오겠다고 아주 강하게 밀어붙였어.
REB1200A.SBE	10	뭐든 빠지는 걸 못 참는 애잖아.
REB1200A.SBE	11	그런 표정 짓지 마! 당연히 너랑 나는 같이 있을 거야.
REB1200A.SBE	12	그렇다고 우리 둘이 하루 종일 노을만 바라볼 순 없잖아.
REB1205.SBE	0	심심해.
REB1205.SBE	1	살롱으로 나갈까?
REB1205.SBE	2	잠깐만.
REB1205.SBE	3	여행 와서 할 거라곤 수첩에 글 쓰는 것뿐이면 왜 온 건지 모르겠어.
REB1205.SBE	4	그건 집에서도 할 수 있잖아.
REB1205.SBE	5	고마워, 소피. 여행과 글쓰기에 대한 참 심오한 통찰이네.
REB1205.SBE	6	조세핀 때문에 화난 거지, 그렇지?
REB1205.SBE	7	네 맘대로 사람들 다 불러. 난 상관없어.
REB1205.SBE	8	네가 거기 있다는 걸 알면 어차피 다 섬으로 올 테니까.
REB1205.SBE	9	그게 네 공책에 쓰던 내용이야? 어디 좀 보자.
REB1205.SBE	10	내가 뭘 쓰는지 엿보려면 내가 없을 때 해야 할 거야.
REB1205.SBE	11	네가 뭘 쓰든 난 관심 없어.
REB1205.SBE	12	네 마음대로 해. 난 살롱에 갈래.
REB2001.SBE	0	아침 내내 뭘 쓰고 있었어?
REB2001.SBE	1	그냥 일기.
REB2001.SBE	2	너무 오래 쓰길래 소설인 줄 알았지.
REB2001.SBE	3	언제 읽어볼 수 있어?
REB2001.SBE	4	내 일기를 읽고 싶다고?
REB2001.SBE	5	당연하지. 비밀이라면 몰라도.
REB2001.SBE	6	그게... 음... 사실 좀 비밀이야.
REB2001.SBE	7	누가 읽게 해달란 건 처음이라 뭐라 해야 할지 모르겠네.
REB2001.SBE	8	농담이야. 네 표정 보려고 그랬지.
REB2001.SBE	9	정말... 소피.
REB2001.SBE	10	너 아까 정말 웃겼어.
REB2001.SBE	11	내가 돈 빌려달라는 줄 알았겠다.
REB3000.SBE	0	여긴 정말 사람이 하나도 없네.
REB3000.SBE	1	그야 당연하지.
REB3001.SBE	0	아, 숙녀분들. 뵙게 되어 정말 반갑습니다!
REB3001.SBE	1	두 분 자리는 그대로 비워 두었습니다.
REB3001.SBE	2	고마워요.
REB3001.SBE	3	아십니까, 두 분이 안 계시니 정말 허전했습니다.
REB3001.SBE	4	두 분이 없으면 오리엔트 특급도 그저 평범한 열차일 뿐입니다.
REB3001.SBE	5	고마워요, 파스칼.
REB3002.SBE	0	나 정말 배고파 죽겠어.
REB3002.SBE	1	레베카, 늦게 먹는 데 익숙해져야 해.
REB3002.SBE	2	섬에서는 점심을 세 시 전에 먹지 않아.
REB3002.SBE	3	낮에는 꽤 덥거든.
REB3002.SBE	4	열두 시에서 세 시 사이엔 낮잠 말고 할 일이 없어.
REB3002.SBE	5	마을에 솜씨 좋은 여자가 하나 있는데
REB3002.SBE	6	네 머리를 해줄 거야. 난 네가 좀 느슨한 스타일이 어울린다고 봐...
REB3002.SBE	7	예를 들면 컬 같은 거.
REB3002.SBE	8	컬은 싫어.
REB3002.SBE	9	아, 하지만 자기야, 우리의 목표는 널 새롭게 바꾸는 거였잖아?
REB3002.SBE	10	바다에서 불어오는 따뜻한 바람이 네 영혼을 바꿔줄 거야.
REB3002.SBE	11	잘 들어봐. 더위가 가라앉으면 황금빛 오후 햇살이 내려오고,
REB3002.SBE	12	바다는 짙은 남청색과 검은빛으로 변해.
REB3002.SBE	13	우린 올리브와 집에서 구운 빵을 먹고,
REB3002.SBE	14	기억이 맞다면 요리사가 양고기 요리를 아주 잘해.
REB3002.SBE	15	그리고 사포와 그 연인처럼 절벽길을 걷는 거야,
REB3002.SBE	16	얇고 하늘거리는 옷을 입고 해지는 걸 바라보면서.
REB3002.SBE	17	그 뒤로 조세핀, 빅토리아, 프란체스카도 따라오겠지? 그들도 하늘거리는 옷 차림으로?
REB3002.SBE	18	왜 안 돼? 두고 봐, 섬에선 다들 금세 가까워져.
REB3002.SBE	19	빅토리아는 정말 거부할 수가 없어.
REB3002.SBE	20	지난여름엔 큰 게으른 주황 고양이처럼 하루 종일 빈둥거렸지,
REB3002.SBE	21	자고, 쓰다듬어 주기만 기다리면서.
REB3002.SBE	22	난 너랑 같이 있으려고 온 거야, 소피.
REB3002.SBE	23	조세핀과 그 기생충 무리 때문이 아니라고.
REB3002.SBE	24	물론이지! 하지만 프란체스카가 마르벨라에 정말 매력적인 작은 집을 갖고 있잖아.
REB3002.SBE	25	레베카, 모든 걸 그렇게 심각하게 받아들이면 안 돼.
REB3002.SBE	26	노력하고 있어.
REB3002.SBE	27	좋아. 이제 화제를 바꾸자. 예를 들면 네 옷.
REB3002.SBE	28	내 옷?
REB3002.SBE	29	그래. 이제 영국을 벗어났으니 새 이미지가 필요해.
REB3004.SBE	0	지금 당장 섬에 있었으면 좋겠어. 이 중간 시간이 너무 싫어.
REB3004.SBE	1	난 이런 중간 시간이 좋아. 제대로 생각할 수 있는 유일한 시간이거든.
REB3005.SBE	0	이 왕자라는 사람, 대체 누구인지 알고 싶어.
REB3005.SBE	1	난 그가 무슨 왕자라고도 생각 안 해.
REB3005.SBE	2	모든 게 너무 수상쩍어.
REB3005.SBE	3	왜 우리만 초대하고 마담 부타렐은 안 불렀을까?
REB3005.SBE	4	아주 간단해, 속물이니까.
REB3005.SBE	5	그 사람은 나를 아는 게 아니라 내 성, 드 브레퇴유만 아는 거야.
REB3005.SBE	6	스스로 격을 높이려고 가장 귀족적인 사람을 초대한 거지.
REB3005.SBE	7	그래서 부타렐 같은 쁘띠 부르주아는 초대하지 않는 거고.
REB3005.SBE	8	그러면서 알지도 못하는 오볼렌스키 백작은 초대하잖아.
REB3005.SBE	9	그럼 우리도 수락하지 말아야 한다는 뜻이야?
REB3005.SBE	10	왜 안 돼? 마담 부타렐 이야기 듣는 것보단 덜 지루하겠지.
REB3005.SBE	11	오늘 아침 그 여자가 내게 뭐라 했는지 말해줬나?
REB3005.SBE	12	듣자니 그녀와 남편이 한 객실을 쓰지 않는 이유가
REB3005.SBE	13	그 집 꼬마 프랑수아 때문이라나...
REB3007.SBE	0	실례합니다.
REB3007.SBE	1	다시 오는 거지?
REB3007.SBE	2	응, 금방 돌아올게.
REB3007.SBE	3	좋아, 기다리고 있을게.
REB3008.SBE	0	꽤 오래 자리를 비웠네.
REB3008.SBE	1	그랬어? 미안해. 엄청 지루했어?
REB3008.SBE	2	응!
REB3008.SBE	3	내가 마담 부타렐에게 연주회 얘길 했더니 완전히 격분하더라.
REB3010.SBE	0	넌 지금 그런 말 쉽게 하지. 난 이제 돌아갈 곳조차 없는데.
REB3010.SBE	1	그건 내 잘못이 아니야.
REB3010.SBE	2	런던에선 그런 말 안 했잖아.
REB3010.SBE	3	런던은 런던이고, 여긴 여기야!
REB3010.SBE	4	왜 어떤 날은 그렇고 어떤 날은 아닌지 나도 몰라.
REB3010.SBE	5	하지만 아닌 걸 그렇다고 꾸미진 않을 거야.
REB3010.SBE	6	난 너랑 달라.
REB3010.SBE	7	사람 마음이 그렇게 빨리 바뀔 순 없어.
REB3010.SBE	8	내 마음은 그래.
REB3010.SBE	9	사람을 네 장난감처럼 다루면 안 돼.
REB3010.SBE	10	그엔 대가가 따르는 법이야.
REB3010.SBE	11	이 여행을 오려고 난 많은 걸 포기했어.
REB3010.SBE	12	네가 뭘 포기했는지는 내게 중요하지 않아, 그런 건 아무것도 아니야.
REB3010.SBE	13	네가 내게 주는 것, 네가 내게 느끼게 하는 것, 그게 중요해.
REB3010.SBE	14	넌 내게 기회조차 안 줘.
REB3010.SBE	15	넌 늘 희생, 결과, 의무 같은 얘기만 하잖아...
REB3010.SBE	16	난 그런 거 하나도 신경 안 써.
REB3010.SBE	17	그런 짐이 필요했으면 차라리 필리프랑 결혼했지.
REB3010.SBE	18	최소한 그쪽은 얻는 게라도 있었을 테니까.
REB4001.SBE	0	숙녀분들, 다시 뵈니 정말 반갑습니다.
REB4001.SBE	1	늘 그렇듯 두 분 자리가 기다리고 있습니다.
REB4001.SBE	2	이쪽으로 오십시오.
REB4001.SBE	3	오늘 저녁 식사는 평소보다 덜 형편없습니다.
REB4001.SBE	4	두 분의 훌륭한 미각을 거스르지 않기를 바라지요.
REB4001.SBE	5	고마워요, 파스칼.
REB4004.SBE	0	샬럿이 그런 삶을 일부러 선택했다는 건 도저히 상상이 안 돼.
REB4004.SBE	1	앤이 그렇게 고생한 걸 보고도 말이야.
REB4004.SBE	2	앤도 아주 나쁘진 않아. 본인은 본인대로 즐기고 남편도 남편대로 즐기잖아,
REB4004.SBE	3	둘 다에게 꽤 괜찮게 굴러간 셈이지.
REB4004.SBE	4	샬럿도 마찬가지고.
REB4004.SBE	5	그런 걸 농담으로 하지 마, 너무 끔찍해.
REB4004.SBE	6	아니, 난 농담이 아니야. 나도 결혼할 생각이야,
REB4004.SBE	7	알맞은 기회가 오면.
REB4004.SBE	8	너도 그렇게 하는 게 좋지.
REB4004.SBE	9	난 절대 결혼 안 해.
REB4004.SBE	10	그렇게 극적으로 굴지 마.
REB4004.SBE	11	지금 당장 그렇게 복잡한 걸 하라는 뜻은 아니야,
REB4004.SBE	12	아직 즐길 일이 너무 많거든.
REB4004.SBE	13	앞으로 2~3년은 충분히 젊고 아름다울 거야.
REB4004.SBE	14	오히려 1~2년 뒤가 더 아름다울지도 몰라,
REB4004.SBE	15	어색함이 빠지고 옷 입는 법을 익히면 말이야.
REB4004.SBE	16	하지만 그 뒤에 노처녀로 무슨 재미를 누리겠어?
REB5001.SBE	0	대답해야 할까?
REB5001.SBE	1	응. 누구죠?
REB5010.SBE	0	아, 다행이에요. 여기 계셨네요. 무슨 일인지 말씀해 주실래요?
REB5010.SBE	1	죄송합니다, 마담. 저도 아는 게 거의 없습니다.
REB5010.SBE	2	열차장님이 모든 승객께 객실에 머물라고 지시했습니다.
REB5010.SBE	3	열차를 멈출 수 있을 때까지요.
REB5010.SBE	4	그 도적들은 대체 누구예요?
REB5010.SBE	5	아무도 무슨 일인지 말해주질 않아요.
REB5010.SBE	6	왜 지금 당장 열차를 못 멈추는 거죠?
REB5010.SBE	7	죄송합니다, 아가씨. 저희가 더는 상황을 통제하지 못하고 있습니다.
REB5010.SBE	8	불행히도 도적들이 객차와 기관차 사이 연결을 끊어놔서,
REB5010.SBE	9	현재로선 열차를 멈출 방법이 없습니다.
REB5010.SBE	10	뭐라고 하는 거야?
REB5010.SBE	11	열차를 못 세운대.
REB5010.SBE	12	지금 계신 곳에만 계시면, 마담, 분명 괜찮을 겁니다.
REB5010.SBE	13	다만 충격이 생길 경우엔
REB5010.SBE	14	객실에 계시는 편이 훨씬 안전합니다.
REB5010.SBE	15	충격이라니? 그게 무슨 뜻이죠, 충격이라니?
REB5010.SBE	16	죄송합니다, 마담. 이곳에 계셔 주십시오. 저희가 할 수 있는 건 그뿐입니다.
REB6969.SBE	0	심심해. 살롱으로 나갈까?
REB6969.SBE	1	잠깐만.
REB6969.SBE	2	오늘 밤 넌 정말 예뻐.
REB6969.SBE	3	소피, 부끄럽게 왜 그래.
REB6969.SBE	4	소피... 다 들려...
REB6969.SBE	5	그래서?
REB6969.SBE	6	난 흡연칸에 잠깐 다녀올래.
REB6969.SBE	7	나 정말 배고파.
SALZBURG.SBE	0	잘츠부르크 오후 12:45
SOP1039.SBE	0	네, 누구죠?
SOP1039A.SBE	0	누구죠?
SOP1105.SBE	0	네?
SOP1105A.SBE	0	실례합니다, 무슈.
SOP1105B.SBE	0	실례합니다, 무슈.
SOP1105C.SBE	0	실례합니다, 마담.
SOP1105D.SBE	0	실례합니다, 마담.
SOP3008.SBE	0	실례합니다. 불 좀 있으세요?
SOP3008.SBE	1	영어는 못 합니다, 선생님.
STRASBOU.SBE	0	스트라스부르 오전 3:36
TAT1066.SBE	0	좋은 저녁입니다, 각하.
TAT1066.SBE	1	마드무아젤, 모든 것이 마음에 드셨습니까?
TAT1066.SBE	2	네, 감사합니다.
TAT1066.SBE	3	각하께서 허락하신다면,
TAT1066.SBE	4	이렇게 사랑스러운 손녀분과 함께 자리해 주신 것만으로도 과분한 영광입니다.
TAT1066.SBE	5	제가 모시기엔 너무 분에 넘칩니다.
TAT1066.SBE	6	너그러이 봐주셔서 감사합니다. 더는 방해하지 않겠습니다.
TAT1066.SBE	7	마드무아젤.
TAT1069A.SBE	0	우리 교회의 계율을 모두 지켰느냐?
TAT1069A.SBE	1	네, 할아버지.
TAT1069B.SBE	0	이 요리가 마음에 드느냐?
TAT1069B.SBE	1	네.
TAT1069B.SBE	2	아주 훌륭한 요리라고 생각해요.
TAT1069B.SBE	3	기분이 좋아 보이는구나.
TAT1070.SBE	0	저녁 다 드셨어요? 이제 가도 될까요?
TAT1070.SBE	1	제가 부축해드릴게요.
TAT1070.SBE	2	조심하세요.
TAT1070.SBE	3	자, 됐어요.
TAT1071.SBE	0	조심히요, 할아버지. 지나가실 수 있겠어요?
TAT1071.SBE	1	천천히요.
TAT1071A.SBE	0	어머, 저것 좀 보세요, 할아버지!
TAT1071A.SBE	1	침대를 다 정리해 두었어요.
TAT1071A.SBE	2	많이 피곤하시겠죠.
TAT1071A.SBE	3	어서 누워 쉬세요.
TAT1102A.SBE	0	실례합니다.
TAT1102B.SBE	0	실례합니다.
TAT1133A.SBE	0	누구죠?
TAT1133B.SBE	0	예? 누구죠?
TAT2116.SBE	0	알면 기뻐하겠군요.
TAT2116.SBE	1	당신이 우리 할아버지를 모욕한 뒤로,
TAT2116.SBE	2	발작이 오셨어요.
TAT2116.SBE	3	노인을 그렇게 괴롭혀 놓고도 뿌듯하겠죠?
TAT2116.SBE	4	바실리 알렉산드로비치가 괴로운 건 본인의 죄책감 때문이오.
TAT2116.SBE	5	난 진실만 말했을 뿐이오.
TAT2116.SBE	6	감히!
TAT2116.SBE	7	미스 타티아나, 당신은 자기 계급의 오만함을 그대로 가졌군.
TAT2116.SBE	8	당신도 같은 계급이잖아요!
TAT2116.SBE	9	나라고? 전혀.
TAT2116.SBE	10	어쨌든 그건 중요하지 않소.
TAT2116.SBE	11	난 계급 없는 사회를 만들기 위해 인생을 바쳤소.
TAT2116.SBE	12	그럼 할아버지 말이 사실이네요.
TAT2116.SBE	13	당신, 자유주의자군요!
TAT2116.SBE	14	파리에서 4년이나 지냈으니 뭔가 배웠길 바랐소.
TAT2116.SBE	15	하지만 물론, 부르주아 체제의
TAT2116.SBE	16	결혼 시장에 내놓을 여자를 길러내는 교육이
TAT2116.SBE	17	생각이라 부를 만한 건 뭐든 접하지 못하게 했겠지.
TAT2116.SBE	18	알렉세이, 왜 나한테 이렇게 말해?
TAT2116.SBE	19	우리 예전에 강가에서 매일 같이 놀았잖아. 기억 안 나?
TAT2116.SBE	20	기억하지.
TAT2116.SBE	21	하지만 그 시절은 더는 없어.
TAT2116A.SBE	0	안녕하세요.
TAT3160A.SBE	0	여전히 대담하군, 보아하니.
TAT3160A.SBE	1	남자처럼 체스를 두는 아가씨라.
TAT3160A.SBE	2	네 차례야.
TAT3160B.SBE	0	놀랍군. 네 할아버지다운 수작이야.
TAT3160B.SBE	1	왜 자꾸 제 할아버지를 들먹이죠?
TAT3160B.SBE	2	지금 당신이 상대하는 건 저예요, 할아버지가 아니라.
TAT3160B.SBE	3	그래, 그가 널 잘 가르쳤지.
TAT3160B.SBE	4	그 뒤로는 다른 스승들도 있었습니다, 알렉세이 세르게예비치.
TAT3160B.SBE	5	저도 이제 어린아이가 아니에요.
TAT3160B.SBE	6	그래, 아니지.
TAT3160C.SBE	0	확실해요?
TAT3160C.SBE	1	확실해.
TAT3160C.SBE	2	정말 확실해요?
TAT3160C.SBE	3	물론.
TAT3160C.SBE	4	네가 원한다면 그렇게 하지.
TAT3160C.SBE	5	이걸로 우리도 비긴 셈이군.
TAT3160C.SBE	6	그런 비열한 수로 이겨 놓고 부끄럽지도 않아요!
TAT3160C.SBE	7	전형적인 여자 반응이군.
TAT3160C.SBE	8	한 판 더!
TAT3160D.SBE	0	아가씨, 수를 두시죠.
TAT3160D.SBE	1	체크메이트.
TAT3160D.SBE	2	여자에게 그렇게 쉽게 지고도 부끄럽지 않아요?
TAT3160D.SBE	3	나이트만 안 움직였으면 내가 쉽게 이겼지.
TAT3160D.SBE	4	어떻게요?
TAT3160E.SBE	0	도대체 왜 대학을 그만둔 거예요?
TAT3160E.SBE	1	집에서 얼마나 난리가 났는지 상상도 못 할걸.
TAT3160E.SBE	2	대학에선 말만 늘어놓을 뿐이야.
TAT3160E.SBE	3	말로는 아무것도 바뀌지 않아.
TAT3160E.SBE	4	말은 교회 종소리처럼 공중에 흩어질 뿐이지.
TAT3160E.SBE	5	행동 하나가 전단 천 장보다 더 강한 선전이야.
TAT3160E.SBE	6	말은 그럴듯하네요. 당신 차례예요.
TAT3160F.SBE	0	당신 말로는 세상 모든 게 다 잘못됐죠!
TAT3160F.SBE	1	당신은 부수는 것밖에 할 줄 모르고요.
TAT3160F.SBE	2	네 할아버지 같은 인간들이 수백만 러시아인의 생사를 쥐고 있으면
TAT3160F.SBE	3	누군가는 그들을 끌어내려야 해.
TAT3160F.SBE	4	정말 기가 막히네요. 당신은 우리 할아버지에게 집착하고 있어요!
TAT3160F.SBE	5	우리 할아버지가 당신에게 뭘 했길래 그렇게 증오하죠?
TAT3160F.SBE	6	그가 러시아에 저지른 일 때문이지.
TAT3160F.SBE	7	우리 모두에게 말이야.
TAT3160F.SBE	8	지난겨울 리트보프에서 무슨 일이 있었는지 기억하나?
TAT3160G.SBE	0	정당 운운하는 건 지배계급이 벌이는 꼭두각시극일 뿐이야.
TAT3160G.SBE	1	모든 정부는 노예제와 같아. 어떤 체제든 다를 게 없어.
TAT3160G.SBE	2	네 차례야.
TAT3160G.SBE	3	모든 걸 다 무너뜨린 다음에
TAT3160G.SBE	4	그 자리에 뭘 세울지는 생각해 봤겠지?
TAT3160G.SBE	5	폭정 대신 다른 걸 세울 필요는 없어.
TAT3160G.SBE	6	사유재산이 폐지되면 모두가 자유롭고 평등해질 거야.
TAT3160G.SBE	7	새롭고 평화로운 사회는 자연히 자리 잡게 돼.
TAT3160G.SBE	8	여전히 네 차례야.
TAT3161A.SBE	0	말씀드려도 된다면, 마드무아젤, 각하께서 오늘은 몹시 조용하십니다.
TAT3161A.SBE	1	제가 특별한 차를 드리고 있어요.
TAT3161A.SBE	2	다행입니다, 마드무아젤.
TAT3161A.SBE	3	고맙습니다.
TAT3161B.SBE	0	할아버지는 어떠세요?
TAT3161B.SBE	1	조용히 쉬고 계십니다, 마드무아젤.
TAT3161B.SBE	2	한 시간쯤 전에 뵈었는데 주무시고 계셨습니다.
TAT3161B.SBE	3	고마워요.
TAT3161B.SBE	4	좋은 오후 보내십시오, 마드무아젤.
TAT3162A.SBE	0	제 객실 문 좀 열어주시겠어요?
TAT3162A.SBE	1	물론입니다, 마드무아젤.
TAT3163.SBE	0	제 객실 문 좀 잠가주시겠어요?
TAT3163.SBE	1	물론입니다, 마드무아젤.
TAT3163.SBE	2	고마워요.
TAT4165A.SBE	0	모든 걸 다 무너뜨린 다음에
TAT4165A.SBE	1	그 자리에 뭘 세울지는 생각해 봤겠지?
TAT4165A.SBE	2	폭정 대신 다른 걸 세울 필요는 없어!
TAT4165A.SBE	3	사유재산이 폐지되면 모두가 자유롭고 평등해질 거야.
TAT4165A.SBE	4	새롭고 평화로운 사회는 자연히 자리 잡게 돼.
TAT4165A.SBE	5	그럼 사유재산은 대체 어떻게 폐지할 건데?
TAT4165A.SBE	6	혁명으로. 이 사악한 체제를 통째로 부숴서.
TAT4165A.SBE	7	그게 유일한 방법이야.
TAT4165B.SBE	0	왜 러시아 노동자가 독일 노동자와 싸워야 하지?
TAT4165B.SBE	1	우린 같은 사람들이야! 전쟁은 늘 정부가 시작하고
TAT4165B.SBE	2	피를 흘리는 건 늘 민중이야.
TAT4165B.SBE	3	우린 도살장으로 끌려가는 양떼야!
TAT4165C.SBE	0	네 말 좀 들어봐! 살인에 폭탄이라니!
TAT4165C.SBE	1	전쟁이 싫다면서 당신도 저들과 다를 게 없어!
TAT4165C.SBE	2	아니.
TAT4165D.SBE	0	한 사람, 백 사람의 목숨이 무슨 대수지,
TAT4165D.SBE	1	백만 명을 살릴 수 있다면?
TAT4165E.SBE	0	하지만 다른 사람들은요? 그들은 죄가 없어요.
TAT4165E.SBE	1	오리엔트 특급을 타는 자 중에 무고한 사람은 없어.
TAT4165E.SBE	2	희생자가 무슨 상관이야? 중요한 건 행위의 의미다!
TAT4165F.SBE	0	나는 결혼을 믿지 않아.
TAT4165G.SBE	0	하지만 난 못 해. 할아버지를 두고 떠날 수 없어.
TAT4165H.SBE	0	네 할아버지 같은 자들이 러시아를 수백 년이나 퇴보시킨 거야!
TAT4165H.SBE	1	우리 할아버지는 나쁜 분이 아니야.
TAT4165H.SBE	2	사람마다 선과 악은 함께 있어, 타티아나.
TAT4165H.SBE	3	하지만 바실리 오볼렌스키는 가장 사악한 체제가 낳은
TAT4165H.SBE	4	가장 사악한 산물이야!
TAT4165H.SBE	5	네가 지금 무슨 말을 하는지 알기나 해!
TAT4165H.SBE	6	내가 들은 걸 네가 듣고, 내가 본 걸 네가 본다면...
TAT4165H.SBE	7	너라도 할아버지 칼을 칼집에서 뽑아
TAT4165H.SBE	8	그가 잠든 사이 찔러 죽였을 거야.
TAT4165H.SBE	9	더는 못 듣겠어!
TAT4165H.SBE	10	우리 할아버지를 그렇게 미워한다면, 결국 나도 미워하는 거잖아!
TAT4165H.SBE	11	타티아나!
TRA1001.SBE	0	1차 식사... 식당칸에서 저녁 식사가 제공됩니다.
TRA1001A.SBE	0	2차 식사... 식당칸에서 저녁 식사가 제공됩니다.
TRA1002.SBE	0	에페르네 역 도착... 에페르네 5분 정차입니다.
TRA1003.SBE	0	샬롱 쉬르 마른 도착... 2분 정차입니다.
TRA1004.SBE	0	바르르뒤크 역 도착... 3분 정차입니다.
TRA1005.SBE	0	승객 여러분, 객실로 돌아가 주십시오.
TRA1005.SBE	1	정기 점검입니다.
TRA1005.SBE	2	승객 여러분, 객실로 돌아가 주십시오.
TRA1005.SBE	3	정기 점검입니다.
TRA1006.SBE	0	승객 여러분, 식당칸이 다시 개방되었습니다.
TRA1006.SBE	1	기다려 주셔서 감사합니다.
TRA1006.SBE	2	승객 여러분, 식당칸이 개방되었습니다.
TRA1112.SBE	0	실례합니다, 무슈.
TRA1113.SBE	0	실례합니다, 무슈.
TRA1113A.SBE	0	실례합니다, 마담.
TRA1113B.SBE	0	실례합니다, 마담.
TRA1200.SBE	0	좋은 저녁이에요, 아저씨.
TRA1200.SBE	1	어떻게 되어가요?
TRA1200.SBE	2	모두 괜찮습니다, 선생님. 전부 통제 중입니다.
TRA1200.SBE	3	1번 객실에 미국인 있나?
TRA1200.SBE	4	휘트니 씨 말씀인가요? 바로 거기 있습니다.
TRA1200.SBE	5	슈미트 씨가 식당칸에서 기다린다고 전해주겠나.
TRA1200.SBE	6	꽤 오래 기다린 모양이야.
TRA1200.SBE	7	아! 그 독일 졸부 말이군요.
TRA1200.SBE	8	르네! 말조심해!
TRA1200.SBE	9	죄송하지만, 그 양반 프랑스어 한마디도 못 알아듣잖아요.
TRA1200.SBE	10	역에서-
TRA1200.SBE	11	됐다! 다른 차장이 그런 식으로 지껄이는 걸 들었다면
TRA1200.SBE	12	다음 역에서 바로 해고였어.
TRA1200.SBE	13	죄송해요, 아저씨.
TRA1200.SBE	14	그리고 아저씨라고 부르지 마!
TRA1200.SBE	15	네 친척이라는 사실만으로도 충분히 골치 아프다. 굳이 상기시키지 마.
TRA1200.SBE	16	죄송합니다, 아저... 선생님. 용서해 주세요. 다시는 안 그러겠습니다.
TRA1200.SBE	17	그거 말고는 다 괜찮지?
TRA1200A.SBE	0	좋은 저녁이에요, 아저씨.
TRA1200A.SBE	1	어떻게 되어가요?
TRA1200A.SBE	2	모두 괜찮습니다, 선생님.
TRA1200A.SBE	3	1번 객실에 미국인 있나?
TRA1200A.SBE	4	휘트니 씨 말씀인가요? 마지막까지 승강장에 있다가,
TRA1200A.SBE	5	객실로 쏙 들어가 버렸습니다.
TRA1200A.SBE	6	얼굴도 제대로 못 봤어요.
TRA1200A.SBE	7	그 사람 인생사를 묻는 게 아니야.
TRA1200A.SBE	8	문 두드리고 슈미트 씨가 식당칸에서 기다린다고만 전해.
TRA1200A.SBE	9	꽤 오래 기다리고 있어.
TRA1200A.SBE	10	예, 아저씨. 곧바로요.
TRA1200A.SBE	11	아저씨라고 부르지 마라!
TRA1200A.SBE	12	죄송합니다, 아저... 아니, 선생님. 용서해 주세요.
TRA1200A.SBE	13	그거 말고는 다 괜찮지?
TRA1201.SBE	0	다 괜찮아요. 4번 객실 신사만 빼면요.
TRA1201.SBE	1	베일 쓴 여자들이 객실 네 칸이나 있고
TRA1201.SBE	2	제가 지나가기만 하면 마치 내가 무슨 짓이라도 할 사람처럼 노려봐요.
TRA1201.SBE	3	그 여자들이 누구 사람인지 아시죠?
TRA1201.SBE	4	명단엔 마흐무드 막타라고 돼 있습니다.
TRA1201.SBE	5	그건 경호원 이름이야. 저렇게 극비로 움직이는 건...
TRA1201.SBE	6	정말! 그 사람이라고?
TRA1201.SBE	7	설마!
TRA1201.SBE	8	그러니 조심해서 상대해.
TRA1201.SBE	9	하지만 아저씨, 저 유부남인 거 아시잖아요!
TRA1201.SBE	10	아저씨야말로 말이죠...
TRA1201.SBE	11	아저씨라고 부르지 말랬지!
TRA1201.SBE	12	농담은 그만하고 네 일이나 해.
TRA1202.SBE	0	좋은 저녁이에요, 아저씨.
TRA1202.SBE	1	어떻게 되어가요?
TRA1205.SBE	0	좋은 저녁입니다, 선생님.
TRA1205.SBE	1	좋은 저녁이네, 쿠데르. 뭐 빠뜨린 건 없나?
TRA1205.SBE	2	아닌 것 같습니다, 선생님.
TRA1205.SBE	3	승객 명단은?
TRA1205.SBE	4	그런데... 메르텐스 씨가 가져다드리지 않았나요?
TRA1205.SBE	5	내 조카 말인가?
TRA1205.SBE	6	가져다드리겠다고 했습니다. 벌써 한 시간도 넘었는데...
TRA1205.SBE	7	이상하군.
TRA1205.SBE	8	아! 내가 착각했나 보군.
TRA1205.SBE	9	그럼 정말 드린 게 맞군요!
TRA1205.SBE	10	제 말은, 그가 두 객차 명단을 다 맡고 있는 줄은 몰랐다는 겁니다.
TRA1205.SBE	11	그렇다면 설명이 되는군. 고맙네, 쿠데르.
TRA1205.SBE	12	물론입니다, 선생님.
TRA1206.SBE	0	좋은 저녁이에요, 아저씨.
TRA1206.SBE	1	뭐 빠뜨린 건 없나?
TRA1206.SBE	2	어... 아니요... 승객 명단 말씀하시는 거죠...
TRA1206.SBE	3	아무리 찾아도 안 보입니다.
TRA1206.SBE	4	못 찾겠다고? 뭐라고?
TRA1206.SBE	5	여기 잡지 속에 넣어 두고 갖다드리려 했는데
TRA1206.SBE	6	빠졌을 리는 없는데, 샅샅이 다 찾아봤습니다.
TRA1206.SBE	7	쿠데르 명단은?
TRA1206.SBE	8	같이 있었습니다.
TRA1206.SBE	9	정말 기가 막히는군. 보고서에 뭐라고 쓰지?
TRA1206.SBE	10	내가 밀어 넣어 준 덕에 들어온 게으르고 무능한 조카가,
TRA1206.SBE	11	침대칸 두 대의 승객 명단을 몽땅 잃어버렸다?
TRA1206.SBE	12	부다페스트 도착 전까지 그 명단 찾아와.
TRA1206.SBE	13	예, 아저씨. 죄송해요, 아저씨. 여기 어딘가 있을 겁니다.
TRA1206.SBE	14	내가 네 나이엔 짐이나 나르고 있었어.
TRA1206.SBE	15	요즘 것들은 세상이 너무 편해. 고마운 줄을 몰라.
TRA1250.SBE	0	좋은 저녁이네, 쿠데르. 이상 없지?
TRA1250.SBE	1	경찰들이 떠난 뒤로는 모두 괜찮습니다.
TRA1250.SBE	2	승객들은?
TRA1250.SBE	3	부타렐 부인이 궁금해서 이것저것 물으셨지만,
TRA1250.SBE	4	다른 분들은 큰 동요는 없었습니다.
TRA1250.SBE	5	좋아. 이 일은 보고서에 굳이 적지 말게, 내가 처리하지.
TRA1250.SBE	6	알겠습니다, 선생님.
TRA1251.SBE	0	어땠나?
TRA1251.SBE	1	하렘 객실은 건너뛰기로 합의하고 나니 별문제 없었습니다.
TRA1251.SBE	2	그대로 밀어붙였으면 난리 났을 겁니다.
TRA1251.SBE	3	프랑스 땅에서 헌병 두 명이 무슬림 경호원에게 죽는다면
TRA1251.SBE	4	국제 문제로 번졌겠지요.
TRA1251.SBE	5	그리고 각하 쪽은?
TRA1251.SBE	6	건드리지 않았습니다. 아프리카인 비서가 전부 처리했습니다.
TRA1251.SBE	7	그래서 하렘 객실 문제로 저를 그렇게 들볶은 겁니다.
TRA1251.SBE	8	아시잖습니까, 이런 경찰들은 상류층 상대에 익숙하지 않아요.
TRA1251.SBE	9	그래도 끝나긴 했군. 하룻밤 소동으론 충분해.
TRA1291.SBE	0	아! 아저씨, 좋은 소식입니다. 명단 찾았어요.
TRA1291.SBE	1	어디 있었지?
TRA1291.SBE	2	어... 제가 넣어둔 잡지 안에 있었습니다. 왜 못 봤는지 모르겠습니다.
TRA1291.SBE	3	아무리 찾아도 안 보여 포기했는데, 페이지 넘기니 거기 있더군요!
TRA1291.SBE	4	기가 막히는군! 생각보다 더 멍청하구나.
TRA1291.SBE	5	이걸 어떻게 수습하나 싶어 내가 얼마나 뛰어다녔는지 아나.
TRA1291.SBE	6	잘 들어. 이 일은 쿠데르에게 한마디도 하지 마, 알겠나?
TRA1291.SBE	7	물론이죠, 아저씨. 정말 죄송합니다. 다시는 이런 일 없겠습니다.
TRA1291.SBE	8	마지막으로 말한다. 아저씨라고 부르지 마!
TRA2100.SBE	0	좋은 하루입니다, 선생님.
TRA2100.SBE	1	마스터 키 못 보셨습니까?
TRA2100.SBE	2	아니... 키를 잃어버렸나?
TRA2100.SBE	3	어젯밤이요. 오볼렌스키 백작 소동 때 떨어뜨린 것 같습니다.
TRA2100.SBE	4	그 키는 열차의 모든 객실을 열 수 있어.
TRA2100.SBE	5	이런 말은 꺼내기 싫습니다만... 혹시 승객 중 누가 훔친 건 아닐까요?
TRA2100.SBE	6	믿기 힘든데. 어느 승객이?
TRA2100.SBE	7	미국인일지도요? 영 문제를 몰고 다니는 인상입니다.
TRA2100.SBE	8	복도에서 어슬렁거리는 걸 자주 봤습니다.
TRA2100.SBE	9	그 의사 말인가?
TRA2100.SBE	10	어젯밤 오볼렌스키 백작 쪽에 함께 있었잖습니까.
TRA2100.SBE	11	사람이 몰린 틈에 가져갔을 수도 있습니다.
TRA2100.SBE	12	그리 많지도 않았어. 미스 볼프와 미스 타티아나뿐이었지.
TRA2100.SBE	13	어쨌든 키는 사라졌어. 눈 크게 뜨고 살펴.
TRA2100.SBE	14	예, 선생님.
TRA2177.SBE	0	뮌헨 역 도착. 뮌헨 20분 정차입니다.
TRA3001.SBE	0	잘츠부르크 역 도착... 잘츠부르크 10분 정차입니다.
TRA3002.SBE	0	벨스 역 도착. 벨스 15분 정차입니다.
TRA3003.SBE	0	열차가 암슈테텐 역에 도착합니다.
TRA3003.SBE	1	암슈테텐 5분 정차입니다.
TRA3004.SBE	0	승객 여러분, 열차는 1시간 후 비엔나에 도착합니다.
TRA3004.SBE	1	비엔나...
TRA3006.SBE	0	열차가 비엔나 서역에 진입합니다.
TRA3006.SBE	1	비엔나, 1시간 정차입니다.
TRA3006.SBE	2	비엔나...
TRA3010.SBE	0	1차 식사... 1차 식사...
TRA3010.SBE	1	점심 식사가 제공됩니다...
TRA3010A.SBE	0	2차 식사... 2차 식사...
TRA3010A.SBE	1	점심 식사가 제공됩니다...
TRA3011.SBE	0	예, 선생님.
TRA3011.SBE	1	내가 명령을 내리면 이번엔 실수 없이 해낼 수 있겠나?
TRA3011.SBE	2	예, 선생님. 틀림없이 해내겠습니다.
TRA3011.SBE	3	오늘 오후 각하 객차에서 연주회가 열린다.
TRA3011.SBE	4	미스 볼프가 연주할 거다. 이쪽으로 사람이 많이 지나갈 거야.
TRA3011.SBE	5	길 안내 잘해서 다른 승객들 방해 없게 할 수 있겠나?
TRA3011.SBE	6	예, 선생님!
TRA3011.SBE	7	여기 초대 명단이다. 다른 승객이 호기심에 지나가려 하면
TRA3011.SBE	8	막고, 사적인 행사라고 설명해.
TRA3011.SBE	9	물론 최대한 공손하게.
TRA3011.SBE	10	물론입니다. 저만 믿으십시오, 아저씨.
TRA3011.SBE	11	그리고 자리를 비우지 마!
TRA3011.SBE	12	아니... 아니, 예, 아저씨!
TRA3011A.SBE	0	좋은 하루입니다, 선생님.
TRA3011A.SBE	1	귀빈이신 각하께서 오늘 오후 연주회를 여십니다.
TRA3011A.SBE	2	미스 볼프가 바이올린을 연주하십니다.
TRA3011A.SBE	3	몇몇 승객을 초대하길 원하십니다. 여기 명단입니다.
TRA3011A.SBE	4	시간은 3시입니다. 각하의 뜻을 전해주십시오.
TRA3011A.SBE	5	오볼렌스키 백작... 그리고 그 손녀분...
TRA3011A.SBE	6	미스 드 브레퇴유와 그 친구.
TRA3011A.SBE	7	알겠습니다, 선생님. 제가 처리하겠습니다.
TRA3012.SBE	0	좋은 아침이네, 쿠데르. 별일 없지?
TRA3012.SBE	1	모두 괜찮습니다.
TRA3012.SBE	2	좋아. 나중에 보지.
TRA3015.SBE	0	무엇을 도와드릴까요?
TRA3015.SBE	1	죄송합니다만, 승객 한 분이 미스 볼프의 동반자에 대해 항의했습니다.
TRA3015.SBE	2	정확히는 부타렐 부인입니다.
TRA3015.SBE	3	곤란하군. 마음을 돌리게 하진 못했나?
TRA3015.SBE	4	어렵습니다. 그 부부는 미스 볼프 연주회에 초대받지 못했거든요.
TRA3015.SBE	5	무시당한 여인의 분노만큼 무서운 건 없지.
TRA3015.SBE	6	아마 이 일은 끝까지 물고 늘어질 겁니다.
TRA3015.SBE	7	유감이군. 그래도 규정은 규정이야.
TRA3015.SBE	8	이 소식은 자네가 미스 볼프에게 전하게. 그리고 그 개도 치우고.
TRA3015.SBE	9	제가요, 선생님?
TRA3015.SBE	10	그래, 자네. 왜, 개가 무섭나?
TRA3015.SBE	11	아닙니다, 선생님. 동물은 좋아합니다.
TRA3015.SBE	12	좋아. 최선을 다하게.
TRA3015.SBE	13	미스 볼프께는 꼭 사과드리게. 우리 단골 중에서도 가장 중요한 손님이야.
TRA3015.SBE	14	자네보다 파리-콘스탄티노플 노선을 더 많이 타신 분이니까.
TRA3015.SBE	15	알고 있습니다, 선생님.
TRA4001.SBE	0	포조니... 열차가 포조니 역에 도착합니다.
TRA4001.SBE	1	3분 정차입니다.
TRA4002.SBE	0	열차가 갈란타 역에 도착합니다.
TRA4002.SBE	1	갈란타... 5분 정차입니다.
TRA4003.SBE	0	승객 여러분, 열차는 1시간 후 부다페스트에 도착합니다.
TRA4004.SBE	0	승객 여러분, 열차는 30분 후 부다페스트에 도착합니다.
TRA4005.SBE	0	열차가 부다페스트 역에 도착합니다.
TRA4005.SBE	1	부다페스트, 20분 정차입니다...
TRA5001.SBE	0	승객 여러분, 부탁드립니다,
TRA5001.SBE	1	침착하게 각자 객실에 머물러 주십시오.
TRA5001.SBE	2	문은 닫아 두시기 바랍니다.
TRA5001.SBE	3	당황하실 필요 없습니다. 계신 자리에서 기다려 주십시오.
VIENNA.SBE	0	비엔나 오후 6:00
WAT1002.SBE	0	실례합니다.
WAT1002A.SBE	0	실례합니다.
WAT1002B.SBE	0	실례합니다, 무슈.
WAT1003.SBE	0	실례합니다.
WAT1003A.SBE	0	실례합니다, 무슈.
WAT1003B.SBE	0	실례합니다, 무슈.
WAT5001.SBE	0	누구요?
WAT5001.SBE	1	열지 마요!
WAT5001.SBE	2	바보 같은 소리 마, 당연히 안 열 거야!
WAT5001A.SBE	0	네, 누구시죠?
WAT5001A.SBE	1	제발, 무슈. 여긴 주방에서 일하는 사람들뿐입니다.
WAT5001A.SBE	2	여기 있는 제 동지도 훌륭한 사회주의자고,
WAT5001A.SBE	3	언제나 무슈 조레스의 열렬한 지지자였습니다.
WAT5002.SBE	0	그런데 저들은 누구죠?
WAT5002.SBE	1	보통 도둑들은 아닙니다. 분명 정치적인 일이에요.
WAT5002.SBE	2	발칸 문제와 관련됐겠죠.
WAT5002.SBE	3	무정부주의자들이 분명해요.
WAT5002.SBE	4	죽은 그 청년도 그들 중 하나였고요.
WAT5002.SBE	5	열차를 폭파해서 우리를 다 죽이려는 거예요.
WAT5002.SBE	6	뭘 말하는지도 모르면서 떠들지 마.
WAT5002.SBE	7	그게 무슨 뜻이죠?
WAT5002.SBE	8	당신이야말로 무정부주의자야!
WAT5010.SBE	0	왜 여기 멈춰 있는 거죠?
WAT5010.SBE	1	요즘 젊은 것들은 아무것도 몰라.
WAT5010.SBE	2	자네가 이런 호화열차 주방에서 일하도록 내버려 두다니,
WAT5010.SBE	3	안전에 대해 기본도 모르면서 말이야.
WAT5010.SBE	4	당연히 모두 열차 뒤쪽으로 가야지, 거기가 제일 안전해.
WAT5010.SBE	5	무슨 말이에요? 충돌이라도 난다는 거예요?
WAT5010.SBE	6	그게 그렇게 이해가 안 되나? 브레이크가 끊겼고 경보도 안 울린다고.
WAT5010.SBE	7	놈들이 지난 정차역에서 열차를 장악한 게 분명해.
WAT5010.SBE	8	그 산적들이 열차를 제대로 몰 줄 알겠어? 무슨 일이든 날 수 있어.
WAT5010.SBE	9	우릴 전부 죽일 거야...
WAT5010.SBE	10	닥쳐, 멍청아!
WELS.SBE	0	벨스 오후 2:23
XABB1.SBE	0	아, 출장 중입니다. 가끔 회사에서 처리할 일이 생겨요.
XABB1.SBE	1	대륙 쪽에서 말이죠. 그러면 제가 나서는 겁니다.
XABB2.SBE	0	이런, 객실을 잘못 찾아오신 것 같습니다.
XABB2.SBE	1	보아하니 우리 둘 다 객실을 잘못 찾았군요.
XABB3.SBE	0	한잔하시겠습니까? 우리 둘이, 사내답게 말입니다.
XABB3.SBE	1	저는 흡연차에 있겠습니다.
XABB4.SBE	0	그 사람에게 그런 일이 생기다니 안됐군요.
XABB4.SBE	1	저는 늘 생각했어요, 결정적인 순간이 오면
XABB4.SBE	2	당신도 결국 우리 같은 부류가 될 거라고. 어떻게 생각합니까?
XALX1.SBE	0	수많은 동포가 빵조차 못 먹는데 저만 식사를 즐길 순 없습니다.
XALX2.SBE	0	바실리 알렉산드로비치, 저는 알렉세이 돌니코프입니다.
XALX2.SBE	1	제 아버지를 아셨던 걸로 압니다.
XALX3.SBE	0	러시아 동화예요. 아이들용이죠.
XALX4.SBE	0	바실리 알렉산드로비치가 괴로운 건 본인 양심이 찔리기 때문입니다.
XALX4.SBE	1	저는 사실만 말했습니다.
XALX4.SBE	2	감히 네가!
XALX4A.SBE	0	행동 하나가 전단 천 장보다 더 강한 선전이야.
XALX5.SBE	0	누구에게나 선과 악은 함께 있어, 타티아나.
XALX5.SBE	1	하지만 바실리 오볼렌스키는
XALX5.SBE	2	인간이 만든 가장 사악한 체제가 낳은 최악의 산물 중 하나야!
XALX6.SBE	0	희생자가 무슨 상관이야? 중요한 건 행위의 의미다!
XANN1.SBE	0	우리 전에 어디선가 본 적 있지 않나요?
XANN1.SBE	1	그럴 수도 있죠. 기억했을 것 같진 않네요.
XANN10.SBE	0	국경이 얼마 안 남았어.
XANN10.SBE	1	열차를 멈춰야 해요!
XANN10.SBE	2	왜죠?
XANN10.SBE	3	왜냐고요? 세르비아로 넘어가면 우릴 죽일 거예요!
XANN11.SBE	0	콘스탄티노플?
XANN11.SBE	1	당신은 베오그라드에서 빠져나가지 못할 거예요.
XANN11.SBE	2	애초에 베오그라드에 설 생각은 없었어요.
XANN12.SBE	0	결국 콘스탄티노플까지 가게 되겠네요.
XANN12.SBE	1	축하해요. 당신이 이겼어요.
XANN2.SBE	0	미국에서는 그렇게 노골적으로 구는 게 예의인가요?
XANN4.SBE	0	프로일라인 볼프? 인사를 드리지 않고는 방을 나갈 수가 없었습니다.
XANN4.SBE	1	기억해 주시다니 정말 친절하시네요.
XANN5.SBE	0	몇 년 전 뉴욕에서 미스터 휘트니라는 이름을 들은 기억이 나는군요.
XANN6.SBE	0	여자가 혼자 여행할 때는 조심해야 하니까요.
XANN6.SBE	1	맥스면 경호로 충분할 줄 알았는데요.
XANN6A.SBE	0	정말 매혹적이지 않습니까?
XANN6A.SBE	1	그 바이올리니스트 미스 볼프 말이야.
XANN6A.SBE	2	헤어 슈미트와 꽤 잘 지내는 것 같군.
XANN6A.SBE	3	원래 취향은 아닐 줄 알았는데...
XANN7.SBE	0	- 그럼 3시로 할까요? - 그때까지 분을 세며 기다리겠습니다.
XANN8.SBE	0	당신은 타일러의 무기 거래를 깨러 파견됐어.
XANN8.SBE	1	당신이 그를 죽이고, 그가 들고 있던 황금 알까지 훔쳤지.
XANN8.SBE	2	아니야. 내가 아니야!
XANN8.SBE	3	난 누구도 죽인 적 없어! 맹세해!
XANN9.SBE	0	너무 지쳤어요. 제발 가게 해줘요.
XAUG1.SBE	0	무슈 휘트니, 실례합니다.
XAUG1.SBE	1	헤어 슈미트가 식당차에서 기다리고 있습니다.
XAUG2.SBE	0	헤어 휘트니, 5분 후 당신 객실로 가겠습니다.
XAUG3.SBE	0	물건은 뮌헨에서 열차에 실릴 겁니다.
XAUG3.SBE	1	우리가 합의한 대로입니다.
XAUG3.SBE	2	좋소. 뮌헨을 지난 뒤 다시 이야기하지.
XAUG4.SBE	0	물건은 이미 열차에 실렸습니다.
XAUG4.SBE	1	금을 보여주시오.
XAUG4A.SBE	0	금을 보여주시오. 날 안심시키지 못한다면,
XAUG4A.SBE	1	비엔나에서 내려 물건을 도로 가져갈 생각이오!
XAUG5.SBE	0	예. 예.
XAUG5.SBE	1	서두르지 마시오, 헤어 슈미트. 아직 베오그라드에 도착하지 않았소.
XAUG6.SBE	0	세르비아 테러리스트들을 무장시키는 일이 조국의 이익과 무슨 관련이 있습니까?
XAUG6.SBE	1	제가 마지막으로 신문을 봤을 때 세르비아는 러시아와 프랑스 편이었는데요.
XAUG6.SBE	2	나쁘지 않은 질문이오.
XAUG6.SBE	3	답은 직접 찾아보시오.
XFRA2.SBE	0	안 돼! 내가 찾았어, 이건 내 거야!
XFRA3.SBE	0	검은 딱정벌레를 봤어요...
XKRO1.SBE	0	무슈 휘트니, 실례합니다.
XKRO1.SBE	1	각하께서 개인 객차에서 당신을 뵙길 원하십니다.
XKRO2.SBE	0	당신이 캐스든 휘트니든 내겐 중요하지 않습니다.
XKRO2.SBE	1	파리에 있는 내 대리인이 시작한 협상을 계속할 의향은 있습니다.
XKRO2.SBE	2	당신이 말한 물건을 가져왔다면 말이지요.
XKRO3.SBE	0	파리에 있는 내 대리인이 시작한 협상을 계속할 의향은 있습니다.
XKRO3.SBE	1	당신이 말한 물건을 가져왔다면 말이지요.
XKRO3.SBE	2	그건 불새라고 불렸소. 난 본 적 없소.
XKRO4.SBE	0	불새를 갖고 있습니까?
XKRO4A.SBE	0	꽤 무거운 서류가방을 가져왔습니다.
XKRO4A.SBE	1	이제 제안한 교환에 당신이 관심이 있는지 알고 싶군요.
XKRO4A.SBE	2	그리고 그걸 끝까지 성사시킬 능력이 있는지도요.
XKRO5.SBE	0	거래 즐거웠습니다, 미스터 휘트니.
XKRO6.SBE	0	저도 비엔나에서 열차를 내려야 합니다.
XKRO6.SBE	1	다시 못 뵙게 되더라도, 이스탄불까지 즐거운 여정 되시길 바랍니다.
XMIL1.SBE	0	금은 어디 있소?
XMIL1.SBE	1	무슨 금 말이오? 난 나무 상자랑 아수라장만 봤소.
XMIL1.SBE	2	그럼 우린 끝장이군. 이걸 장군께 뭐라고 보고하지?
XMIL2.SBE	0	타일러는 그걸 금으로 바꿔 독일인에게서 총을 사기로 했소.
XMIL2.SBE	1	독일인이 우리가 금을 잃어버린 걸 알게 되면,
XMIL2.SBE	2	모든 게 끝장이오.
XMIL2.SBE	3	우리가 금을 갖고 있고, 총을 사려 한다고 그에게 말해야 하오.
XMIL3.SBE	0	당신은 슬라브인 같소. 이제 우리 사람이오!
XMIL4.SBE	0	말했잖소, 그는 뭔가를 두려워하고 있었소.
XMIL4.SBE	1	그 사람에겐 죽음의 그림자가 드리워져 있었소.
XMIL4.SBE	2	그의 눈을 보면, 죽은 자의 눈빛이었소.
XMIL5.SBE	0	타일러는 우리 자유를 위해 목숨을 바쳤소. 그런데 당신은! 대체 뭘 믿고 있소?
XMME1.SBE	0	프랑수아! 이리 와!
XMME2.SBE	0	- 이 호루라긴 어디서 났니? - 제가 찾았어요.
XMME3.SBE	0	내가 잘못 본 건가, 아니면 우리 옆 객실에 개가 있는 건가요?
XMME4.SBE	0	그 개는 수하물칸 우리에 있어야 해요.
XMRB1.SBE	0	실례합니다, 무슈.
XREB1.SBE	0	프랑스인들은 참 재미있어.
XREB1.SBE	1	카이요 부인은 거의 국민 영웅이 된 모양이야.
XREB1A.SBE	0	소피!
XSOP1.SBE	0	굳이 말하면 잔 다르크 쪽이죠.
XSOP1.SBE	1	영국인들이 화형에 처한 그 잔 다르크 말이야...
XSOP1.SBE	2	꼭 그런 얘기를 꺼내야겠어?
XSOP1.SBE	3	어쨌든 사실이잖아...
XSOP1A.SBE	0	걱정 마. 저 사람은 미국인이라 못 알아들어.
XSOP1B.SBE	0	오늘 밤 참 아름답군요.
XSOP2.SBE	0	아침 내내 뭘 쓰고 있었어?
XSOP2.SBE	1	그냥 일기.
XTAT1.SBE	0	기분이 좋아 보이네.
XTAT3.SBE	0	불새! 정말 아름다워. 저 불타는 꼬리 좀 봐.
XTAT5.SBE	0	타티아나, 그런 건 가까이 두면 안 돼.
XTAT5.SBE	1	그걸 돌려주지 않으면,
XTAT5.SBE	2	차장을 불러 널 열차에서 내리게 할 거야.
XTAT5.SBE	3	내놔.
XTAT6.SBE	0	그 사람이 그러더군요, 내가 세상과 이어진 유일한 끈이라고
XTAT6.SBE	1	내가 함께 가지 않으면 자기 삶은 아무 의미도 없다고요.
XTAT6.SBE	2	당신은 그 사람을 몰라요. 정말 무모한 짓을 할지도 몰라요.
XTYL1.SBE	0	꼭 와줘요. 내가 믿을 수 있는 사람은 당신뿐이에요.
XTYL3.SBE	0	한번 노래하게 해보지 그래?
XVAS1.SBE	0	우리 교회의 모든 서약을 지켰느냐?
XVAS1A.SBE	0	타티아나, 내 칼 가져와!
XVAS1A.SBE	1	그자의 심장을 도려내 늑대들에게 먹이리라!
XVAS1A.SBE	2	할아버지!
XVAS1A.SBE	3	저 사람 말 듣지 마세요, 무슨 말을 하는지도 몰라요!
XVAS1A.SBE	4	바실리 알렉산드로비치!
XVAS2.SBE	0	노인께서 완전히 정신이 나가신 모양입니다.
XVAS2.SBE	1	그래도 오랜 세월 차르의 비공식 대사 같은 역할을 해오신 분이죠,
XVAS2.SBE	2	무슨 뜻인지 아시겠지만요.
XVAS3.SBE	0	그래, 내 꿈에 나온 게 바로 너였구나!
XVAS3.SBE	1	자, 가져가라!
XVAS3.SBE	2	어쩌면 너를 위해 노래할지도 모르지!
XVAS4.SBE	0	저 승객들은 결코 콘스탄티노플에 도착하지 못할 거요.
ZNU1001.SBE	0	잠깐만요.
