sbe	entry- index	start	end	full- src	full- tr	SND- Filename
1002.SBE	0	1	60	Excuse me. Got a light?	실례합니다. 불 좀 빌릴 수 있을까요?	1002.SND
1002.SBE	1	225	240	Thanks.	감사합니다.	1002.SND
1002.SBE	2	255	330	Haven't we met somewhere before?	우리 예전에 어디서 본 적 없나요?	1002.SND
1002.SBE	3	331	602	It's possible. I don't think I would have remembered.	그럴 수도 있겠네요. 제가 기억했을 것 같지는 않지만요.	1002.SND
1002D.SBE	0	1	60	Excuse me. Got a light?	실례합니다. 불 좀 빌릴 수 있을까요?	1002D.SND
1002D.SBE	1	225	240	Thanks.	감사합니다.	1002D.SND
1002D.SBE	2	255	330	Haven't we met somewhere before?	우리 예전에 어디서 본 적 없나요?	1002D.SND
1002D.SBE	3	331	602	It's possible. I don't think I would have remembered.	그럴 수도 있겠네요. 제가 기억했을 것 같지는 않지만요.	1002D.SND
1003.SBE	0	1	45	Mind if I join you?	같이 앉아도 될까요?	1003.SND
1003.SBE	1	60	190	That's bold. Is it customary in America to be so forward?	대담하시네요. 미국에서는 그렇게 적극적으로 구는 게 보통인가요?	1003.SND
1003.SBE	2	195	255	In certain circles it's not unheard of.	어떤 사람들 사이에서는 드문 일도 아니죠.	1003.SND
1003.SBE	3	260	330	I must have been moving in the wrong circles.	그럼 제가 어울리던 쪽이 달랐나 보군요.	1003.SND
1003.SBE	4	345	400	I hope you find somewhere to sit.	앉을 자리는 다른 데서 찾으시죠.	1003.SND
1005.SBE	0	30	60	Herr Whitney?	헤어 휘트니?	1005.SND
1005.SBE	1	61	180	My name is Robert Cath, and I'm looking for herr Whitney myself.	제 이름은 로버트 캐스입니다. 저도 헤어 휘트니를 찾고 있습니다.	1005.SND
1005.SBE	2	181	240	I don't suppose you know where I might find him?	그가 어디 있는지 혹시 아십니까?	1005.SND
1005.SBE	3	270	330	I have had enough of this nonsense.	이런 말도 안되는 상황엔 이제 질렸어.	1005.SND
1006.SBE	0	1	100	Herr Whitney? You are different than I had imagined.	헤어 휘트니? 제가 상상하던 모습과는 다르군요.	1006.SND
1006.SBE	1	101	190	Sorry to keep you waiting, I ran across an old friend.	기다리게 해서 죄송합니다. 오랜 친구를 우연히 만나서요.	1006.SND
1006.SBE	2	191	300	One does have the most unexpected encounters on trains.	열차에서는 예상치 못한 사람을 만나기도 하죠.	1006.SND
1006.SBE	3	301	345	Shall we get on to business?	그럼 본론으로 들어갈까요?	1006.SND
1006.SBE	4	346	405	Have you brought the gold?	금은 가져오셨습니까?	1006.SND
1006.SBE	5	460	540	First you kept me waiting, now you don't answer me.	처음엔 나를 기다리게 하더니, 이제는 대답도 없군요.	1006.SND
1006.SBE	6	541	615	I have kept my half of the bargain.	저는 제 몫의 약속은 지켰습니다.	1006.SND
1006.SBE	7	616	705	If something has gone wrong, I would like to know it!	문제가 생겼다면, 내가 알아야겠습니다!	1006.SND
1006.SBE	8	706	750	Nothing has gone wrong.	아무 문제 없습니다.	1006.SND
1006.SBE	9	765	930	I'm glad. I trust that you will not mind if I ask to see the gold?	다행이군요. 금을 보여 달라고 해도 괜찮겠지요?	1006.SND
1006.SBE	10	931	1040	I trust you won't mind either if I ask to see what I'm buying?	그럼 내가 사는 물건을 보여 달라고 해도 괜찮겠지요?	1006.SND
1006.SBE	11	1041	1125	To see it? But you know that is impossible!	보여 달라고요? 그건 불가능하다는 걸 당신도 알잖습니까!	1006.SND
1006.SBE	12	1126	1230	The merchandise will be put on the train at Munich.	물건은 뮌헨에서 열차에 실릴 겁니다.	1006.SND
1006.SBE	13	1231	1275	It is what we agreed!	그게 우리가 합의한 내용이오!	1006.SND
1006.SBE	14	1276	1335	Good. Then we're even.	좋습니다. 그럼 서로 조건은 맞는 셈이군요.	1006.SND
1006.SBE	15	1350	1400	Herr Schmidt, it's been a pleasure.	헤어 슈미트, 즐거웠습니다.	1006.SND
1006.SBE	16	1401	1470	We'll talk again after Munich.	뮌헨을 지난 뒤에 다시 이야기하죠.	1006.SND
1006A.SBE	0	1	100	Herr Whitney? You are different than I had imagined.	헤어 휘트니? 제가 상상하던 모습과는 다르군요.	1006A.SND
1006A.SBE	1	101	190	Sorry to keep you waiting, I ran across an old friend.	기다리게 해서 죄송합니다. 오랜 친구를 우연히 만나서요.	1006A.SND
1006A.SBE	2	191	300	One does have the most unexpected encounters on trains.	열차에서는 예상치 못한 사람을 만나기도 하죠.	1006A.SND
1006A.SBE	3	301	345	Shall we get on to business?	그럼 본론으로 들어갈까요?	1006A.SND
1006A.SBE	4	346	405	Have you brought the gold?	금은 가져오셨습니까?	1006A.SND
1006A.SBE	5	460	540	First you kept me waiting, now you don't answer me.	처음엔 나를 기다리게 하더니, 이제는 대답도 없군요.	1006A.SND
1006A.SBE	6	541	615	I have kept my half of the bargain.	저는 제 몫의 약속은 지켰습니다.	1006A.SND
1006A.SBE	7	616	705	If something has gone wrong, I would like to know it!	문제가 생겼다면, 내가 알아야겠습니다!	1006A.SND
1006A.SBE	8	706	750	Nothing has gone wrong.	아무 문제 없습니다.	1006A.SND
1006A.SBE	9	765	930	I'm glad. I trust that you will not mind if I ask to see the gold?	다행이군요. 금을 보여 달라고 해도 괜찮겠지요?	1006A.SND
1006A.SBE	10	931	1040	I trust you won't mind either if I ask to see what I'm buying?	그럼 내가 사는 물건을 보여 달라고 해도 괜찮겠지요?	1006A.SND
1006A.SBE	11	1041	1125	To see it? But you know that is impossible!	보여 달라고요? 그건 불가능하다는 걸 당신도 알잖습니까!	1006A.SND
1006A.SBE	12	1126	1230	The merchandise will be put on the train at Munich.	물건은 뮌헨에서 열차에 실릴 겁니다.	1006A.SND
1006A.SBE	13	1231	1275	It is what we agreed!	그게 우리가 합의한 내용이오!	1006A.SND
1006A.SBE	14	1276	1335	Good. Then we're even.	좋습니다. 그럼 서로 조건은 맞는 셈이군요.	1006A.SND
1006A.SBE	15	1350	1400	Herr Schmidt, it's been a pleasure.	헤어 슈미트, 즐거웠습니다.	1006A.SND
1006A.SBE	16	1401	1470	We'll talk again after Munich.	뮌헨을 지난 뒤에 다시 이야기하죠.	1006A.SND
1008.SBE	0	1	45	Herr Whitney.	헤어 휘트니.	1008.SND
1008.SBE	1	60	105	I was beginning to wonder	슬슬 궁금해지더군요.	1008.SND
1008.SBE	2	106	240	if I would ever have the pleasure of making your acquaintance.	과연 당신과 인사를 나눌 기회가 있긴 할지요.	1008.SND
1008.SBE	3	300	330	Have you brought the gold?	금은 가져오셨습니까?	1008.SND
1008.SBE	4	390	480	First you kept me waiting, now you don't answer me.	처음엔 나를 기다리게 하더니, 이제는 대답도 없군요.	1008.SND
1008.SBE	5	490	570	I have kept my half of the bargain.	저는 제 몫의 약속은 지켰습니다.	1008.SND
1008.SBE	6	571	660	If something has gone wrong, I would like to know it!	문제가 생겼다면, 내가 알아야겠습니다!	1008.SND
1008.SBE	7	661	700	Nothing has gone wrong.	아무 문제 없습니다.	1008.SND
1008.SBE	8	710	885	I'm glad. I trust that you will not mind if I ask to see the gold?	다행이군요. 금을 보여 달라고 해도 괜찮겠지요?	1008.SND
1008.SBE	9	890	1000	I trust you won't mind either if I ask to see what I'm buying?	그럼 내가 사는 물건을 보여 달라고 해도 괜찮겠지요?	1008.SND
1008.SBE	10	1001	1080	To see it? But you know that is impossible!	보여 달라고요? 그건 불가능하다는 걸 당신도 알잖습니까!	1008.SND
1008.SBE	11	1081	1200	The merchandise will be put on the train at Munich.	물건은 뮌헨에서 열차에 실릴 겁니다.	1008.SND
1008.SBE	12	1201	1245	It is what we agreed!	그게 우리가 합의한 내용이오!	1008.SND
1008.SBE	13	1246	1305	Good. Then we're even.	좋습니다. 그럼 서로 조건은 맞는 셈이군요.	1008.SND
1008.SBE	14	1320	1360	Herr Schmidt, it's been a pleasure.	헤어 슈미트, 즐거웠습니다.	1008.SND
1008.SBE	15	1361	1430	We'll talk again after Munich.	뮌헨을 지난 뒤에 다시 이야기하죠.	1008.SND
1008A.SBE	0	37	81	Herr Whitney.	헤어 휘트니.	1008A.SND
1008A.SBE	1	82	129	I was beginning to wonder	슬슬 궁금해지더군요.	1008A.SND
1008A.SBE	2	130	255	if I would ever have the pleasure of making your acquaintance.	과연 당신과 인사를 나눌 기회가 있긴 할지요.	1008A.SND
1008A.SBE	3	256	302	Have you brought the gold?	금은 가져오셨습니까?	1008A.SND
1008A.SBE	4	360	449	First you kept me waiting, now you don't answer me.	처음엔 나를 기다리게 하더니, 이제는 대답도 없군요.	1008A.SND
1008A.SBE	5	463	533	I have kept my half of the bargain.	저는 제 몫의 약속은 지켰습니다.	1008A.SND
1008A.SBE	6	534	622	If something has gone wrong, I would like to know it!	문제가 생겼다면, 내가 알아야겠습니다!	1008A.SND
1008A.SBE	7	623	676	Nothing has gone wrong.	아무 문제 없습니다.	1008A.SND
1008A.SBE	8	677	854	I'm glad. I trust that you will not mind if I ask to see the gold?	다행이군요. 금을 보여 달라고 해도 괜찮겠지요?	1008A.SND
1008A.SBE	9	855	963	I trust you won't mind either if I ask to see what I'm buying?	그럼 내가 사는 물건을 보여 달라고 해도 괜찮겠지요?	1008A.SND
1008A.SBE	10	964	1053	To see it? But you know that is impossible!	보여 달라고요? 그건 불가능하다는 걸 당신도 알잖습니까!	1008A.SND
1008A.SBE	11	1054	1160	The merchandise will be put on the train at Munich.	물건은 뮌헨에서 열차에 실릴 겁니다.	1008A.SND
1008A.SBE	12	1161	1205	It is what we agreed!	그게 우리가 합의한 내용이오!	1008A.SND
1008A.SBE	13	1206	1260	Good. Then we're even.	좋습니다. 그럼 서로 조건은 맞는 셈이군요.	1008A.SND
1008A.SBE	14	1261	1324	Herr Schmidt, it's been a pleasure.	헤어 슈미트, 즐거웠습니다.	1008A.SND
1008A.SBE	15	1325	1399	We'll talk again after Munich.	뮌헨을 지난 뒤에 다시 이야기하죠.	1008A.SND
1008AN.SBE	0	37	81	Herr Whitney.	헤어 휘트니.	1008AN.SND
1008AN.SBE	1	82	129	I was beginning to wonder	슬슬 궁금해지더군요.	1008AN.SND
1008AN.SBE	2	130	255	if I would ever have the pleasure of making your acquaintance.	과연 당신과 인사를 나눌 기회가 있긴 할지요.	1008AN.SND
1008AN.SBE	3	256	302	Have you brought the gold?	금은 가져오셨습니까?	1008AN.SND
1008AN.SBE	4	360	449	First you kept me waiting, now you don't answer me.	처음엔 나를 기다리게 하더니, 이제는 대답도 없군요.	1008AN.SND
1008AN.SBE	5	463	533	I have kept my half of the bargain.	저는 제 몫의 약속은 지켰습니다.	1008AN.SND
1008AN.SBE	6	534	622	If something has gone wrong, I would like to know it!	문제가 생겼다면, 내가 알아야겠습니다!	1008AN.SND
1008AN.SBE	7	623	676	Nothing has gone wrong.	아무 문제 없습니다.	1008AN.SND
1008AN.SBE	8	677	854	I'm glad. I trust that you will not mind if I ask to see the gold?	다행이군요. 금을 보여 달라고 해도 괜찮겠지요?	1008AN.SND
1008AN.SBE	9	855	963	I trust you won't mind either if I ask to see what I'm buying?	그럼 내가 사는 물건을 보여 달라고 해도 괜찮겠지요?	1008AN.SND
1008AN.SBE	10	964	1053	To see it? But you know that is impossible!	보여 달라고요? 그건 불가능하다는 걸 당신도 알잖습니까!	1008AN.SND
1008AN.SBE	11	1054	1160	The merchandise will be put on the train at Munich.	물건은 뮌헨에서 열차에 실릴 겁니다.	1008AN.SND
1008AN.SBE	12	1161	1205	It is what we agreed!	그게 우리가 합의한 내용이오!	1008AN.SND
1008AN.SBE	13	1206	1260	Good. Then we're even.	좋습니다. 그럼 서로 조건은 맞는 셈이군요.	1008AN.SND
1008AN.SBE	14	1261	1324	Herr Schmidt, it's been a pleasure.	헤어 슈미트, 즐거웠습니다.	1008AN.SND
1008AN.SBE	15	1325	1399	We'll talk again after Munich.	뮌헨을 지난 뒤에 다시 이야기하죠.	1008AN.SND
1008N.SBE	0	1	45	Herr Whitney.	헤어 휘트니.	1008N.SND
1008N.SBE	1	60	105	I was beginning to wonder	슬슬 궁금해지더군요.	1008N.SND
1008N.SBE	2	106	240	if I would ever have the pleasure of making your acquaintance.	과연 당신과 인사를 나눌 기회가 있긴 할지요.	1008N.SND
1008N.SBE	3	300	330	Have you brought the gold?	금은 가져오셨습니까?	1008N.SND
1008N.SBE	4	390	480	First you kept me waiting, now you don't answer me.	처음엔 절 기다리게 하더니, 이젠 대답도 안 하는군요.	1008N.SND
1008N.SBE	5	490	570	I have kept my half of the bargain.	저는 제 몫의 약속은 지켰습니다.	1008N.SND
1008N.SBE	6	571	660	If something has gone wrong, I would like to know it!	문제가 생겼다면, 제가 알아야겠습니다!	1008N.SND
1008N.SBE	7	661	700	Nothing has gone wrong.	아무 문제 없습니다.	1008N.SND
1008N.SBE	8	710	885	I'm glad. I trust that you will not mind if I ask to see the gold?	다행이군요. 그럼 금을 보여 달라고 해도 괜찮겠지요?	1008N.SND
1008N.SBE	9	890	1000	I trust you won't mind either if I ask to see what I'm buying?	그럼 제가 사는 물건을 보여 달라고 해도 괜찮겠지요?	1008N.SND
1008N.SBE	10	1001	1080	To see it? But you know that is impossible!	보여 달라고요? 그건 불가능하다는 걸 당신도 알잖습니까!	1008N.SND
1008N.SBE	11	1081	1200	The merchandise will be put on the train at Munich.	물건은 뮌헨에서 열차에 실릴 겁니다.	1008N.SND
1008N.SBE	12	1201	1245	It is what we agreed!	그게 우리가 합의한 내용이오!	1008N.SND
1008N.SBE	13	1246	1305	Good. Then we're even.	좋습니다. 그럼 서로 조건은 맞는 셈이군요.	1008N.SND
1008N.SBE	14	1320	1360	Herr Schmidt, it's been a pleasure.	헤어 슈미트, 즐거웠습니다.	1008N.SND
1008N.SBE	15	1361	1430	We'll talk again after Munich.	뮌헨을 지난 뒤에 다시 이야기하죠.	1008N.SND
1011.SBE	0	1	60	And you were with an English woman.	그리고 당신, 영국 여자와 함께 계시더군요.	1011.SND
1011.SBE	1	75	125	Was she a wife?	부인이었나요?	1011.SND
1011.SBE	2	125	240	Um... yes... um, that is... Ah!	음... 예... 그게... 아!	1011.SND
1011.SBE	3	241	417	Miss Wolff, may I present my colleague from America mister Tyler Whitney?	미스 볼프, 미국에서 온 제 동료 미스터 타일러 휘트니를 소개해도 되겠습니까?	1011.SND
1011.SBE	4	435	515	Herr Whitney, miss Anna Wolff.	헤어 휘트니, 미스 안나 볼프입니다.	1011.SND
1011.SBE	5	516	616	I... I'm sorry, I didn't catch the name.	죄송해요... 이름을 잘 못 들었어요.	1011.SND
1011.SBE	6	617	699	Tyler Whitney. Have we met before?	타일러 휘트니입니다. 우리 전에 만난 적 있나요?	1011.SND
1011.SBE	7	719	839	I seem to remember hearing of a mister Whitney years ago in New-York.	몇 년 전 뉴욕에서 미스터 휘트니 이야기를 들은 기억이 나네요.	1011.SND
1011.SBE	8	840	965	You were trying to raise money to start a revolution in Cuba, isn't that right?	쿠바에서 혁명을 일으키려고 자금을 모으고 계셨죠, 맞나요?	1011.SND
1011.SBE	9	966	1086	Mexica. And it wasn't me. It must have been some place else that we've met.	멕시코요. 그리고 그건 제가 아니었습니다. 우린 다른 데서 만난 모양이군요.	1011.SND
1011.SBE	10	1104	1224	Herr Whitney is well known as a champion of redeem injustice...	헤어 휘트니는 정의를 위해 싸우는 인물로 잘 알려져 있지요...	1011.SND
1011.SBE	11	1225	1289	in countries other than his own.	자기 조국이 아닌 나라들에서까지요.	1011.SND
1011.SBE	12	1306	1412	But please, don't let us interrupt your dinner.	하지만 저희 때문에 식사를 방해받진 마십시오.	1011.SND
1011.SBE	13	1413	1490	Not at all. You're both very kind.	전혀요. 두 분 모두 정말 친절하시네요.	1011.SND
1011.SBE	14	1491	1579	One does get so bored on these long journeys.	이런 긴 여행에서는 정말 지루해지기 마련이죠.	1011.SND
1011.SBE	15	1580	1610	Good evening.	그럼 안녕히.	1011.SND
1011.SBE	16	1667	1703	A beautiful woman.	아름다운 여성이군.	1011.SND
1011.SBE	17	1704	1728	Is she?	그런가요?	1011.SND
1011.SBE	18	1729	1779	And a brilliant performer.	연주 실력도 뛰어나고요.	1011.SND
1011.SBE	19	1796	1914	To look at her... you would never think she was Jewish.	저 모습을 보면... 유대인이라고는 생각도 못 하겠군요.	1011.SND
1011.SBE	20	1915	1950	Until Munich, sir.	뮌헨에서 뵙지요, 선생.	1011.SND
1011A.SBE	0	1	30	Pardon me.	실례합니다.	1011A.SND
1011A.SBE	1	31	120	I couldn't help hearing you introduced yourself as August Schmidt.	방금 아우구스트 슈미트라고 소개하시는 걸 우연히 들었습니다.	1011A.SND
1011A.SBE	2	121	165	I believe we had a dinner engagement.	우리 저녁 약속이 있었던 걸로 압니다.	1011A.SND
1011A.SBE	3	166	240	Ah, the elusive herr Whitney.	아, 좀처럼 모습을 드러내지 않는 헤어 휘트니군요.	1011A.SND
1011A.SBE	4	255	330	We had a deed over an hour ago.	우린 한 시간도 더 전에 약속이 있었소.	1011A.SND
1011A.SBE	5	345	435	I... I'm sorry, I didn't catch the name.	죄송해요... 이름을 잘 못 들었어요.	1011A.SND
1011A.SBE	6	436	510	Tyler Whitney. Have we met before?	타일러 휘트니입니다. 우리 전에 만난 적 있나요?	1011A.SND
1011A.SBE	7	525	645	I seem to remember hearing of a mister Whitney years ago in New-York.	몇 년 전 뉴욕에서 미스터 휘트니 이야기를 들은 기억이 나네요.	1011A.SND
1011A.SBE	8	646	765	You were trying to raise money to start a revolution in Cuba, isn't that right?	쿠바에서 혁명을 일으키려고 자금을 모으고 계셨죠, 맞나요?	1011A.SND
1011A.SBE	9	766	870	Mexica. And it wasn't me. It must have been some place else that we've met.	멕시코요. 그리고 그건 제가 아니었습니다. 우린 다른 데서 만난 모양이군요.	1011A.SND
1011A.SBE	10	885	1000	Herr Whitney is well known as a champion of redeem injustice...	헤어 휘트니는 정의를 위해 싸우는 인물로 잘 알려져 있지요...	1011A.SND
1011A.SBE	11	1001	1065	in countries other than his own.	자기 조국이 아닌 나라들에서까지요.	1011A.SND
1011A.SBE	12	1080	1170	But please, don't let us interrupt your dinner.	하지만 저희 때문에 식사를 방해받진 마십시오.	1011A.SND
1011A.SBE	13	1171	1230	Not at all. You're both very kind.	전혀요. 두 분 모두 정말 친절하시네요.	1011A.SND
1011A.SBE	14	1260	1335	One does get so bored on these long journeys.	이런 긴 여행에서는 정말 지루해지기 마련이죠.	1011A.SND
1011A.SBE	15	1350	1380	Good evening.	그럼 안녕히.	1011A.SND
1011A.SBE	16	1425	1440	Herr Whitney.	헤어 휘트니.	1011A.SND
1011A.SBE	17	1441	1530	I will come to your compartment in 5 minutes.	5분 뒤 당신 객실로 가겠습니다.	1011A.SND
1012.SBE	0	1	75	Are you reading about madame Caillaux?	카이요 부인 기사 읽고 계십니까?	1012.SND
1012.SBE	1	76	140	I don't believe we've been introduced.	우리 정식으로 인사한 적은 없는 것 같군요.	1012.SND
1012.SBE	2	141	195	We haven't. I'm Tyler Whitney.	맞습니다. 전 타일러 휘트니입니다.	1012.SND
1012.SBE	3	196	270	I know. Herr Schmidt told me who you were.	알고 있어요. 헤어 슈미트에게 당신 얘길 들었거든요.	1012.SND
1012.SBE	4	271	375	If you'll excuse me, I'd like to finish my magazine.	실례가 아니라면 잡지를 마저 읽고 싶군요.	1012.SND
1012.SBE	5	400	460	You still haven't told me your name.	아직 이름을 안 알려주셨군요.	1012.SND
1013.SBE	0	1	60	Are you reading about madame Caillaux?	카이요 부인 기사 읽고 계십니까?	1013.SND
1013.SBE	1	90	120	Have you read it?	읽어 보셨나요?	1013.SND
1013.SBE	2	121	150	Just a guess.	그냥 짐작이었어요.	1013.SND
1013.SBE	3	165	270	It's either that or Rasputin, they don't seem to write about anything else.	그 얘기 아니면 라스푸틴 얘기죠. 다른 건 쓰지도 않는 것 같아요.	1013.SND
1013.SBE	4	271	330	Don't you care about Rasputin?	라스푸틴 얘기는 관심 없으세요?	1013.SND
1013.SBE	5	331	390	Sure I do. I like him.	물론 있죠. 난 그 사람이 좋아요.	1013.SND
1013.SBE	6	391	480	Just when you think he's dead he pops back up again.	죽었다 싶으면 또 불쑥 살아나잖아요.	1013.SND
1013.SBE	7	510	540	Good night, miss Wolff.	안녕히 주무세요, 미스 볼프.	1013.SND
1017.SBE	0	39	133	I saw your light. I thought you might be having trouble sleeping?	불이 켜져 있길래요. 잠을 못 이루시나 싶어서요.	1017.SND
1017.SBE	1	133	237	I had a bad nightmare. It woke me up.	악몽을 꿨어요. 그 때문에 깼어요.	1017.SND
1017.SBE	2	237	267	Can I come in?	들어가도 될까요?	1017.SND
1017.SBE	3	285	313	Why not?	왜 안 되죠?	1017.SND
1017.SBE	4	457	514	Make yourself comfortable.	편하게 있으세요.	1017.SND
1017.SBE	5	514	579	I'm sorry the place is a mess.	방이 좀 어질러져서 미안해요.	1017.SND
1017.SBE	6	589	686	Do you... always carry a gun on your concert tours?	공연 투어 다닐 때도... 항상 총을 가지고 다니나요?	1017.SND
1017.SBE	7	686	756	A woman travelling alone has to be careful.	여자가 혼자 여행하면 조심해야 하니까요.	1017.SND
1017.SBE	8	756	819	I would have thought Max was enough protection.	맥스만으로도 충분한 경호가 될 줄 알았습니다.	1017.SND
1017.SBE	9	819	908	You are not Tyler Whitney. Who are you?	당신, 타일러 휘트니가 아니군요. 누구죠?	1017.SND
1017.SBE	10	908	953	My name is Robert Cath.	제 이름은 로버트 캐스입니다.	1017.SND
1017.SBE	11	953	993	What do you want?	원하는 게 뭐죠?	1017.SND
1017.SBE	12	993	1051	Tyler Whitney was a friend of mine.	타일러 휘트니는 제 친구였습니다.	1017.SND
1017.SBE	13	1051	1099	What's that supposed to mean?	그게 무슨 뜻이죠?	1017.SND
1019.SBE	0	1	225	- Good night, miss Wolff. - Good night, mister Whitney.	- 안녕히 주무세요, 미스 볼프. - 안녕히 주무십시오, 미스터 휘트니.	1019.SND
1019D.SBE	0	1	225	- Good night, miss Wolff. - Good night, mister Whitney.	- 안녕히 주무세요, 미스 볼프. - 안녕히 주무십시오, 미스터 휘트니.	1019D.SND
1020.SBE	0	19	53	Good morning, herr Schmidt.	좋은 아침입니다, 헤어 슈미트.	1020.SND
1020.SBE	1	54	117	I hope all that shouting didn't wake you up last night.	어젯밤 그 고성 때문에 잠을 깨신 건 아니길 바랍니다.	1020.SND
1020.SBE	2	118	171	Shouting? What shouting?	고성이라니요? 무슨 고성을 말하는 거요?	1020.SND
1020.SBE	3	172	205	Guess not.	아닌가 보군요.	1020.SND
1022.SBE	0	1	30	Ah, herr Whitney.	아, 헤어 휘트니.	1022.SND
1022.SBE	1	31	135	The merchandise has been loaded onto the train.	물건은 이미 열차에 실렸소.	1022.SND
1022.SBE	2	136	210	I have fulfilled my part of the bargain.	나는 거래에서 내 몫을 다했소.	1022.SND
1022.SBE	3	211	270	I want to see the gold!	금을 봐야겠소!	1022.SND
1022.SBE	4	271	345	Our agreement included delivery of the arms in Belgrade.	우리 합의에는 베오그라드에서 무기를 인도한다는 조건이 있었소.	1022.SND
1022.SBE	5	346	390	We're not in Belgrade yet.	아직 베오그라드가 아니오.	1022.SND
1022.SBE	6	391	480	Herr Whitney. Since I boarded this train,	헤어 휘트니, 내가 이 열차에 오른 뒤로	1022.SND
1022.SBE	7	481	570	I have begun to feel that things are not as they should be.	일이 돌아가는 모양이 영 심상치 않다는 느낌이 들기 시작했소.	1022.SND
1022.SBE	8	571	690	If you cannot reassure me, I intend to get off in Vienna	당신이 날 안심시키지 못하면, 나는 빈에서 내릴 생각이오	1022.SND
1022.SBE	9	691	720	and take my merchandise with me!	그리고 내 물건도 가지고 내리겠소!	1022.SND
1022.SBE	10	735	765	Good day!	그럼 이만!	1022.SND
1022A.SBE	0	1	90	Herr Schmidt, can we talk?	헤어 슈미트, 잠깐 얘기할 수 있을까요?	1022A.SND
1022A.SBE	1	91	210	Unless you can show me the gold, there is nothing to talk about!	금을 보여줄 수 없다면 더 할 말은 없소!	1022A.SND
1022A.SBE	2	211	240	Good day.	좋은 하루 되세요.	1022A.SND
1022AD.SBE	0	1	90	Herr Schmidt, can we talk?	헤어 슈미트, 잠깐 얘기할 수 있을까요?	1022AD.SND
1022AD.SBE	1	91	210	Unless you can show me the gold, there is nothing to talk about!	금을 보여줄 수 없다면 더 할 말은 없소!	1022AD.SND
1022AD.SBE	2	211	240	Good day.	좋은 하루 되세요.	1022AD.SND
1022B.SBE	0	60	120	Herr Schmidt, can we talk?	헤어 슈미트, 잠깐 얘기할 수 있을까요?	1022B.SND
1022B.SBE	1	121	240	Unless you can show me the gold, there is nothing to talk about!	금을 보여줄 수 없다면 더 할 말은 없소!	1022B.SND
1022B.SBE	2	241	270	Good day.	좋은 하루 되세요.	1022B.SND
1022C.SBE	0	60	120	Herr Schmidt, can we talk?	헤어 슈미트, 잠깐 얘기할 수 있을까요?	1022C.SND
1022C.SBE	1	121	240	Unless you can show me the gold, there is nothing to talk about!	금을 보여줄 수 없다면 더 할 말은 없소!	1022C.SND
1022C.SBE	2	241	270	Good day.	좋은 하루 되세요.	1022C.SND
1023.SBE	0	1	60	Herr Schmidt, are you having a lunch alone?	헤어 슈미트, 점심을 혼자 드십니까?	1023.SND
1023.SBE	1	61	150	As a matter of fact, I'm waiting for a lady.	사실은 숙녀 한 분을 기다리는 중이오.	1023.SND
1023.SBE	2	180	210	Have a nice wait.	그럼 즐겁게 기다리시죠.	1023.SND
1025.SBE	0	390	525	Fraulein Wolff, it is a privilege to meet so talented an artist.	프로일라인 볼프, 이토록 재능 있는 예술가를 뵙게 되어 영광입니다.	1025.SND
1025.SBE	1	526	600	My name is Kronos.	제 이름은 크로노스입니다.	1025.SND
1025.SBE	2	601	690	Your excellency, you do me a great honor.	각하, 큰 영광입니다.	1025.SND
1025.SBE	3	930	1020	My car is equipped with a piano.	제 객차에는 피아노가 갖춰져 있습니다.	1025.SND
1025.SBE	4	1021	1140	I wonder if you would do me the favor of joining me in a duet.	저와 이중주를 해주시는 영광을 베풀어 주실 수 있을까요?	1025.SND
1025.SBE	5	1141	1230	It will help pass the time on this rather long journey.	이 긴 여정의 시간을 보내는 데 좋을 겁니다.	1025.SND
1025.SBE	6	1231	1300	What a splendid idea!	정말 멋진 생각이군요!	1025.SND
1025.SBE	7	1410	1500	Shall we say... 3 o'clock?	그럼... 3시로 할까요?	1025.SND
1025.SBE	8	1501	1590	I shall count the minutes until then.	그때까지 분을 세며 기다리겠습니다.	1025.SND
1025.SBE	9	1620	1650	Good day.	좋은 하루 되세요.	1025.SND
1028.SBE	0	45	75	What are you doing here?	여기서 뭐 하는 거죠?	1028.SND
1028.SBE	1	76	120	Searching your compartment.	당신 객실을 수색 중입니다.	1028.SND
1028.SBE	2	135	180	What did you expect to find?	뭘 찾을 생각이었죠?	1028.SND
1028.SBE	3	181	255	Something that used to belong to a friend of mine.	한때 제 친구의 것이었던 물건이요.	1028.SND
1028.SBE	4	256	285	Get out.	나가요.	1028.SND
1028.SBE	5	390	540	By the way, you play beautifully. Too bad you didn't stick to music.	그런데 연주는 정말 훌륭하더군요. 음악만 계속했으면 좋았을 텐데요.	1028.SND
1030.SBE	0	69	121	Have you brought the gold?	금은 가져오셨습니까?	1030.SND
1030.SBE	1	121	153	I brought this.	이걸 가져왔소.	1030.SND
1030.SBE	2	153	186	What is this?	이게 뭐죠?	1030.SND
1030.SBE	3	186	237	Something more precious than gold.	금보다 더 귀한 것이오.	1030.SND
1030.SBE	4	237	328	Herr Whitney, I am not a Jewish pawnbroker.	헤어 휘트니, 나는 유대인 전당포 주인이 아니오.	1030.SND
1030.SBE	5	328	404	Our terms of payment were precise.	지불 조건은 분명했소.	1030.SND
1030.SBE	6	404	540	If you cannot fulfill them, I shall consider our agreement broken	그걸 이행하지 못한다면, 우리 합의는 깨진 것으로 보겠소	1030.SND
1030.SBE	7	540	632	and your reputation greatly overrated.	그리고 당신의 명성은 심하게 과장됐다고 생각하겠소.	1030.SND
1030.SBE	8	632	655	Good day.	좋은 하루 되세요.	1030.SND
1031.SBE	0	30	60	Mister Whitney?	미스터 휘트니?	1031.SND
1031.SBE	1	90	150	I was wondering if you would come.	오실지 궁금했소.	1031.SND
1031.SBE	2	270	390	Oh! Yes, yes.	오! 예, 예.	1031.SND
1031.SBE	3	450	495	Not so fast, herr Schmidt.	그리 서두르진 마시오, 헤어 슈미트.	1031.SND
1031.SBE	4	496	570	We're not in Belgrade yet.	아직 베오그라드가 아니오.	1031.SND
1032.SBE	0	18	51	Mind if I join you?	같이 앉아도 될까요?	1032.SND
1032.SBE	1	51	159	Of course! Cigar? The best Havana!	물론이죠! 시가 한 대 하시겠습니까? 최고급 아바나요!	1032.SND
1032.SBE	2	159	189	No, thanks.	아니요, 괜찮습니다.	1032.SND
1032.SBE	3	189	283	Americans don't know how to have pleasure.	미국인들은 즐길 줄을 모르는군요.	1032.SND
1032.SBE	4	283	430	How can there be a life of the spirit if the body is not fat?	몸이 제대로 먹지 못하는데 어떻게 정신의 삶이 있겠소?	1032.SND
1032.SBE	5	447	506	How's Fraulein Wolff?	프로일라인 볼프는 어떻습니까?	1032.SND
1032.SBE	6	506	581	I shall dine with her this evening.	오늘 저녁엔 그녀와 식사할 예정이오.	1032.SND
1032.SBE	7	612	634	Tell me, August,	말해 봐요, 아우구스트.	1032.SND
1032.SBE	8	634	751	how were spiritual person like yourself end up as a munitions maker?	당신처럼 정신적인 사람이 어쩌다 군수업자가 된 겁니까?	1032.SND
1032.SBE	9	751	850	You would find that quite difficult to understand.	당신이 이해하기엔 꽤 어려울 거요.	1032.SND
1032.SBE	10	850	906	Unlike you, Herr Whitney,	당신과는 달리, 헤어 휘트니,	1032.SND
1032.SBE	11	906	975	I'm not motivated only by gold.	날 움직이는 건 금만이 아니오.	1032.SND
1032.SBE	12	975	1131	I'm always thinking of the higher interest of my fatherland.	난 늘 조국의 더 큰 이익을 생각하오.	1032.SND
1032.SBE	13	1131	1266	Where does the fatherland's interest lie in arming a band of Serbian terrorists?	세르비아 테러리스트 집단을 무장시키는 데 조국의 이익이 어디 있습니까?	1032.SND
1032.SBE	14	1266	1347	Terrorists? You surprise me.	테러리스트라니? 놀랍군요.	1032.SND
1032.SBE	15	1347	1482	I had thought you would at least keep up the pretence of sympathy	적어도 동조하는 척은 계속할 줄 알았소	1032.SND
1032.SBE	16	1482	1546	with the group that is paying you.	당신에게 돈을 대는 그 집단에 대해서 말이오.	1032.SND
1032.SBE	17	1546	1653	I never said I wasn't sympathetic. I said they were terrorists.	난 동조하지 않는다고 한 적 없습니다. 그들이 테러리스트라고 했을 뿐이오.	1032.SND
1032.SBE	18	1653	1698	And you haven't answered my question.	그리고 내 질문엔 아직 답하지 않았소.	1032.SND
1032.SBE	19	1698	1841	The last time I looked at a newspaper, Serbia was allied to Russia and France.	내가 마지막으로 신문을 봤을 때 세르비아는 러시아, 프랑스와 동맹이었소.	1032.SND
1032.SBE	20	1841	1901	Your question is not a bad one.	당신 질문, 나쁘지 않소.	1032.SND
1032.SBE	21	1901	1989	I leave it to you to find the answer.	답은 당신이 직접 찾아보시오.	1032.SND
1033.SBE	0	71	118	I believe you have my key.	제 열쇠를 당신이 갖고 있는 것 같군요.	1033.SND
1033.SBE	1	118	163	Could I have it back, please?	돌려받을 수 있을까요?	1033.SND
1033.SBE	2	325	379	That's enough guns for today.	오늘은 총 얘기 이쯤이면 됐어요.	1033.SND
1033.SBE	3	390	499	Tell me. When you killed Tyler, was that part of the job	말해 봐요. 타일러를 죽인 게 임무의 일부였나요	1033.SND
1033.SBE	4	499	542	or was that your own idea?	아니면 당신 독단이었나요?	1033.SND
1033.SBE	5	542	594	I, I don't know what you mean.	저, 무슨 말씀인지 모르겠어요.	1033.SND
1033.SBE	6	594	669	You don't know you work for the Austrian secret police?	당신이 오스트리아 비밀경찰을 위해 일한다는 것도 모르나요?	1033.SND
1033.SBE	7	669	715	Or you don't know you killed Tyler?	아니면 타일러를 당신이 죽였다는 것도 모르나요?	1033.SND
1033.SBE	8	715	760	But I didn't kill him!	하지만 제가 죽인 게 아니에요!	1033.SND
1033.SBE	9	760	811	They sent you to break up Tyler's arms deal.	그들은 타일러의 무기 거래를 망치라고 당신을 보냈어요.	1033.SND
1033.SBE	10	811	880	You killed him and you stole the gold egg he was carrying.	당신이 그를 죽이고 그가 갖고 있던 황금 알을 훔쳤어요.	1033.SND
1033.SBE	11	880	998	I didn't! It wasn't me! I've never killed anyone! I swear it!	아니에요! 제가 아니에요! 전 누구도 죽여본 적 없어요! 맹세해요!	1033.SND
1033.SBE	12	1016	1106	I'd met Tyler Whitney once in New York.	뉴욕에서 타일러 휘트니를 한 번 만난 적이 있어요.	1033.SND
1033.SBE	13	1106	1152	I recognized him at the station.	역에서 그를 알아봤어요.	1033.SND
1033.SBE	14	1152	1220	Once we were moving, I came and knocked.	열차가 출발하고 나서 와서 문을 두드렸어요.	1033.SND
1033.SBE	15	1220	1312	The door was open, so I let myself in.	문이 열려 있어서 그냥 들어갔어요.	1033.SND
1033.SBE	16	1312	1365	And there was blood all over.	안에는 피가 흥건했어요.	1033.SND
1033.SBE	17	1365	1378	The egg!	그 알이요!	1033.SND
1033.SBE	18	1378	1433	It was sitting on a table by the window.	창가 쪽 테이블 위에 놓여 있었어요.	1033.SND
1033.SBE	19	1433	1503	I took it but I didn't kill him!	그건 가져갔지만, 죽이진 않았어요!	1033.SND
1033.SBE	20	1503	1600	The first time I saw you calling yourself Tyler Whitney...	당신이 타일러 휘트니라고 사칭하는 걸 처음 봤을 때...	1033.SND
1033.SBE	21	1600	1635	I thought you killed him.	당신이 그를 죽인 줄 알았어요.	1033.SND
1033.SBE	22	1635	1662	Anna, look out!	안나, 조심해!	1033.SND
1034.SBE	0	50	90	Don't move!	움직이지 마!	1034.SND
1034.SBE	1	225	255	Let her go.	그 사람 놔줘요.	1034.SND
1034.SBE	2	585	660	Vienna? I have to go now.	빈이라고요? 전 지금 가야 해요.	1034.SND
1035.SBE	0	54	106	I was afraid you'd gotten off in Vienna.	빈에서 내려버린 줄 알고 걱정했어요.	1035.SND
1035.SBE	1	106	171	In Vienna? Why should I?	빈에서요? 제가 왜요?	1035.SND
1035.SBE	2	171	232	I don't know. But I'm glad to see you.	모르겠어요. 그래도 당신을 보니 반갑군요.	1035.SND
1035.SBE	3	251	313	The journey will be over soon enough.	이 여정도 곧 끝나겠죠.	1035.SND
1035.SBE	4	399	477	So. What happens to August Schmidt now?	그럼, 이제 아우구스트 슈미트는 어떻게 되죠?	1035.SND
1035.SBE	5	497	581	He will find the police waiting for him in Budapest.	부다페스트에서 경찰이 기다리고 있다는 걸 알게 되겠죠.	1035.SND
1035.SBE	6	581	661	The guns will be discovered and confiscated.	무기들은 발견되어 압수될 거예요.	1035.SND
1035.SBE	7	661	776	I see. A job well done. You must be very proud of yourself.	그렇군요. 임무는 훌륭히 끝냈네요. 아주 뿌듯하시겠어요.	1035.SND
1035.SBE	8	776	829	You're one to talk.	그 말을 할 입장은 아니잖아요.	1035.SND
1035.SBE	9	829	918	Is smuggling guns your idea of an honorable profession?	총 밀수가 당신이 말하는 명예로운 일인가요?	1035.SND
1035.SBE	10	918	963	Is that my profession?	그게 제 직업인가요?	1035.SND
1035.SBE	11	963	1047	It's like a game to you. Taking sides.	당신에겐 이게 게임 같군요. 편 가르기 말이에요.	1035.SND
1035.SBE	12	1047	1130	Today you help the Bosnians, tomorrow the English.	오늘은 보스니아인 편, 내일은 영국인 편이겠죠.	1035.SND
1035.SBE	13	1130	1224	Do you want to know why Tyler died? I'll tell you.	타일러가 왜 죽었는지 알고 싶어요? 말해줄게요.	1035.SND
1035.SBE	14	1239	1344	For a thousand years people have been killing each other over the Balkans.	천 년 동안 사람들은 발칸을 두고 서로 죽여 왔어요.	1035.SND
1035.SBE	15	1344	1427	It's not about to stop for one American.	미국인 한 명 때문에 멈출 일은 아니에요.	1035.SND
1035.SBE	16	1427	1491	Our history is a chain of blood.	우리 역사는 피로 이어진 사슬이에요.	1035.SND
1035.SBE	17	1491	1572	It reaches deep into the past, it binds us.	그 사슬은 먼 과거까지 이어져 우리를 옭아매고 있죠.	1035.SND
1035.SBE	18	1572	1624	And it has nothing to do with you.	그리고 그건 당신과는 상관없어요.	1035.SND
1035.SBE	19	1624	1690	Tyler is dead, you can't bring him back.	타일러는 죽었어요. 되돌릴 수 없어요.	1035.SND
1035.SBE	20	1690	1776	Why don't you go home before the same thing happens to you?	당신도 같은 일을 당하기 전에 집으로 돌아가요.	1035.SND
1035.SBE	21	1806	1846	Tyler was my friend.	타일러는 제 친구였어요.	1035.SND
1035.SBE	22	1863	1917	Maybe the word doesn't mean much to you.	그 말이 당신에겐 별 의미가 없을지 모르죠.	1035.SND
1035.SBE	23	1932	2069	To me, when a friend asks for help, and you get it too late,	하지만 나에겐, 친구가 도움을 청했는데 내가 너무 늦게 도착했다면,	1035.SND
1035.SBE	24	2098	2136	you don't leave it at that.	그걸 그냥 넘길 수는 없어요.	1035.SND
1035.SBE	25	2165	2229	Go away. Please.	가요. 제발.	1035.SND
1037.SBE	0	4	85	Herr Whitney, have a drink.	헤어 휘트니, 한잔하시죠.	1037.SND
1037.SBE	1	85	161	It helps make the journey shorter.	그게 여정을 좀 덜 길게 느끼게 해주오.	1037.SND
1037.SBE	2	161	189	Thanks.	감사합니다.	1037.SND
1037.SBE	3	189	269	I have misjudged Fraulein Wolff.	내가 프로일라인 볼프를 오판했소.	1037.SND
1037.SBE	4	282	339	There is no other explanation.	다른 설명이 없소.	1037.SND
1037.SBE	5	339	483	Again and again, I ask myself: could I have imagined it?	몇 번이고 자문하오. 내가 착각한 건가?	1037.SND
1037.SBE	6	483	575	A fantasy? A romantic dream?	환상인가? 낭만적인 망상인가?	1037.SND
1037.SBE	7	585	683	But then I remember the way she looked at me.	하지만 곧 그녀가 나를 보던 눈빛이 떠오르오.	1037.SND
1037.SBE	8	683	735	The warmth of her eyes.	그 눈빛의 온기가.	1037.SND
1037.SBE	9	748	888	And I know, I was not mistaken. Something has changed her.	그리고 알게 되지. 내가 틀리지 않았다는 걸. 그녀가 변했소.	1037.SND
1037.SBE	10	888	969	Well, August, she is an artist.	글쎄요, 아우구스트. 그녀는 예술가잖아요.	1037.SND
1037.SBE	11	969	1008	An artist.	예술가.	1037.SND
1037.SBE	12	1008	1163	Yes. When I return to Munich, she shall play for me.	그래. 내가 뮌헨으로 돌아가면, 그녀가 나를 위해 연주할 거요.	1037.SND
1037.SBE	13	1163	1235	She will perform at my house.	그녀는 내 집에서 연주할 거요.	1037.SND
1037.SBE	14	1235	1295	Let me fill your glass, Herr Whitney.	잔을 채워드리죠, 헤어 휘트니.	1037.SND
1037.SBE	15	1313	1400	You at least, have not disappointed me.	적어도 당신만큼은 날 실망시키지 않았소.	1037.SND
1037.SBE	16	1455	1559	Yes, yes. She will play for me.	그래, 그래. 그녀는 나를 위해 연주할 거요.	1037.SND
1037.SBE	17	1559	1634	It will be a wonderful evening.	멋진 저녁이 될 거요.	1037.SND
1037.SBE	18	1634	1704	You will be there too, Herr Whitney.	당신도 거기 오게 될 거요, 헤어 휘트니.	1037.SND
1037.SBE	19	1719	1866	Kronos and the Obolenskys, we shall all be together	크로노스와 오볼렌스키가, 우리 모두 한자리에 모일 거요	1037.SND
1037.SBE	20	1866	1954	in a big gold room. And she will play.	거대한 황금빛 방에서. 그리고 그녀가 연주할 거요.	1037.SND
1037.SBE	21	1954	2109	And we will dance, dance, dance...	그리고 우린 춤출 거요, 춤추고 또 춤출 거요...	1037.SND
1037.SBE	22	2624	2714	Life is short, everybody, let's dance together.	인생은 짧소, 여러분. 함께 춤춥시다.	1037.SND
1038.SBE	0	1	30	Anna.	안나.	1038.SND
1038.SBE	1	75	150	I'm very tired. Please, let me go.	정말 피곤해요. 제발 가게 해줘요.	1038.SND
1038A.SBE	0	1	90	Why are you following me?	왜 저를 따라오는 거죠?	1038A.SND
1038A.SBE	1	195	270	There is so much I want to say.	하고 싶은 말이 정말 많아요.	1038A.SND
1038A.SBE	2	271	330	It's just that I'm tired.	그냥 제가 너무 피곤해서 그래요.	1038A.SND
1038A.SBE	3	331	420	You can't imagine how tired I am.	내가 얼마나 지쳤는지 당신은 상상도 못 해요.	1038A.SND
1038A.SBE	4	570	630	We'll talk in the morning.	아침에 이야기해요.	1038A.SND
1038A.SBE	5	631	660	Good night.	안녕히 주무세요.	1038A.SND
1039.SBE	0	90	120	Take off the sash!	허리띠를 풀어!	1039.SND
1039.SBE	1	225	270	You could've taken off the sash first.	허리띠부터 먼저 풀었어도 됐잖아요.	1039.SND
1039.SBE	2	420	510	We're almost to the border. We've got to stop the train!	이제 곧 국경이에요. 열차를 멈춰야 해요!	1039.SND
1039.SBE	3	511	525	Why?	왜요?	1039.SND
1039.SBE	4	526	615	Why? Once we're in Serbia, they'll kill us!	왜냐고요? 세르비아에 들어가면 우릴 죽일 거예요!	1039.SND
1039.SBE	5	616	660	And if we stop before the border?	그럼 국경 전에 열차를 세우면요?	1039.SND
1039.SBE	6	661	725	The terrorists will be captured by the Austrian police.	테러리스트들은 오스트리아 경찰에 붙잡힐 거예요.	1039.SND
1039.SBE	7	726	765	Along with the arms.	무기와 함께요.	1039.SND
1039.SBE	8	766	780	Yes.	네.	1039.SND
1039.SBE	9	810	900	You're being used. You and August Schmidt.	당신은 이용당하고 있어요. 아우구스트 슈미트도 마찬가지고요.	1039.SND
1039.SBE	10	901	930	I don't understand.	이해가 안 돼요.	1039.SND
1039.SBE	11	975	1050	It doesn't matter. Come on, let's stop this thing.	그건 중요하지 않아요. 어서, 이걸 멈춥시다.	1039.SND
1040.SBE	0	89	132	Take off the sash!	허리띠를 풀어!	1040.SND
1040.SBE	1	217	285	You could've taken off the sash first.	허리띠부터 먼저 풀었어도 됐잖아요.	1040.SND
1040.SBE	2	426	513	We're almost to the border. We've got to stop the train!	이제 곧 국경이에요. 열차를 멈춰야 해요!	1040.SND
1040.SBE	3	513	532	Why?	왜요?	1040.SND
1040.SBE	4	532	612	Why? Once we're in Serbia, they'll kill us!	왜냐고요? 세르비아에 들어가면 우릴 죽일 거예요!	1040.SND
1040.SBE	5	612	654	And if we stop before the border?	그럼 국경 전에 열차를 세우면요?	1040.SND
1040.SBE	6	654	726	The terrorists will be captured by the Austrian police.	테러리스트들은 오스트리아 경찰에 붙잡힐 거예요.	1040.SND
1040.SBE	7	726	769	Along with the arms.	무기와 함께요.	1040.SND
1040.SBE	8	769	792	Yes.	네.	1040.SND
1040.SBE	9	814	891	You're being used. You and August Schmidt.	당신은 이용당하고 있어요. 아우구스트 슈미트도 마찬가지고요.	1040.SND
1040.SBE	10	891	924	What do you mean?	무슨 뜻이죠?	1040.SND
1040.SBE	11	924	974	Germany and Austria want war.	독일과 오스트리아는 전쟁을 원해요.	1040.SND
1040.SBE	12	974	1061	All they need is an incident to set it off, like Sarajevo.	그들에게 필요한 건 사라예보 같은 도화선이 될 사건 하나예요.	1040.SND
1040.SBE	13	1061	1112	Sarajevo wasn't enough,	사라예보만으로는 부족했어요.	1040.SND
1040.SBE	14	1112	1221	but crates of machine guns captured in the hands of Serbian terrorists...	하지만 세르비아 테러리스트의 손에서 기관총 상자가 적발된다면...	1040.SND
1040.SBE	15	1221	1271	now, that could start a war.	그건 전쟁의 불씨가 될 수 있어요.	1040.SND
1040.SBE	16	1331	1423	Anna, how do you think your superiors knew about the arms sale?	안나, 당신 상관들이 그 무기 거래를 어떻게 알게 됐다고 생각해요?	1040.SND
1040.SBE	17	1439	1552	Schmidt's been set up. Germany wanted this deal to happen.	슈미트는 함정에 걸린 거예요. 독일은 이 거래가 성사되길 원했죠.	1040.SND
1040.SBE	18	1552	1644	And they wanted it blown wide open. By you.	그리고 그걸 크게 터뜨리길 바랐어요. 당신 손으로요.	1040.SND
1040.SBE	19	1717	1744	Anna, wait!	안나, 기다려!	1040.SND
1041.SBE	0	90	120	Take off the sash!	허리띠를 풀어!	1041.SND
1041.SBE	1	225	270	You could've taken off the sash first.	허리띠부터 먼저 풀었어도 됐잖아요.	1041.SND
1041.SBE	2	420	510	We're almost to the border. We've got to stop the train!	이제 곧 국경이에요. 열차를 멈춰야 해요!	1041.SND
1041.SBE	3	511	525	Why?	왜요?	1041.SND
1041.SBE	4	526	615	Why? Once we're in Serbia, they'll kill us!	왜냐고요? 세르비아에 들어가면 우릴 죽일 거예요!	1041.SND
1041.SBE	5	630	690	You mean, they'll kill you. Why would they kill me?	죽는 건 당신이겠죠. 왜 나까지 죽이겠어요?	1041.SND
1041.SBE	6	810	840	You're right.	맞아요.	1041.SND
1042.SBE	0	90	120	Take off the sash!	허리띠를 풀어!	1042.SND
1042.SBE	1	225	270	You could've taken off the sash first.	허리띠부터 먼저 풀었어도 됐잖아요.	1042.SND
1042.SBE	2	420	510	We're almost to the border. We've got to stop the train!	이제 곧 국경이에요. 열차를 멈춰야 해요!	1042.SND
1042.SBE	3	511	525	Why?	왜요?	1042.SND
1042.SBE	4	526	615	Why? Once we're in Serbia, they'll kill us!	왜냐고요? 세르비아에 들어가면 우릴 죽일 거예요!	1042.SND
1042.SBE	5	630	690	You mean, they'll kill you. Why would they kill me?	죽는 건 당신이겠죠. 왜 나까지 죽이겠어요?	1042.SND
1043.SBE	0	60	90	Now I see.	이제 알겠군.	1043.SND
1043.SBE	1	91	165	You think you can hijack this train	이 열차를 납치해서	1043.SND
1043.SBE	2	166	240	and get my merchandise without paying for it.	값도 치르지 않고 내 물건을 챙길 수 있다고 생각하나.	1043.SND
1043.SBE	3	241	300	August, let me tell you something.	아우구스트, 한마디 하지.	1043.SND
1043.SBE	4	301	360	Fraulein Wolff is a spy.	프로일라인 볼프는 첩자요.	1043.SND
1043.SBE	5	361	480	Your friends back in Germany set you up to get caught smuggling arms.	독일에 있는 당신 친구들이, 당신이 무기 밀수로 걸리도록 판을 짰소.	1043.SND
1043.SBE	6	525	690	Fraulein Wolff? A spy? Me, August Schmidt, betrayed?	프로일라인 볼프가 첩자라고? 나, 아우구스트 슈미트가 배신당했다고?	1043.SND
1043.SBE	7	691	720	This cannot be!	그럴 리가!	1043.SND
1043.SBE	8	1000	1110	Tyler Whitney! We will meet again!	타일러 휘트니! 우린 다시 만나게 될 거요!	1043.SND
1043.SBE	9	1140	1170	Oh, there's one more thing.	아, 한 가지 더 있소.	1043.SND
1043.SBE	10	1171	1290	My name isn't Whitney. It's Cath. Robert Cath.	내 이름은 휘트니가 아니오. 캐스요. 로버트 캐스.	1043.SND
1043.SBE	11	1291	1320	What?	뭐라고?	1043.SND
1043.SBE	12	1321	1380	My name is Robert Cath.	제 이름은 로버트 캐스입니다.	1043.SND
1044.SBE	0	60	90	Now I see.	이제 알겠군.	1044.SND
1044.SBE	1	91	165	You think you can hijack this train	이 열차를 납치해서	1044.SND
1044.SBE	2	166	240	and get my merchandise without paying for it.	값도 치르지 않고 내 물건을 챙길 수 있다고 생각하나.	1044.SND
1044.SBE	3	241	270	Goodbye, August.	잘 있어요, 아우구스트.	1044.SND
1044.SBE	4	570	660	Tyler Whitney! We will meet again!	타일러 휘트니! 우린 다시 만나게 될 거요!	1044.SND
1044.SBE	5	690	750	Oh, there's one more thing.	아, 한 가지 더 있소.	1044.SND
1044.SBE	6	751	855	My name isn't Whitney. It's Cath. Robert Cath.	내 이름은 휘트니가 아니오. 캐스요. 로버트 캐스.	1044.SND
1044.SBE	7	856	885	What?	뭐라고?	1044.SND
1044.SBE	8	886	960	My name is Robert Cath.	제 이름은 로버트 캐스입니다.	1044.SND
1046.SBE	0	71	104	Keep shovelling!	계속 삽질해!	1046.SND
1046.SBE	1	217	256	What are you doing?	뭐 하는 거야?	1046.SND
1046.SBE	2	256	337	Have you lost your mind? Stop the train!	미쳤어? 열차를 세워!	1046.SND
1046.SBE	3	337	390	As I was telling my friend before you shot him,	당신이 내 친구를 쏘기 전에 내가 말했듯이,	1046.SND
1046.SBE	4	390	486	I've got a ticket for Constantinople in my pocket and I intend to use it.	내 주머니엔 콘스탄티노플행 표가 있고, 난 그걸 쓸 생각이야.	1046.SND
1046.SBE	5	486	574	Constantinople? You won't make it out of Belgrade.	콘스탄티노플? 베오그라드도 못 벗어날 거야.	1046.SND
1046.SBE	6	574	648	I wasn't planning to stop in Belgrade.	난 베오그라드에 설 생각 없어.	1046.SND
1046.SBE	7	815	870	There are 30 people on this train.	이 열차엔 30명이 타고 있어.	1046.SND
1046.SBE	8	870	940	Are you willing to risk their lives too?	그 사람들 목숨까지 걸 작정이야?	1046.SND
1046.SBE	9	940	999	Haven't enough people been killed?	이미 충분히 많은 사람이 죽지 않았나?	1046.SND
1059.SBE	0	930	1020	Something's wrong. We're not stopping.	이상해. 열차가 안 서.	1059.SND
1101.SBE	0	1	45	Hello.	안녕하세요.	1101.SND
1101.SBE	1	55	150	It seems I've been sent for by someone named "his excellency".	절 부른 분이 '각하'라는 분이라던데요.	1101.SND
1101.SBE	2	151	210	That wouldn't be you, would it?	그게 설마 당신은 아니겠죠?	1101.SND
1102.SBE	0	1	140	What an unexpected pleasure, mister Robert Cath.	정말 뜻밖의 영광이군요, 미스터 로버트 캐스.	1102.SND
1102.SBE	1	141	225	Usually people call me Tyler Whitney.	보통은 날 타일러 휘트니라고 부르죠.	1102.SND
1102.SBE	2	240	330	You should take care when choosing a name for yourself.	자신의 이름을 고를 때는 신중해야 합니다.	1102.SND
1102.SBE	3	331	370	Names have power.	이름에는 힘이 있습니다.	1102.SND
1102.SBE	4	371	470	The most primitive coaches understood this.	가장 원시적인 문화권조차 이 사실을 알았지요.	1102.SND
1102.SBE	5	471	540	But of course, it will be as you prefer.	물론 당신이 원한다면 그대로 부르겠습니다.	1102.SND
1102.SBE	6	541	660	Not everyone has the luxury to choose his own name, mister...?	자기 이름을 고를 사치를 누리는 사람은 많지 않지요, 미스터...?	1102.SND
1102.SBE	7	670	690	Kronos.	크로노스.	1102.SND
1102.SBE	8	710	820	Whether you are Cath or Whitney, is a matter of indifference to me.	당신이 캐스든 휘트니든 내겐 중요하지 않습니다.	1102.SND
1102.SBE	9	835	960	I am prepared to continue the discussion begun by my agent in Paris,	파리의 내 대리인이 시작한 논의를 이어갈 준비가 되어 있습니다.	1102.SND
1102.SBE	10	961	1065	provided that you have the piece of which you spoke.	당신이 말한 물건을 갖고 있다는 전제하에서요.	1102.SND
1102.SBE	11	1080	1165	Is Kronos your first name or your last name?	크로노스는 이름입니까, 성입니까?	1102.SND
1102.SBE	12	1166	1350	I have no time to!.. continue this delightful discussion of names.	이 유쾌한 이름 이야기를 계속할 시간은 없군요.	1102.SND
1102.SBE	13	1351	1455	I have brought with me a rather heavy briefcase.	꽤 묵직한 서류가방을 가져왔습니다.	1102.SND
1102.SBE	14	1456	1575	I would like to know now if the proposed exchange interests you	이제 내가 제안한 교환에 당신이 관심이 있는지 알고 싶군요.	1102.SND
1102.SBE	15	1576	1665	and if you are capable of completing it.	그리고 그걸 끝까지 해낼 능력이 있는지도요.	1102.SND
1102.SBE	16	1670	1800	Not just at the moment, but I have hopes of being able to do so.	지금 당장은 아니지만, 해낼 수 있으리라 봅니다.	1102.SND
1102.SBE	17	1801	1890	In that case, we have nothing further to discuss.	그렇다면 더 논의할 건 없군요.	1102.SND
1102.SBE	18	1900	1990	I myself must leave the train in Vienna.	나도 빈에서 내려야 하니까요.	1102.SND
1102.SBE	19	2000	2145	In case we do not see each other again, I wish you a pleasant journey to Istanbul	다시 못 만날 수도 있으니, 이스탄불까지 즐거운 여정 되시길 바랍니다.	1102.SND
1102.SBE	20	2146	2295	and continued success in avoiding the British and French authorities.	그리고 영국과 프랑스 당국의 추적도 계속 잘 피해 다니시길 빌죠.	1102.SND
1102.SBE	21	2310	2400	Have a pleasant evening, mister Cath.	좋은 저녁 보내십시오, 미스터 캐스.	1102.SND
1102.SBE	22	2430	2460	Kahina will show you out.	카히나가 배웅해 줄 거요.	1102.SND
1103.SBE	0	35	78	Are you still here?	아직 여기 있었나?	1103.SND
1103.SBE	1	78	135	Tell his excellency I'd like to...	각하께 전해주세요. 제가...	1103.SND
1103.SBE	2	135	201	Tell him I want to talk to him about the firebird.	불새 건으로 이야기를 나누고 싶다고요.	1103.SND
1104.SBE	0	1	239	Tell his excellency I'd like to speak...	각하께 말씀드려요. 제가 얘기하고 싶다고...	1104.SND
1105.SBE	0	99	162	Come in. Make yourself comfortable.	들어오십시오. 편히 앉으시죠.	1105.SND
1105.SBE	1	181	249	Why, thank you, Kahina. I think I will.	아, 고맙군요, 카히나. 그러죠.	1105.SND
1105.SBE	2	262	308	Good morning, Mr Cath.	좋은 아침입니다, 미스터 캐스.	1105.SND
1105.SBE	3	308	377	I hope you have good news for me today.	오늘은 좋은 소식을 가져오셨길 바랍니다.	1105.SND
1105.SBE	4	377	460	That depends. Do you still want the firebird?	그건 상황에 따라 다르죠. 아직도 불새를 원합니까?	1105.SND
1105.SBE	5	460	487	Do you have it?	가지고 있습니까?	1105.SND
1105.SBE	6	516	551	What happened to Tyler?	타일러에게 무슨 일이 있었죠?	1105.SND
1105.SBE	7	597	748	The misadventures of Mr Whitney and his colleagues are of no interest to me.	미스터 휘트니와 그 동료들의 불운한 소동엔 관심 없습니다.	1105.SND
1105.SBE	8	748	820	Let us conclude this transaction quickly.	이 거래는 빨리 끝냅시다.	1105.SND
1105.SBE	9	820	885	We both have many other things to do.	우리 둘 다 할 일이 많으니까요.	1105.SND
1105.SBE	10	885	1057	I - with my collection, and you - with your troubles and special interests.	나는 내 수집품을, 당신은 당신의 골칫거리와 특별한 관심사를 챙겨야 하죠.	1105.SND
1105.SBE	11	1057	1189	Your treatment of Vassili Alexandrovich, for example.	예컨대 바실리 알렉산드로비치에 대한 당신의 처치 말입니다.	1105.SND
1105.SBE	12	1289	1333	Datura Stramonium	다투라 스트라모니움.	1105.SND
1105.SBE	13	1347	1389	Very interesting.	아주 흥미롭군요.	1105.SND
1105.SBE	14	1389	1423	It's very simple.	아주 간단합니다.	1105.SND
1105.SBE	15	1423	1501	Simple to us, perhaps.	우리에게는 그렇겠죠.	1105.SND
1105.SBE	16	1501	1609	But few European doctors would have thought of it.	하지만 유럽 의사 중 그걸 떠올린 사람은 거의 없었을 겁니다.	1105.SND
1105.SBE	17	1620	1713	Once in Nigeria... but I digress.	나이지리아에서 한 번... 하지만 이야기가 샜군요.	1105.SND
1105.SBE	18	1713	1773	Do you have the firebird?	불새를 갖고 있습니까?	1105.SND
1105.SBE	19	1773	1824	Not technically.	엄밀히 말하면 아닙니다.	1105.SND
1105.SBE	20	1824	1899	Than I shall waste no more of your time.	그렇다면 더는 당신 시간을 뺏지 않겠습니다.	1105.SND
1105.SBE	21	1925	2023	I shall look forward to our next meeting, Mr Cath.	다음 만남을 기대하겠습니다, 미스터 캐스.	1105.SND
1106.SBE	0	109	186	I guess this means his excellency would like to see me.	이건 각하께서 절 보길 원하신다는 뜻이겠군요.	1106.SND
1106.SBE	1	235	323	You know, he really has a way of making people feel wanted.	그분은 사람들로 하여금 자신이 꼭 필요한 존재인 듯 느끼게 만드는 재주가 있네요.	1106.SND
1106.SBE	2	323	420	Is this how he persuaded Miss Wolff to join him in a duet?	이게 미스 볼프를 이중주로 끌어들인 방식입니까?	1106.SND
1106.SBE	3	436	549	You talk a great deal for a man who knows so little.	아는 건 별로 없으면서 말은 참 많군요.	1106.SND
1106.SBE	4	565	593	Tell him I'll be there.	그분께 제가 가겠다고 전해요.	1106.SND
1106A.SBE	0	109	186	I guess this means his excellency would like to see me.	이건 각하께서 절 보길 원하신다는 뜻이겠군요.	1106A.SND
1106A.SBE	1	235	323	You know, he really has a way of making people feel wanted.	그분은 사람들로 하여금 자신이 꼭 필요한 존재인 듯 느끼게 만드는 재주가 있네요.	1106A.SND
1106A.SBE	2	323	420	Is this how he persuaded Miss Wolff to join him in a duet?	이게 미스 볼프를 이중주로 끌어들인 방식입니까?	1106A.SND
1106A.SBE	3	436	549	You talk a great deal for a man who knows so little.	아는 건 별로 없으면서 말은 참 많군요.	1106A.SND
1106A.SBE	4	565	593	Tell him I'll be there.	그분께 제가 가겠다고 전해요.	1106A.SND
1106D.SBE	0	109	186	I guess this means his excellency would like to see me.	이건 각하께서 절 보길 원하신다는 뜻이겠군요.	1106D.SND
1106D.SBE	1	235	323	You know, he really has a way of making people feel wanted.	그분은 사람들로 하여금 자신이 꼭 필요한 존재인 듯 느끼게 만드는 재주가 있네요.	1106D.SND
1106D.SBE	2	323	420	Is this how he persuaded Miss Wolff to join him in a duet?	이게 미스 볼프를 이중주로 끌어들인 방식입니까?	1106D.SND
1106D.SBE	3	436	549	You talk a great deal for a man who knows so little.	아는 건 별로 없으면서 말은 참 많군요.	1106D.SND
1106D.SBE	4	565	593	Tell him I'll be there.	그분께 제가 가겠다고 전해요.	1106D.SND
1107.SBE	0	272	301	Excellent.	훌륭하군요.	1107.SND
1107.SBE	1	429	524	You may keep that rather heavy briefcase with my blessings.	그 꽤 무거운 서류가방은 내 축복과 함께 가져가셔도 됩니다.	1107.SND
1107.SBE	2	524	616	I will choose to overlook the damage to my skylight.	내 채광창이 망가진 건 너그럽게 넘어가도록 하죠.	1107.SND
1107.SBE	3	646	686	Who killed Tyler?	타일러를 누가 죽였죠?	1107.SND
1107.SBE	4	686	738	Kahina will show you out.	카히나가 배웅해 줄 거요.	1107.SND
1107.SBE	5	748	866	It's been a pleasure doing business with you, Mr Whitney.	거래하게 되어 즐거웠습니다, 미스터 휘트니.	1107.SND
1107A.SBE	0	270	300	Excellent.	훌륭하군요.	1107A.SND
1107A.SBE	1	435	600	Please, accept this rather heavy briefcase as a token of my gratitude.	부디 이 꽤 무거운 서류가방을 감사의 표시로 받아주십시오.	1107A.SND
1107A.SBE	2	660	700	Who killed Tyler?	타일러를 누가 죽였죠?	1107A.SND
1107A.SBE	3	720	765	Kahina will show you out.	카히나가 배웅해 줄 거요.	1107A.SND
1107A.SBE	4	840	960	It's been a pleasure doing business with you, mister Whitney.	거래하게 되어 즐거웠습니다, 미스터 휘트니.	1107A.SND
1108.SBE	0	210	240	Oh dear.	오, 이런.	1108.SND
1108.SBE	1	241	390	I see that you have brought me neither the briefcase nor my firebird.	보아하니 당신은 내 서류가방도, 내 불새도 가져오지 않았군요.	1108.SND
1108.SBE	2	391	510	This game has gone on long enough.	이 장난은 이미 충분히 오래 이어졌습니다.	1108.SND
1109.SBE	0	195	240	I am disappointed.	실망스럽군요.	1109.SND
1109.SBE	1	255	345	I would have gladly let you keep this gold.	이 금은 기꺼이 당신에게 맡겨둘 생각이었습니다.	1109.SND
1109.SBE	2	346	450	If only you had seen fit to bring me the other.	다른 그것만 가져올 생각을 했더라면 좋았을 텐데요.	1109.SND
1109.SBE	3	451	540	It would have saved us so much time.	그랬다면 우리 모두 시간을 훨씬 아꼈을 겁니다.	1109.SND
1109.SBE	4	541	570	Maybe.	아마도요.	1109.SND
1109.SBE	5	571	660	What is it you want, mister Whitney?	원하는 게 뭡니까, 미스터 휘트니?	1109.SND
1109.SBE	6	661	800	Tyler Whitney is dead. I want to know who killed him and why.	타일러 휘트니는 죽었습니다. 누가 왜 그를 죽였는지 알고 싶군요.	1109.SND
1109.SBE	7	850	940	You are on your way to Jerusalem, are you not?	당신은 예루살렘으로 가는 길이죠. 그렇지 않습니까?	1109.SND
1109.SBE	8	941	975	How did you know that?	그걸 어떻게 알았죠?	1109.SND
1109.SBE	9	976	1110	Knowledge is more precious than gold and rarer than rubies.	지식은 금보다 귀하고 루비보다 희귀합니다.	1109.SND
1109.SBE	10	1120	1230	If knowledge is the coin, in which you wish to be paid,	당신이 지식이라는 화폐로 대가를 받고 싶다면,	1109.SND
1109.SBE	11	1231	1410	I could tell you many things about yourself and that ring you wear for example.	당신 자신에 대한 것들, 이를테면 손에 낀 그 반지 이야기도 해줄 수 있지요.	1109.SND
1109.SBE	12	1420	1560	But the question you ask... that question I cannot answer.	하지만 당신이 묻는 그 질문만큼은... 내가 답할 수 없습니다.	1109.SND
1109.SBE	13	1570	1620	Then I'll be on my way.	그럼 전 이만 가보죠.	1109.SND
1109.SBE	14	1621	1650	Not yet.	아직은 아니오.	1109.SND
1109.SBE	15	1651	1800	I'm afraid you owe me some slight favor for having helped yourself to my luggage.	내 짐을 멋대로 가져간 대가로, 당신은 내게 작은 호의를 하나 빚졌습니다.	1109.SND
1109.SBE	16	1801	1900	That scarf in his breast pocket. Get it please.	그의 가슴주머니에 있는 스카프요. 가져다주시겠습니까.	1109.SND
1109.SBE	17	2070	2160	Yes. Thank you, mister Cath.	네. 고맙습니다, 미스터 캐스.	1109.SND
1109.SBE	18	2161	2280	I shall keep it as a souvenir until our next encounter.	다음에 만날 때까지 기념품으로 간직해 두겠습니다.	1109.SND
1110.SBE	0	53	131	Ah, mister Cath.	아, 미스터 캐스.	1110.SND
1110.SBE	1	138	189	We have been waiting for you.	우린 당신을 기다리고 있었습니다.	1110.SND
1110.SBE	2	195	249	Not yet, my dear.	아직은 아니오, 아가씨.	1110.SND
1110.SBE	3	270	342	Would you bring us the firebird, please?	불새를 가져다주시겠습니까?	1110.SND
1112.SBE	0	57	134	Thank you, Mr Cath.	고맙습니다, 미스터 캐스.	1112.SND
1112.SBE	1	134	206	I am delighted to have made your acquaintance.	당신과 알게 되어 매우 기쁩니다.	1112.SND
1112.SBE	2	206	332	I hope that we will meet again, although I doubt it.	다시 만나길 바라지만, 아마 어렵겠지요.	1112.SND
1112.SBE	3	345	375	Miss Wolff.	미스 볼프.	1112.SND
1112.SBE	4	375	413	Don't bother.	신경 쓰지 마세요.	1112.SND
1112.SBE	5	506	586	Mr Cath, I am not ungrateful.	미스터 캐스, 난 은혜를 모르는 사람은 아닙니다.	1112.SND
1112.SBE	6	586	669	You have brought me my firebird.	당신은 내 불새를 가져왔군요.	1112.SND
1112.SBE	7	669	723	Now I shall give you something.	이제 내가 당신에게 뭔가를 주지요.	1112.SND
1112.SBE	8	723	849	When you go to Jerusalem, ask about the thirteenth tribe.	예루살렘에 가게 되면, 열세 번째 지파에 대해 물어보십시오.	1112.SND
1112.SBE	9	1271	1334	What's the matter? What is it?	무슨 일이죠? 무슨 문제입니까?	1112.SND
1116.SBE	0	53	131	Ah, mister Cath.	아, 미스터 캐스.	1116.SND
1116.SBE	1	138	189	We have been waiting for you.	우린 당신을 기다리고 있었습니다.	1116.SND
1116.SBE	2	195	249	Not yet, my dear.	아직은 아니오, 아가씨.	1116.SND
1116.SBE	3	270	342	Would you bring us the firebird, please?	불새를 가져다주시겠습니까?	1116.SND
1116.SBE	4	420	480	I'm afraid I don't have it anymore.	유감이지만, 이제 그건 제게 없습니다.	1116.SND
1116.SBE	5	481	510	Where is it?	그건 어디 있습니까?	1116.SND
1116.SBE	6	511	570	Somewhere west of Belgrade.	베오그라드 서쪽 어딘가에요.	1116.SND
1116.SBE	7	571	630	That is a pity.	그건 유감이군요.	1116.SND
1118.SBE	0	60	120	Sorry, wrong door.	죄송합니다. 문을 잘못 열었네요.	1118.SND
1202.SBE	0	65	100	Mind if I join you?	같이 앉아도 될까요?	1202.SND
1202.SBE	1	117	143	Why not?	왜 안 되죠?	1202.SND
1202.SBE	2	577	622	I didn't mean to scare you off.	놀라게 하려던 건 아니었어요.	1202.SND
1202.SBE	3	622	676	For me a bowl of soup is enough.	저는 수프 한 그릇이면 충분합니다.	1202.SND
1202.SBE	4	676	803	I can take no pleasure in food, while millions of my countrymen go without bread.	수백만의 제 동포가 빵도 없이 지내는데, 저 혼자 음식을 즐길 순 없습니다.	1202.SND
1202.SBE	5	813	840	Good evening.	그럼 안녕히.	1202.SND
1202A.SBE	0	65	100	Mind if I join you?	같이 앉아도 될까요?	1202A.SND
1202A.SBE	1	117	143	Why not?	왜 안 되죠?	1202A.SND
1202A.SBE	2	577	622	I didn't mean to scare you off.	놀라게 하려던 건 아니었어요.	1202A.SND
1202A.SBE	3	622	676	For me a bowl of soup is enough.	저는 수프 한 그릇이면 충분합니다.	1202A.SND
1202A.SBE	4	676	803	I can take no pleasure in food, while millions of my countrymen go without bread.	수백만의 제 동포가 빵도 없이 지내는데, 저 혼자 음식을 즐길 순 없습니다.	1202A.SND
1202A.SBE	5	813	840	Good evening.	그럼 안녕히.	1202A.SND
1203.SBE	0	75	117	Vassili Alexandrovitch.	바실리 알렉산드로비치.	1203.SND
1203.SBE	1	130	163	Grandfather.	할아버지.	1203.SND
1203.SBE	2	233	348	Vassili Alexandrovitch, I am Alexei Dolnikov.	바실리 알렉산드로비치, 저는 알렉세이 돌니코프입니다.	1203.SND
1203.SBE	3	353	419	I believe you knew my father.	당신은 제 아버지를 아셨던 걸로 압니다.	1203.SND
1203.SBE	4	429	570	I knew a Dolnikov. Pyotr Nikolaievitch.	돌니코프라는 사람을 알았지. 표트르 니콜라예비치.	1203.SND
1203.SBE	5	580	679	He was a good man, a pious man.	그분은 선한 분이자 경건한 분이었지.	1203.SND
1203.SBE	6	687	727	He had a son...	그에게 아들이 하나 있었지...	1203.SND
1203.SBE	7	733	851	...but that son brought shame upon him and upon his family.	...하지만 그 아들은 그와 그 가족에게 수치를 안겼다.	1203.SND
1203.SBE	8	855	977	Come, Granddaughter. I am a bit tired.	가자, 손녀야. 내가 좀 피곤하구나.	1203.SND
1203.SBE	9	1035	1065	Vassili Alexandrovitch,	바실리 알렉산드로비치,	1203.SND
1203.SBE	10	1066	1200	how many thousands have you condemned to prison and torture in the name of your piety?	당신은 그 경건함의 이름으로 몇천 명을 감옥과 고문으로 몰아넣었지?	1203.SND
1203.SBE	11	1215	1290	Or have you lost count?	아니면 이제 셀 수도 없나?	1203.SND
1204.SBE	0	1	60	Well, I think you made a pretty good first impression.	글쎄요, 첫인상은 꽤 강하게 남기셨네요.	1204.SND
1205.SBE	0	1	30	Excuse me.	실례합니다.	1205.SND
1205.SBE	1	60	105	Could you tell me what this paper says?	이 종이에 뭐라고 쓰였는지 알려주실 수 있나요?	1205.SND
1205.SBE	2	200	285	It's a Russian fairy tale. For children.	러시아 동화예요. 아이들을 위한.	1205.SND
1205.SBE	3	300	345	Could you translate it for me?	저를 위해 번역해 주실 수 있나요?	1205.SND
1205.SBE	4	346	390	Do you know what a fairy tale is?	동화가 뭔지 아시오?	1205.SND
1205.SBE	5	400	510	It's one of the ways that exploiters make the people forget that they're enslaved.	그건 착취자들이 민중에게 자신들이 노예라는 사실을 잊게 만드는 방법 중 하나요.	1205.SND
1205.SBE	6	511	630	For hundred years Russian peasants have told their children this story of a hero	수백 년 동안 러시아 농민들은 아이들에게 한 영웅의 이야기를 들려주었소.	1205.SND
1205.SBE	7	631	700	who plucks the tail feather from a firebird.	불새의 꼬리깃을 뽑아 오는.	1205.SND
1205.SBE	8	701	800	Child goes to bed with an empty stomach and dreams of a hero	아이는 빈속으로 잠자리에 들어 한 영웅을 꿈꾸지.	1205.SND
1205.SBE	9	801	840	who will never come.	결코 오지 않을 영웅을.	1205.SND
1205.SBE	10	841	880	Sorry I asked.	괜히 물었네요.	1205.SND
1206.SBE	0	1	30	Do you have a match?	성냥 있나요?	1206.SND
1206.SBE	1	80	135	Aren't you a little young to smoke?	담배 피우기엔 너무 어린 거 아닌가요?	1206.SND
1206.SBE	2	140	195	Monsieur, I'm not a little girl!	무슈, 저는 어린애가 아니에요!	1206.SND
1206.SBE	3	210	275	I have just spent the whole season in Paris.	이번 철은 파리에서 내내 보냈어요.	1206.SND
1206.SBE	4	285	345	And they tire. And I want to smoke.	그리고 그런 건 지겨워요. 전 담배가 피우고 싶어요.	1206.SND
1206.SBE	5	390	420	Thank you.	고마워요.	1206.SND
1206.SBE	6	443	483	What happened back there?	아까 거기서 무슨 일이 있었죠?	1206.SND
1206.SBE	7	487	519	You speak Russian?	러시아어를 하세요?	1206.SND
1206.SBE	8	523	550	A little.	조금요.	1206.SND
1206.SBE	9	551	585	Only what my mother was able to teach me.	어머니가 가르쳐주실 수 있었던 것뿐이죠.	1206.SND
1206.SBE	10	586	675	How funny! An American who speaks Russian.	재미있네요! 러시아어를 하는 미국인이라니.	1206.SND
1206.SBE	11	690	780	Then you heard the horrible things that man said to my grandfather.	그럼 그 남자가 제 할아버지께 한 끔찍한 말도 들으셨겠네요.	1206.SND
1206.SBE	12	781	800	Who is he?	그 사람은 누구죠?	1206.SND
1206.SBE	13	810	900	His name is Alexei. We grew up together.	이름은 알렉세이예요. 저희는 함께 자랐어요.	1206.SND
1206.SBE	14	901	990	We used to play together every summer in Odessa.	우리는 오데사에서 매년 여름 함께 놀곤 했어요.	1206.SND
1206.SBE	15	1005	1100	I can't imagine why he should want to quarrel with my grandfather.	왜 그가 제 할아버지와 다투려는지 이해가 안 가요.	1206.SND
1206.SBE	16	1101	1140	So childish.	정말 유치하죠.	1206.SND
1206.SBE	17	1155	1230	Well, may be he'll grow up. Like you.	글쎄요, 그도 철들겠죠. 당신처럼요.	1206.SND
1206A.SBE	0	1	30	Do you have a match?	성냥 있나요?	1206A.SND
1206A.SBE	1	80	135	Aren't you a little young to smoke?	담배 피우기엔 너무 어린 거 아닌가요?	1206A.SND
1206A.SBE	2	140	195	Monsieur, I'm not a little girl!	무슈, 저는 어린애가 아니에요!	1206A.SND
1206A.SBE	3	210	275	I have just spent the whole season in Paris.	이번 철은 파리에서 내내 보냈어요.	1206A.SND
1206A.SBE	4	285	345	And they tire. And I want to smoke.	그리고 그런 건 지겨워요. 전 담배가 피우고 싶어요.	1206A.SND
1206A.SBE	5	390	420	Thank you.	고마워요.	1206A.SND
1208.SBE	0	30	90	Do you think you could read this?	이거 읽어주실 수 있나요?	1208.SND
1208.SBE	1	200	330	The firebird. It's beautiful. Look at his burning tail.	불새예요. 정말 아름답죠. 불타는 꼬리를 보세요.	1208.SND
1208.SBE	2	331	375	Where did it come from?	이건 어디서 난 거죠?	1208.SND
1208.SBE	3	400	449	Ah, it belong to a friend of mine.	아, 그건 제 친구 거예요.	1208.SND
1208.SBE	4	450	465	What does it say?	뭐라고 쓰여 있죠?	1208.SND
1208.SBE	5	480	525	It's a poem for children.	아이들을 위한 시예요.	1208.SND
1208.SBE	6	530	610	It's a story about prince Ivan and the firebird.	이반 왕자와 불새에 관한 이야기예요.	1208.SND
1208.SBE	7	615	700	If you like, I could write out a translation and give it to you in the morning.	원하시면 번역본을 적어서 아침에 드릴게요.	1208.SND
1208.SBE	8	732	764	Thank you, Tatiana.	고마워요, 타티아나.	1208.SND
1208.SBE	9	767	820	You're welcome. Good night.	천만에요. 안녕히 주무세요.	1208.SND
1210.SBE	0	39	75	Let me through, I'm a doctor.	비켜 주세요, 저는 의사입니다.	1210.SND
1210.SBE	1	203	230	Boil some water.	물을 끓이세요.	1210.SND
1210.SBE	2	340	357	Vassili!	바실리!	1210.SND
1210.SBE	3	357	435	What are you doing? What kind of a doctor are you?	뭘 하시는 거요? 의사라는 사람이 이래도 되오?	1210.SND
1210.SBE	4	725	795	Don't listen to him, he doesn't know what he's saying.	저 사람 말 듣지 마요. 무슨 말 하는지도 몰라요.	1210.SND
1210.SBE	5	795	841	Vassili Alexandrovich!	바실리 알렉산드로비치!	1210.SND
1210.SBE	6	946	989	Who are you?	당신은 누구요?	1210.SND
1210.SBE	7	1294	1326	Set it down over there.	그건 저쪽에 내려놓으세요.	1210.SND
1210.SBE	8	1519	1612	Brew this in a tea and give him a cup every four hours, can you do that?	이걸 차로 달여서 네 시간마다 한 잔씩 드리세요. 할 수 있겠죠?	1210.SND
1210.SBE	9	1636	1655	Yes.	네.	1210.SND
1210.SBE	10	1668	1704	(What on earth is the matter with him)	(도대체 저분이 왜 저러는 거지)	1210.SND
1210.SBE	11	1704	1746	Let's clear out, let him sleep.	우린 나갑시다. 이분은 주무시게요.	1210.SND
1210.SBE	12	1851	1911	Miss Tatiana, could I speak with you?	미스 타티아나, 잠깐 말씀 나눌 수 있을까요?	1210.SND
1211.SBE	0	30	105	Good morning. How is your grandfather?	좋은 아침이에요. 할아버지는 좀 어떠세요?	1211.SND
1211.SBE	1	106	135	He's sleeping.	주무세요.	1211.SND
1211.SBE	2	136	195	Good. Don't forget the tea.	좋아요. 차는 잊지 마세요.	1211.SND
1211.SBE	3	196	210	I won't.	잊지 않을게요.	1211.SND
1211.SBE	4	225	300	I want to thank you for what you did.	당신이 해준 일에 감사드리고 싶어요.	1211.SND
1211.SBE	5	301	390	I don't know what I would have done if you hadn't been there.	당신이 없었다면 제가 어땠을지 모르겠어요.	1211.SND
1211.SBE	6	391	435	Has he been ill for long?	오랫동안 편찮으셨나요?	1211.SND
1211.SBE	7	451	540	I don't know. I've been living in France.	모르겠어요. 저는 프랑스에서 지내왔거든요.	1211.SND
1211.SBE	8	541	690	Grandfather came to bring me home to Russia, I knew he wasn't well, but...	할아버지가 저를 러시아로 데려가려고 오셨는데, 편찮으신 건 알았지만...	1211.SND
1211.SBE	9	735	780	I have written out your poem.	당신 시를 적어왔어요.	1211.SND
1211.SBE	10	810	840	Thank you, Tatiana.	고마워요, 타티아나.	1211.SND
1211.SBE	11	990	1020	Excuse me.	실례합니다.	1211.SND
1212.SBE	0	30	105	Good morning. How is your grandfather?	좋은 아침이에요. 할아버지는 좀 어떠세요?	1212.SND
1212.SBE	1	106	135	He's sleeping.	주무세요.	1212.SND
1212.SBE	2	136	195	Good. Don't forget the tea.	좋아요. 차는 잊지 마세요.	1212.SND
1212.SBE	3	196	210	I won't.	잊지 않을게요.	1212.SND
1212.SBE	4	225	300	I want to thank you for what you did.	당신이 해준 일에 감사드리고 싶어요.	1212.SND
1212.SBE	5	301	390	I don't know what I would have done if you hadn't been there.	당신이 없었다면 제가 어땠을지 모르겠어요.	1212.SND
1212.SBE	6	391	435	Has he been ill for long?	오랫동안 편찮으셨나요?	1212.SND
1212.SBE	7	451	540	I don't know. I've been living in France.	모르겠어요. 저는 프랑스에서 지내왔거든요.	1212.SND
1212.SBE	8	541	690	Grandfather came to bring me home to Russia, I knew he wasn't well, but...	할아버지가 저를 러시아로 데려가려고 오셨는데, 편찮으신 건 알았지만...	1212.SND
1212.SBE	9	720	810	Is there anything I could do to repay you? Please tell me.	제가 은혜를 갚을 방법이 있을까요? 꼭 말씀해 주세요.	1212.SND
1213.SBE	0	30	90	Do you think you could read this?	이거 읽어주실 수 있나요?	1213.SND
1213.SBE	1	200	330	The firebird. It's beautiful. Look at his burning tail.	불새예요. 정말 아름답죠. 불타는 꼬리를 보세요.	1213.SND
1213.SBE	2	331	375	Where did it come from?	이건 어디서 난 거죠?	1213.SND
1213.SBE	3	390	420	Ah, it belong to a friend of mine.	아, 그건 제 친구 거예요.	1213.SND
1213.SBE	4	421	450	What does it say?	뭐라고 쓰여 있죠?	1213.SND
1213.SBE	5	460	495	It's a poem for children.	아이들을 위한 시예요.	1213.SND
1213.SBE	6	496	570	It's a story about prince Ivan and the firebird.	이반 왕자와 불새에 관한 이야기예요.	1213.SND
1213.SBE	7	571	690	If you like, I could write out a translation and give it to you this afternoon.	원하시면 번역본을 적어서 오늘 오후에 드릴게요.	1213.SND
1213.SBE	8	691	715	Thank you, Tatiana.	고마워요, 타티아나.	1213.SND
1213.SBE	9	840	870	Excuse me.	실례합니다.	1213.SND
1213A.SBE	0	90	120	Excuse me.	실례합니다.	1213A.SND
1215.SBE	0	60	90	What are you doing here?	여기서 뭐 하고 있죠?	1215.SND
1215.SBE	1	120	165	Give that to me.	그거 이리 줘요.	1215.SND
1215.SBE	2	166	225	Tatiana, you don't want this thing around.	타티아나, 너 이건 갖고 있으면 안 돼.	1215.SND
1215.SBE	3	226	285	If you don't give it back, I'll call the conductor	돌려주지 않으면 차장을 부를 거예요.	1215.SND
1215.SBE	4	286	330	and have you thrown off the train.	그리고 당신을 열차에서 쫓아내게 할 거예요.	1215.SND
1215.SBE	5	331	360	Give it to me.	내놔요.	1215.SND
1215.SBE	6	510	540	Now, get out.	이제 나가요.	1215.SND
1216.SBE	0	75	105	- What... - Tatiana,	- 뭐... - 타티아나,	1216.SND
1216.SBE	1	115	180	did you give your grandfather his tea after lunch?	점심 먹고 할아버지께 차 드렸니?	1216.SND
1216.SBE	2	220	240	Yes.	네.	1216.SND
1216.SBE	3	241	300	Don't forget, every 3 hours.	잊지 마, 3시간마다야.	1216.SND
1219.SBE	0	125	228	So, it was you in my dream!	그래, 내 꿈에 나온 게 바로 너였구나!	1219.SND
1219.SBE	1	245	300	Go on- take it!	자, 가져가!	1219.SND
1219.SBE	2	305	411	Maybe it will sing for you!	어쩌면 네게 노래해 줄지도 모르지!	1219.SND
1222.SBE	0	60	135	Monsieur, may I speak to you?	무슈, 잠깐 말씀 나눠도 될까요?	1222.SND
1222.SBE	1	136	165	Of course, come in.	물론이죠, 들어오세요.	1222.SND
1222.SBE	2	240	300	You were so kind to my grandfather.	당신은 제 할아버지께 정말 친절하셨어요.	1222.SND
1222.SBE	3	301	390	I don't know how to begin.	어떻게 말을 꺼내야 할지 모르겠어요.	1222.SND
1222.SBE	4	391	405	Is he worse?	더 나빠지셨나요?	1222.SND
1222.SBE	5	406	480	No. It's Alexei.	아뇨. 알렉세이예요.	1222.SND
1222.SBE	6	481	600	He has asked me to get off the train at Budapest and on the way with him.	부다페스트에서 열차를 내려 자기와 함께 떠나자고 했어요.	1222.SND
1222.SBE	7	601	630	What did you say?	뭐라고 했죠?	1222.SND
1222.SBE	8	631	660	What'd you think I said?	제가 뭐라고 했을 것 같아요?	1222.SND
1222.SBE	9	661	750	My grandfather is ill. How can I leave him?	할아버지가 편찮으신데, 제가 어떻게 떠나요?	1222.SND
1222.SBE	10	780	810	It would be wrong, wouldn't it?	그건 잘못된 일이겠죠, 그렇죠?	1222.SND
1222.SBE	11	840	915	Alexei is romantic. You know what I say.	알렉세이는 낭만주의자예요. 내가 늘 뭐라고 하는지 아시죠.	1222.SND
1222.SBE	12	916	1020	Romantic is someone who spends his life looking for a good way to die.	낭만주의자란 평생 멋지게 죽을 방법만 찾는 사람이에요.	1222.SND
1222.SBE	13	1021	1110	When I told him "no", he started saying wild things.	제가 '안 된다'고 하자, 그가 말도 안 되는 소리를 하기 시작했어요.	1222.SND
1222.SBE	14	1111	1185	He said I'm his only connection to the world	그는 제가 세상과 이어진 유일한 끈이라고 했어요.	1222.SND
1222.SBE	15	1186	1290	and that if I won't go with him, his life means nothing.	그리고 제가 같이 가지 않으면 자기 인생은 아무 의미가 없다고요.	1222.SND
1222.SBE	16	1291	1320	You don't know him.	당신은 그 사람을 몰라요.	1222.SND
1222.SBE	17	1321	1395	I really think he might do something crazy.	그가 정말 무모한 짓을 할 것 같아요.	1222.SND
1222.SBE	18	1396	1470	He wanted to kill my grandfather with a bomb.	그는 폭탄으로 제 할아버지를 죽이려 했어요.	1222.SND
1222.SBE	19	1471	1575	He would have blown up the train and kill dozens of innocent people.	그랬다면 열차를 날려 수십 명의 무고한 사람을 죽였을 거예요.	1222.SND
1222.SBE	20	1576	1635	A bomb? What kind of bomb?	폭탄이라고요? 무슨 폭탄이죠?	1222.SND
1222.SBE	21	1636	1665	He made it himself.	그가 직접 만들었어요.	1222.SND
1222.SBE	22	1666	1725	He's been planning it for weeks.	몇 주째 그걸 계획해 왔어요.	1222.SND
1222.SBE	23	1726	1815	Of course, I talked him out of it, but now I'm afraid.	물론 제가 말려서 포기하게 했죠. 하지만 이제는 무서워요.	1222.SND
1222.SBE	24	1816	1890	I don't know what he will do. I love him so...	그가 무슨 짓을 할지 모르겠어요. 전 그를 너무 사랑해요...	1222.SND
1222.SBE	25	1950	1980	I'll see what I can do.	제가 할 수 있는 걸 해볼게요.	1222.SND
1222.SBE	26	2000	2100	Would you? Oh, thank you, monsieur. Thank you.	정말요? 아, 고마워요, 무슈. 정말 고마워요.	1222.SND
1223.SBE	0	600	630	Don't answer it.	받지 마요.	1223.SND
1223.SBE	1	700	730	I have to.	받아야 해요.	1223.SND
1223.SBE	2	1295	1390	Vassili Alexandrovitch, this is our farewell meeting.	바실리 알렉산드로비치, 이게 우리의 마지막 만남이오.	1223.SND
1223.SBE	3	1398	1430	No!	안 돼!	1223.SND
1223.SBE	4	1435	1505	Grandfather, look out, he wants to kill you!	할아버지, 조심하세요! 저 사람이 할아버지를 죽이려 해요!	1223.SND
1223.SBE	5	1510	1578	No, no... you don't understand!	아뇨, 아뇨... 당신은 이해 못 해요!	1223.SND
1224.SBE	0	10	88	...there will be an attempt on my life...	...내 목숨을 노린 시도가 있을 거야...	1224.SND
1224.SBE	1	97	182	...the murderers followed me all the way from Russia...	...살인자들이 러시아에서부터 줄곧 나를 쫓아왔어...	1224.SND
1224.SBE	2	191	250	...I am not afraid of death...	...나는 죽음이 두렵지 않아...	1224.SND
1224.SBE	3	255	330	...I always followed the covenants of our church...	...나는 늘 우리 교회의 계율을 따랐어...	1224.SND
1224.SBE	4	405	435	Tatiana...	타티아나...	1224.SND
1224.SBE	5	540	570	...away from here...	...여기서... 떠나...	1224.SND
1224.SBE	6	600	630	...the clock...	...시계...	1224.SND
1224.SBE	7	770	843	Long live Anarchy!	무정부주의 만세!	1224.SND
1225.SBE	0	22	97	Monsieur, I beg you, stop this madness!	무슈, 부탁입니다. 이 광기를 멈춰주세요!	1225.SND
1225.SBE	1	97	146	The lives of these passengers.	이 승객들의 목숨이 달려 있소.	1225.SND
1225.SBE	2	146	184	They're innocent people!	저 사람들은 죄 없는 사람들이오!	1225.SND
1225.SBE	3	184	247	Slow down. You're wasting your breath.	진정하시오. 숨만 낭비하겠소.	1225.SND
1225.SBE	4	247	294	You're not one of the bandits.	당신은 그 산적들 패거리와 한통속이 아니오.	1225.SND
1225.SBE	5	294	330	The bandits are dead.	그 산적들은 죽었소.	1225.SND
1225.SBE	6	330	361	All but one.	한 명만 빼고 모두요.	1225.SND
1225.SBE	7	361	388	Where is he?	그는 어디 있소?	1225.SND
1225.SBE	8	388	429	He's running the train.	지금 그가 열차를 몰고 있소.	1225.SND
1225.SBE	9	481	529	Ladies, gentlemen.	신사 숙녀 여러분.	1225.SND
1225.SBE	10	529	616	If you would all please move out of the dining car	모두 식당차에서 나가 주시고	1225.SND
1225.SBE	11	616	680	and return to the sleeping car...	침대차로 돌아가 주십시오...	1225.SND
1225.SBE	12	704	762	I demand to be told what's happening!	무슨 일이 벌어지는지 당장 말해 주시오!	1225.SND
1225.SBE	13	762	863	Monsieur, please. It is for your own safety.	무슈, 부탁드립니다. 선생님 안전을 위한 일입니다.	1225.SND
1225.SBE	14	917	1014	Your excellency, may I escort you back to your compartment?	각하, 객실까지 모셔다드려도 되겠습니까?	1225.SND
1225.SBE	15	1014	1152	My granddaughter and I are travelling to Constantinople,	저와 손녀는 콘스탄티노플로 가는 중이고,	1225.SND
1225.SBE	16	1166	1258	and from Constantinople to Odessa.	그리고 콘스탄티노플에서 오데사로 갑니다.	1225.SND
1225.SBE	17	1258	1398	Yes, of course. But won't you be more comfortable in the sleeping car?	네, 물론입니다. 하지만 침대차가 더 편하지 않으시겠습니까?	1225.SND
1225.SBE	18	1398	1452	With the rest of the passengers?	다른 승객들과 함께 말이오?	1225.SND
1225.SBE	19	1462	1608	Those passengers will never arrive in Constantinople.	저 승객들은 콘스탄티노플에 절대 도착하지 못할 거요.	1225.SND
1225.SBE	20	1644	1723	Listen, why don't you go and see to the other passengers?	들으시오. 다른 승객들 쪽을 좀 살펴보지 않겠소?	1225.SND
1225.SBE	21	1723	1787	I'll stay a bit and try to look after things.	난 좀 남아서 상황을 지켜보겠소.	1225.SND
1227.SBE	0	103	159	She can't hear you.	그 애는 당신 말을 못 들어요.	1227.SND
1227.SBE	1	190	260	My poor butterfly.	가엾은 내 나비야.	1227.SND
1227.SBE	2	279	465	Soon, soon you will be home in the big house by the river.	곧, 정말 곧이면 강가의 큰 집으로 돌아가게 될 거야.	1227.SND
1227.SBE	3	470	627	Nothing has changed. All is as it was. Just as you remember.	달라진 건 아무것도 없어. 모든 게 예전 그대로야. 네가 기억하는 그대로.	1227.SND
1227.SBE	4	632	685	They will all be there to greet us.	모두 거기서 우리를 맞아줄 거야.	1227.SND
1227.SBE	5	690	818	Darya Filipovna...your old nurse, Agafya Mikhailovna...	다리야 필리포브나... 네 옛 유모 아가피야 미하일로브나...	1227.SND
1227.SBE	6	841	925	...even old Johann. Remember Johann?	...요한 영감님도 계실 거야. 요한 기억하지?	1227.SND
1227.SBE	7	993	1078	They're dead. They're all dead.	죽었어. 모두 죽었어.	1227.SND
1227.SBE	8	1115	1150	The Firebird.	불새.	1227.SND
1227A.SBE	0	103	159	She can't hear you.	그 애는 당신 말을 못 들어요.	1227A.SND
1227A.SBE	1	190	260	My poor butterfly.	가엾은 내 나비야.	1227A.SND
1227A.SBE	2	279	465	Soon, soon you will be home in the big house by the river.	곧, 정말 곧이면 강가의 큰 집으로 돌아가게 될 거야.	1227A.SND
1227A.SBE	3	470	627	Nothing has changed. All is as it was. Just as you remember.	달라진 건 아무것도 없어. 모든 게 예전 그대로야. 네가 기억하는 그대로.	1227A.SND
1227A.SBE	4	632	685	They will all be there to greet us.	모두 거기서 우리를 맞아줄 거야.	1227A.SND
1227A.SBE	5	690	818	Darya Filipovna...your old nurse, Agafya Mikhailovna...	다리야 필리포브나... 네 옛 유모 아가피야 미하일로브나...	1227A.SND
1227A.SBE	6	841	925	...even old Johann. Remember Johann?	...요한 영감님도 계실 거야. 요한 기억하지?	1227A.SND
1227A.SBE	7	993	1078	They're dead. They're all dead.	죽었어. 모두 죽었어.	1227A.SND
1227A.SBE	8	1115	1150	The Firebird.	불새.	1227A.SND
1303.SBE	0	1	120	Don't bother to knock, just walk right in, everyone else does.	노크할 필요 없소. 다들 그러듯 그냥 들어오니까.	1303.SND
1303.SBE	1	121	140	Who are you?	당신은 누구요?	1303.SND
1303.SBE	2	150	195	This is my compartment, who are you?	여긴 내 객실이오. 당신은 누구요?	1303.SND
1303.SBE	3	196	285	This is Tyler Whitney's compartment.	여긴 타일러 휘트니의 객실이오.	1303.SND
1303.SBE	4	286	315	Where is Tyler?	타일러는 어디 있소?	1303.SND
1303.SBE	5	450	480	Murderer!	살인자!	1303.SND
1303N.SBE	0	1	120	Don't bother to knock, just walk right in, everyone else does.	노크할 필요 없소. 다들 그러듯 그냥 들어오니까.	1303N.SND
1303N.SBE	1	121	140	Who are you?	당신은 누구요?	1303N.SND
1303N.SBE	2	150	195	This is my compartment, who are you?	여긴 내 객실이오. 당신은 누구요?	1303N.SND
1303N.SBE	3	196	285	This is Tyler Whitney's compartment.	여긴 타일러 휘트니의 객실이오.	1303N.SND
1303N.SBE	4	286	315	Where is Tyler?	타일러는 어디 있소?	1303N.SND
1303N.SBE	5	450	480	Murderer!	살인자!	1303N.SND
1304.SBE	0	1	45	Who are you?	당신은 누구요?	1304.SND
1304.SBE	1	46	105	This is my compartment, who are you?	여긴 내 객실이오. 당신은 누구요?	1304.SND
1304.SBE	2	106	180	This is Tyler Whitney's compartment.	여긴 타일러 휘트니의 객실이오.	1304.SND
1304.SBE	3	181	210	Where is Tyler?	타일러는 어디 있소?	1304.SND
1304.SBE	4	360	390	Murderer!	살인자!	1304.SND
1304N.SBE	0	1	45	Who are you?	당신은 누구요?	1304N.SND
1304N.SBE	1	46	105	This is my compartment, who are you?	여긴 내 객실이오. 당신은 누구요?	1304N.SND
1304N.SBE	2	106	180	This is Tyler Whitney's compartment.	여긴 타일러 휘트니의 객실이오.	1304N.SND
1304N.SBE	3	181	210	Where is Tyler?	타일러는 어디 있소?	1304N.SND
1304N.SBE	4	360	390	Murderer!	살인자!	1304N.SND
1305.SBE	0	67	129	As I was about to say, I didn't kill him.	막 말하려던 참인데, 내가 그를 죽인 건 아니오.	1305.SND
1305.SBE	1	142	175	Who are you?	당신은 누구요?	1305.SND
1305.SBE	2	175	219	My name is Robert Cath.	제 이름은 로버트 캐스입니다.	1305.SND
1305.SBE	3	247	342	So you are Cath. Tyler spoke of you.	그러니까 당신이 캐스였군. 타일러가 당신 얘길 했소.	1305.SND
1305.SBE	4	355	434	He was afraid you were angry with him.	그는 당신이 자기에게 화가 났다고 두려워했소.	1305.SND
1305.SBE	5	458	540	He shouldn't have worried. That was a long time ago.	그가 그런 걱정을 할 필요는 없었소. 그건 오래전 일이오.	1305.SND
1305.SBE	6	558	592	You better tell me what's going on.	무슨 일인지 제대로 말해주는 게 좋겠소.	1305.SND
1305.SBE	7	592	680	Tyler had a meeting with someone named August Schmidt. What's that about?	타일러가 아우구스트 슈미트라는 자와 만났소. 그건 무슨 일이오?	1305.SND
1305.SBE	8	721	745	Where's the gold?	금은 어디 있소?	1305.SND
1305.SBE	9	745	830	What gold? I saw a wooden box and a hell of a mess.	무슨 금이오? 난 나무 상자 하나와 엉망이 된 방만 봤소.	1305.SND
1305.SBE	10	841	921	Then we lost. How can I tell this to the general?	그럼 우린 진 거요. 이걸 어떻게 장군께 보고하지?	1305.SND
1305.SBE	11	921	949	Oh I must tell to the others.	아, 이걸 다른 이들에게 알려야겠군.	1305.SND
1305.SBE	12	949	1029	What general? What were you and Tyler mixed up in?	무슨 장군이오? 당신과 타일러는 무슨 일에 얽혀 있었소?	1305.SND
1305.SBE	13	1029	1088	You must tell no one about this. No one.	이 일은 아무에게도 말하면 안 되오. 아무에게도.	1305.SND
1305.SBE	14	1088	1131	Not even the train conductor?	열차 차장에게도 안 된다는 거요?	1305.SND
1305.SBE	15	1131	1227	You've been warned. Crna ruka, the Black Hand.	당신은 경고를 받았소. 츠르나 루카, 검은 손.	1305.SND
1311.SBE	0	49	101	Milos, we need to talk.	밀로시, 우리 얘기 좀 해야겠소.	1311.SND
1311.SBE	1	139	184	August Schmidt thinks I'm Tyler.	아우구스트 슈미트는 날 타일러로 알고 있소.	1311.SND
1311.SBE	2	184	238	I went along with it to keep the game going.	난 이 판을 계속 굴리려고 맞춰준 거요.	1311.SND
1311.SBE	3	238	288	Now I want to know what the game is.	이제 이 판의 정체가 뭔지 알고 싶소.	1311.SND
1311.SBE	4	421	452	Come in. Sit down.	들어오시오. 앉으시오.	1311.SND
1311.SBE	5	501	573	Have you heard of "Unity or Death"?	'단결 아니면 죽음'을 들어봤소?	1311.SND
1311.SBE	6	573	682	Sure. That's Harvard's motto. Or is it the post office?	물론이지. 하버드 교훈이던가. 아니면 우체국이던가?	1311.SND
1311.SBE	7	682	782	Unity or Death is a sacred vow. Crna Ruka.	'단결 아니면 죽음'은 신성한 맹세요. 츠르나 루카.	1311.SND
1311.SBE	8	782	847	We have all taken it. Tyler too.	우리 모두 그 맹세를 했소. 타일러도.	1311.SND
1311.SBE	9	847	893	He always liked that sort of thing.	그는 원래 그런 걸 좋아했소.	1311.SND
1311.SBE	10	893	946	He gave his life for this.	그는 이걸 위해 목숨을 바쳤소.	1311.SND
1311.SBE	11	964	1038	Tyler came to us in the winter.	타일러는 겨울에 우리에게 왔소.	1311.SND
1311.SBE	12	1038	1134	We were hiding in the mountains of Bjelasnica, north of Sarajevo.	우리는 사라예보 북쪽 비엘라슈니차 산에 숨어 있었소.	1311.SND
1311.SBE	13	1281	1361	When Tyler came, we had no food, no guns, nothing.	타일러가 왔을 때 우린 식량도, 총도, 아무것도 없었소.	1311.SND
1311.SBE	14	1361	1409	Tyler brought us guns.	타일러가 우리에게 총을 가져다줬소.	1311.SND
1311.SBE	15	1409	1467	What did Tyler want from August Schmidt?	타일러는 아우구스트 슈미트에게서 뭘 원했소?	1311.SND
1311.SBE	16	1467	1547	Tyler was given a mission by the general himself.	타일러는 장군님에게 직접 임무를 받았소.	1311.SND
1311.SBE	17	1547	1629	It was a great treasure that belonged to the Serbian people.	그건 세르비아 민족의 위대한 보물이었소.	1311.SND
1311.SBE	18	1629	1658	What was it?	그게 뭐였소?	1311.SND
1311.SBE	19	1658	1725	It was called a firebird. I never saw it.	그건 불새라고 불렸소. 난 본 적이 없소.	1311.SND
1311.SBE	20	1752	1826	Tyler was to sell it for gold to buy the guns from the German.	타일러는 그걸 금으로 팔아 독일인에게서 총을 사기로 되어 있었소.	1311.SND
1311.SBE	21	1826	1902	If the German finds out that we have lost the gold,	독일인이 우리가 금을 잃어버린 걸 알게 되면,	1311.SND
1311.SBE	22	1902	1948	everything is lost.	모든 게 끝장이오.	1311.SND
1311.SBE	23	1948	2055	You must tell him that we have the gold, and that we want to buy the guns.	우리가 금을 갖고 있고 총을 사고 싶다고 그에게 전해야 하오.	1311.SND
1311.SBE	24	2055	2111	Why should I help you cheat August Schmidt?	내가 왜 당신들이 아우구스트 슈미트를 속이는 걸 도와야 하오?	1311.SND
1311.SBE	25	2136	2167	Cheat him?	그를 속인다고?	1311.SND
1311.SBE	26	2167	2227	How can you speak of cheating a German?	독일인을 속인다는 말을 어떻게 입에 올리오?	1311.SND
1311.SBE	27	2227	2339	The Germans attacking our land, the food from our children.	독일인들은 우리 땅을 공격하고, 우리 아이들 입에서 양식을 빼앗아 가지.	1311.SND
1311.SBE	28	2339	2406	We are like slaves in our own land.	우리는 우리 땅에서 노예처럼 살고 있소.	1311.SND
1311.SBE	29	2406	2448	Tyler understood this.	타일러는 이걸 이해했소.	1311.SND
1311.SBE	30	2448	2553	If you betray us, you betray the cause he died for.	당신이 우릴 배신하면, 그가 목숨 바쳐 지킨 대의를 배신하는 거요.	1311.SND
1311.SBE	31	2582	2623	It's your cause, not mine.	그건 당신들의 대의지, 내 대의는 아니오.	1311.SND
1311.SBE	32	3045	3144	By the way, Herr Schmidt mentioned that he was having some merchandise	그런데 헤어 슈미트가 말하길, 어떤 물건을	1311.SND
1311.SBE	33	3144	3189	put on the train at Munich.	뮌헨에서 열차에 싣는다고 했소.	1311.SND
1311.SBE	34	3213	3288	So long. Madame.	그럼 이만, 마담.	1311.SND
1312.SBE	0	10	39	My friend.	내 친구.	1312.SND
1312.SBE	1	124	159	It's a miracle.	기적이군.	1312.SND
1312.SBE	2	159	198	You have paid for our guns!	당신이 우리 총값을 치렀어!	1312.SND
1312.SBE	3	198	241	Now, wait a minute.	자, 잠깐만.	1312.SND
1312.SBE	4	241	289	Now I understand you.	이제 당신을 알겠소.	1312.SND
1312.SBE	5	289	363	You say you don't help us, but then you help.	당신은 우릴 안 돕는다면서 결국은 도와.	1312.SND
1312.SBE	6	363	437	You are like a Slav. You are one of us!	당신은 슬라브인 같아. 우리 편이야!	1312.SND
1312D.SBE	0	10	39	My friend.	내 친구.	1312D.SND
1312D.SBE	1	124	159	It's a miracle.	기적이군.	1312D.SND
1312D.SBE	2	159	198	You have paid for our guns!	당신이 우리 총값을 치렀어!	1312D.SND
1312D.SBE	3	198	241	Now, wait a minute.	자, 잠깐만.	1312D.SND
1312D.SBE	4	241	289	Now I understand you.	이제 당신을 알겠소.	1312D.SND
1312D.SBE	5	289	363	You say you don't help us, but then you help.	당신은 우릴 안 돕는다면서 결국은 도와.	1312D.SND
1312D.SBE	6	363	437	You are like a Slav. You are one of us!	당신은 슬라브인 같아. 우리 편이야!	1312D.SND
1313.SBE	0	0	21	Come in.	들어오시오.	1313.SND
1313.SBE	1	35	75	It's good you're here.	당신이 와 있어서 좋소.	1313.SND
1313.SBE	2	75	119	We have many plans to make.	우린 세워야 할 계획이 많소.	1313.SND
1313.SBE	3	119	174	Your plans are your business.	당신 계획은 당신 사정이오.	1313.SND
1313.SBE	4	174	220	I want to talk about Tyler.	타일러 얘길 하고 싶소.	1313.SND
1313.SBE	5	220	272	I want to know who you think killed him.	당신이 누가 그를 죽였다고 생각하는지 알고 싶소.	1313.SND
1313.SBE	6	296	320	Sit down.	앉으시오.	1313.SND
1313.SBE	7	333	369	Let's have a drink.	한잔합시다.	1313.SND
1313.SBE	8	412	597	I will tell you. When we left Paris, I feel there was something wrong with Tyler.	말해주겠소. 파리를 떠날 때부터 타일러에게 뭔가 이상함이 있었소.	1313.SND
1313.SBE	9	614	658	To me, he says nothing.	내게는 아무 말도 하지 않았소.	1313.SND
1313.SBE	10	658	768	But he was like a frightened man. Always looking over his shoulder.	하지만 그는 겁먹은 사람 같았소. 늘 뒤를 돌아봤지.	1313.SND
1313.SBE	11	800	892	That's not like Tyler. I thought there were something wrong in his letter.	그건 타일러답지 않소. 난 편지에 뭔가 이상한 기운이 있다고 느꼈소.	1313.SND
1313.SBE	12	910	970	I tell you he was afraid of something.	그가 뭔가를 두려워했다고 말했잖소.	1313.SND
1313.SBE	13	970	1011	There was a shadow on him.	그에겐 그림자가 드리워져 있었소.	1313.SND
1313.SBE	14	1011	1076	When I look into his eyes, he had the eyes of death.	그의 눈을 들여다보면, 죽음의 눈빛이 있었소.	1313.SND
1313.SBE	15	1076	1176	There were marks on his face. Three lines, like a knife.	얼굴엔 자국이 있었소. 칼에 그인 듯한 세 줄이.	1313.SND
1313.SBE	16	1176	1268	It was none of my men. I love Tyler like he was my brother.	내 부하들 짓이 아니오. 난 타일러를 친형제처럼 아꼈소.	1313.SND
1313.SBE	17	1268	1374	If I find out who killed him, I will tear him apart with my own hands.	누가 그를 죽였는지 알게 되면 내 손으로 갈기갈기 찢어놓겠소.	1313.SND
1313.SBE	18	1410	1434	Drink.	마시오.	1313.SND
1313.SBE	19	1468	1569	It's a little early in the day for that. I'll see you later, Milos.	그걸 하기엔 아직 이른 시간인데요. 나중에 봅시다, 밀로시.	1313.SND
1313.SBE	20	1626	1707	Why don't you come in? You'll be able to hear better.	안으로 들어오지 그러시오? 더 잘 들릴 거요.	1313.SND
1315.SBE	0	147	174	You won't make it.	당신은 못 가.	1315.SND
1315.SBE	1	174	302	You are not a Slav. This I understand. But how can you help the Austrians?	당신이 슬라브인이 아니라는 건 알겠소. 하지만 어떻게 오스트리아를 도울 수 있소?	1315.SND
1315.SBE	2	302	402	I'm not helping anybody. I got a ticket in my pocket for Constantinople	난 누구도 돕는 게 아니오. 내 주머니엔 콘스탄티노플행 표가 있고	1315.SND
1315.SBE	3	402	440	and I'm not gonna waste it.	그걸 허비할 생각은 없소.	1315.SND
1315.SBE	4	440	486	Is this a joke to you?	이게 당신에겐 농담으로 보여?	1315.SND
1315.SBE	5	486	519	Who killed Tyler?	타일러를 누가 죽였죠?	1315.SND
1315.SBE	6	519	594	Tyler gave his life for our freedom.	타일러는 우리의 자유를 위해 목숨을 바쳤어.	1315.SND
1315.SBE	7	594	714	And you! What do you believe in? You believe in nothing.	그리고 당신! 뭘 믿지? 당신은 아무것도 믿지 않아.	1315.SND
1315.SBE	8	1350	1455	Good. We're slowing down. You can stop shovelling now.	좋아. 속도가 줄고 있어. 이제 삽질은 멈춰도 돼.	1315.SND
1315A.SBE	0	147	174	You won't make it.	당신은 못 가.	1315A.SND
1315A.SBE	1	174	302	You are not a Slav. This I understand. But how can you help the Austrians?	당신이 슬라브인이 아니라는 건 알겠소. 하지만 어떻게 오스트리아를 도울 수 있소?	1315A.SND
1315A.SBE	2	302	402	I'm not helping anybody. I got a ticket in my pocket for Constantinople	난 누구도 돕는 게 아니오. 내 주머니엔 콘스탄티노플행 표가 있고	1315A.SND
1315A.SBE	3	402	440	and I'm not gonna waste it.	그걸 허비할 생각은 없소.	1315A.SND
1315A.SBE	4	440	486	Is this a joke to you?	이게 당신에겐 농담으로 보여?	1315A.SND
1315A.SBE	5	486	519	Who killed Tyler?	타일러를 누가 죽였죠?	1315A.SND
1315A.SBE	6	519	594	Tyler gave his life for our freedom.	타일러는 우리의 자유를 위해 목숨을 바쳤어.	1315A.SND
1315A.SBE	7	594	714	And you! What do you believe in? You believe in nothing.	그리고 당신! 뭘 믿지? 당신은 아무것도 믿지 않아.	1315A.SND
1315A.SBE	8	1350	1455	Good. We're slowing down. You can stop shovelling now.	좋아. 속도가 줄고 있어. 이제 삽질은 멈춰도 돼.	1315A.SND
1401.SBE	0	24	57	Mind if I join you?	같이 앉아도 될까요?	1401.SND
1401.SBE	1	57	97	No, by all means.	물론이죠, 어서 앉으세요.	1401.SND
1401.SBE	2	97	148	I don't believe we've been introduced.	우리 정식으로 인사한 적은 없는 것 같군요.	1401.SND
1401.SBE	3	148	170	George Abbot.	조지 애벗입니다.	1401.SND
1401.SBE	4	170	201	Tyler Whitney.	타일러 휘트니입니다.	1401.SND
1401.SBE	5	217	258	What foul weather.	정말 궂은 날씨군요.	1401.SND
1401.SBE	6	258	348	Can't seem to get out of this storm, it must be raining all across Europe.	이 폭풍에서 좀처럼 벗어나질 못하네요. 아마 유럽 전역에 비가 오는 모양입니다.	1401.SND
1401.SBE	7	348	399	Quite remarkable, really.	정말 대단하지 않습니까.	1401.SND
1401.SBE	8	414	476	I understand you've made friends with the Obolenskys?	오볼렌스키 가문과 친분이 생기셨다지요?	1401.SND
1401.SBE	9	476	517	You must introduce me.	저도 소개해 주셔야겠어요.	1401.SND
1401.SBE	10	517	572	I am fascinated by Russia.	전 러시아에 무척 매료되어 있거든요.	1401.SND
1401.SBE	11	572	623	That was quite a scare you had last night.	어젯밤엔 꽤 놀라셨겠습니다.	1401.SND
1401.SBE	12	623	700	The chef de train told me you handled it quite well.	열차장이 당신이 아주 잘 처리했다고 하더군요.	1401.SND
1401.SBE	13	700	786	You didn't happen to notice whether the other Russian fellow, what's his name,	그 다른 러시아 친구 말입니다, 이름이 뭐더라... 혹시 보신 적 있습니까,	1401.SND
1401.SBE	14	786	825	the young fellow, was hanging about?	그 젊은 친구가 근처를 어슬렁거리는 걸요?	1401.SND
1401.SBE	15	825	868	I don't recall seeing him.	본 기억은 없군요.	1401.SND
1401.SBE	16	868	942	I'm afraid the old man has quite lost his head.	그 노인은 제정신이 아닌 것 같더군요.	1401.SND
1401.SBE	17	942	1047	Still, he has played a role for years as a sort of informal ambassador for the Tsar,	그래도 그는 오랫동안 차르의 비공식 특사 같은 역할을 해왔지요,	1401.SND
1401.SBE	18	1047	1083	if you know what I mean.	무슨 말인지 아시겠죠.	1401.SND
1401.SBE	19	1083	1128	I didn't know you were a doctor.	당신이 의사인 줄은 몰랐군요.	1401.SND
1401.SBE	20	1128	1147	And you?	당신은요?	1401.SND
1401.SBE	21	1147	1194	Oh I'm travelling on business.	아, 저는 출장 중입니다.	1401.SND
1401.SBE	22	1194	1277	Every now and then the company has a little matter to take care of on the continent,	가끔 회사 일로 대륙 쪽에서 처리할 일이 생기면,	1401.SND
1401.SBE	23	1277	1317	so off I go.	제가 출동하는 거죠.	1401.SND
1401.SBE	24	1336	1375	Isn't she enchanting?	그녀 참 매력적이지 않습니까?	1401.SND
1401.SBE	25	1402	1452	That violinist Miss Wolff.	그 바이올리니스트, 미스 볼프 말입니다.	1401.SND
1401.SBE	26	1452	1539	She seems to be getting on rather well with Herr Schmidt.	헤어 슈미트와 꽤 잘 지내는 듯하군요.	1401.SND
1401.SBE	27	1549	1601	Not her type, I would have thought.	제 생각엔 그쪽 취향은 아닐 줄 알았는데요.	1401.SND
1401.SBE	28	1601	1670	Rather a surprise to see Herr Schmidt here.	헤어 슈미트를 여기서 보는 것도 꽤 뜻밖이고요.	1401.SND
1401.SBE	29	1670	1725	One would think he'd have his hands full back in Germany,	독일 본국에서 일손이 모자랄 사람일 텐데,	1401.SND
1401.SBE	30	1725	1795	what with his factory stepping up production and all that.	공장 증산이니 뭐니 해서 말입니다.	1401.SND
1401.SBE	31	1810	1878	Such an industrious people, the Germans.	독일인들은 참 부지런하죠.	1401.SND
1401.SBE	32	1878	1934	I wonder what business he has in the east?	동방에서 무슨 일을 하는지 궁금하군요.	1401.SND
1401.SBE	33	1944	2016	But you haven't told me a thing about yourself. Will you be going far?	그런데 본인 얘기는 하나도 안 하셨네요. 멀리 가십니까?	1401.SND
1401.SBE	34	2016	2058	All the way to Constantinople.	콘스탄티노플까지 갑니다.	1401.SND
1401.SBE	35	2058	2122	Oh how lovely. Business or pleasure?	아, 좋군요. 일 때문입니까, 아니면 휴양입니까?	1401.SND
1401.SBE	36	2122	2168	Actually, I'm travelling for my health.	실은 요양차 가는 길입니다.	1401.SND
1401.SBE	37	2168	2276	Yes, so nice to get away from one's troubles, assuming one has any.	그렇죠, 골칫거리만 있다면야 잠시 벗어나는 것도 참 좋지요.	1401.SND
1401.SBE	38	2276	2343	New climates, new horizons and all that.	새 기후, 새 지평, 그런 것들 말입니다.	1401.SND
1401.SBE	39	2362	2445	Of course I don't need to tell you that, you being a doctor.	물론 의사인 당신께 굳이 말할 필요는 없겠지만요.	1401.SND
1401.SBE	40	2445	2552	Quite a coincidence your being a doctor, and an American I mean.	게다가 의사에 미국인이라니, 꽤 흥미로운 우연이네요.	1401.SND
1401.SBE	41	2552	2629	When I boarded at Munich, the police were looking for American doctor	제가 뮌헨에서 탔을 때 경찰이 미국인 의사를 찾고 있더군요,	1401.SND
1401.SBE	42	2629	2684	who'd got away from the police in Paris.	파리에서 경찰을 따돌리고 달아난 사람 말입니다.	1401.SND
1401.SBE	43	2684	2784	Apparently he's mixed up with those Irish fanatics, home rule and all that,	듣자 하니 그자는 아일랜드 광신도들, 자치 운동인가 뭔가와 얽혀 있다더군요,	1401.SND
1401.SBE	44	2784	2837	the ones that killed that policeman.	그 경찰관을 죽인 그 무리요.	1401.SND
1401.SBE	45	2837	2874	Papers were full of it.	신문이 온통 그 이야기였습니다.	1401.SND
1401.SBE	46	2874	2966	Anyhow, it seems that this young doctor is in quite a bit of trouble.	아무튼 그 젊은 의사는 꽤 곤란한 처지인 모양이더군요.	1401.SND
1401.SBE	47	2966	3024	Don't believe everything you read in papers.	신문에 난 걸 다 믿진 마십시오.	1401.SND
1401.SBE	48	3024	3158	No, but I do. It's much more fun that way. Still, it's none of my concern.	아니요, 전 믿는 편입니다. 그게 훨씬 재미있거든요. 뭐, 제 소관은 아닙니다만.	1401.SND
1401.SBE	49	3158	3240	I say, that jacket looks a bit short in the arms.	그런데 그 재킷, 소매가 좀 짧아 보이는군요.	1401.SND
1401.SBE	50	3240	3310	Was it a French tailor who took it in for you?	프랑스 재단사가 수선해 준 겁니까?	1401.SND
1401.SBE	51	3310	3387	I... think I'll go check on the Obolenskys...	저는... 오볼렌스키 쪽을 좀 살펴보러 가보죠...	1401.SND
1401.SBE	52	3387	3457	Yes, of course. Look forward to see you again.	예, 물론이죠. 다시 뵙길 기대하겠습니다.	1401.SND
1401.SBE	53	3517	3555	What a pleasant fellow.	참 유쾌한 분이군.	1401.SND
1402.SBE	0	58	153	I say! I think you've got the wrong compartment.	이런! 객실을 잘못 찾아오신 것 같은데요.	1402.SND
1402.SBE	1	153	219	Looks like we've both got the wrong compartment.	보아하니 우리 둘 다 객실을 잘못 찾았군요.	1402.SND
1402B.SBE	0	58	153	I say! I think you've got the wrong compartment.	이런! 객실을 잘못 찾아오신 것 같은데요.	1402B.SND
1402B.SBE	1	153	219	Looks like we've both got the wrong compartment.	보아하니 우리 둘 다 객실을 잘못 찾았군요.	1402B.SND
1403.SBE	0	29	114	Care to join me in a drink? Just the two of us, man to man?	한잔하시겠습니까? 우리 둘이, 남자 대 남자로요.	1403.SND
1403.SBE	1	115	159	I'll be in a smoking car.	저는 흡연차에 있겠습니다.	1403.SND
1404.SBE	0	0	117	There you are. What a nasty business. Oh well, good job it's over.	여기 계셨군요. 참 성가신 일이었지요. 뭐, 끝나서 다행입니다.	1404.SND
1404.SBE	1	117	165	Saves me a bit of trouble, cheers.	덕분에 수고를 좀 덜었습니다. 건배.	1404.SND
1404.SBE	2	165	209	Saves you trouble, how?	수고를 덜었다니, 어떻게 말입니까?	1404.SND
1404.SBE	3	220	312	Oh well, the word went out that one of those anarchist chaps was travelling	무정부주의자 녀석 하나가 열차에 타 있다는 첩보가 돌았거든요,	1404.SND
1404.SBE	4	312	420	on the express precisely in order to blow up that poor old fellow Obolensky.	그 불쌍한 늙은 오볼렌스키를 폭살시키려고 급행열차에 오른 거라더군요.	1404.SND
1404.SBE	5	420	506	So the, company sent me along to see if I could spot him	그래서 회사에서 제가 그자를 찾아낼 수 있는지 보라고 보낸 겁니다,	1404.SND
1404.SBE	6	506	588	and nip things in the bud, you see, before any unpleasantness.	불상사가 생기기 전에 싹을 잘라버리라고요.	1404.SND
1404.SBE	7	598	672	Fact is, for a while I wasn't sure if it was him or you.	사실 한동안은 그자가 당신인지 헷갈렸습니다.	1404.SND
1404.SBE	8	672	697	Me?	나요?	1404.SND
1404.SBE	9	697	781	Well, travelling without a ticket, assumed name and all that,	표도 없이 가명으로 여행하고 계시니,	1404.SND
1404.SBE	10	781	832	you can see why I might have wondered.	제가 의심할 만도 했다는 건 이해하시겠죠.	1404.SND
1404.SBE	11	832	877	No hard feelings, I hope.	섭섭하게 생각하진 않으셨으면 합니다.	1404.SND
1404.SBE	12	877	950	By the way, I found this in Dolnikov's luggage.	그건 그렇고, 돌니코프 짐에서 이걸 찾았습니다.	1404.SND
1404.SBE	13	950	1051	Oh well done. A detonator, very nice.	오, 잘하셨군요. 기폭장치라, 아주 좋습니다.	1404.SND
1404.SBE	14	1051	1130	Amazing the way these chaps can manage to make something quite deadly	저 친구들이 아무것도 아닌 걸로도 꽤 살벌한 물건을 만들어내는 솜씨는	1404.SND
1404.SBE	15	1130	1169	out of nothing at all.	정말 놀랍습니다.	1404.SND
1404.SBE	16	1169	1280	Speaking of which, you didn't happen to find the dynamite, did you?	말이 나와서 그런데, 다이너마이트는 못 찾으셨겠죠?	1404.SND
1404.SBE	17	1317	1391	Dynamite? What dynamite?	다이너마이트요? 무슨 다이너마이트를 말합니까?	1404.SND
1405.SBE	0	38	93	I say, well done.	아무튼, 잘하셨습니다.	1405.SND
1405.SBE	1	141	182	Now how about that drink?	그럼 이제 한잔하시죠?	1405.SND
1406.SBE	0	0	117	There you are. What a nasty business. Oh well, good job it's over.	여기 계셨군요. 참 성가신 일이었지요. 뭐, 끝나서 다행입니다.	1406.SND
1406.SBE	1	117	165	Saves me a bit of trouble, cheers.	덕분에 수고를 좀 덜었습니다. 건배.	1406.SND
1406.SBE	2	165	209	Saves you trouble, how?	수고를 덜었다니, 어떻게 말입니까?	1406.SND
1406.SBE	3	220	312	Oh well, the word went out that one of those anarchist chaps was travelling	무정부주의자 녀석 하나가 열차에 타 있다는 첩보가 돌았거든요,	1406.SND
1406.SBE	4	312	420	on the express precisely in order to blow up that poor old fellow Obolensky.	그 불쌍한 늙은 오볼렌스키를 폭살시키려고 급행열차에 오른 거라더군요.	1406.SND
1406.SBE	5	420	506	So the, company sent me along to see if I could spot him	그래서 회사에서 제가 그자를 찾아낼 수 있는지 보라고 보낸 겁니다,	1406.SND
1406.SBE	6	506	588	and nip things in the bud, you see, before any unpleasantness.	불상사가 생기기 전에 싹을 잘라버리라고요.	1406.SND
1406.SBE	7	598	677	Fact is, for a while I wasn't sure if it was him or you.	사실 한동안은 그자가 당신인지 헷갈렸습니다.	1406.SND
1406.SBE	8	677	705	Me?	나요?	1406.SND
1406.SBE	9	705	790	Well, travelling without a ticket, assumed name and all that,	표도 없이 가명으로 여행하고 계시니,	1406.SND
1406.SBE	10	790	841	you can see why I might have wondered.	제가 의심할 만도 했다는 건 이해하시겠죠.	1406.SND
1406.SBE	11	841	892	No hard feelings, I hope.	섭섭하게 생각하진 않으셨으면 합니다.	1406.SND
1406.SBE	12	892	925	No hard feelings.	섭섭한 마음은 없습니다.	1406.SND
1406.SBE	13	925	981	Good job you finding that bomb.	폭탄 찾아낸 건 정말 잘하셨습니다.	1406.SND
1406.SBE	14	981	1065	I wonder have you ever considered doing a bit more work in this line?	혹시 이런 쪽 일에 좀 더 본격적으로 관심 가져볼 생각은 없습니까?	1406.SND
1406.SBE	15	1065	1086	What line?	무슨 쪽 말입니까?	1406.SND
1406.SBE	16	1086	1195	Surely a man of your perception must realise that Europe is on the brink of war.	당신처럼 눈치 빠른 분이라면 유럽이 전쟁 직전이라는 걸 아실 텐데요.	1406.SND
1406.SBE	17	1195	1286	Britain and America have certain... common interests.	영국과 미국은 몇 가지... 공통된 이해관계가 있습니다.	1406.SND
1406.SBE	18	1286	1382	An American who knows his way about, cool head in a tight spot,	사정에 밝고 위기에서 침착한 미국인이라면,	1406.SND
1406.SBE	19	1382	1443	frankly we could use a fellow like you.	솔직히 당신 같은 인물이 필요합니다.	1406.SND
1406.SBE	20	1443	1510	Your English police seem to have a different opinion.	영국 경찰 생각은 다른 모양이던데요.	1406.SND
1406.SBE	21	1510	1592	Oh yes, that awkward business with that Irish policeman.	아, 그 아일랜드 경찰 건 말이군요. 좀 껄끄러운 사건이었죠.	1406.SND
1406.SBE	22	1592	1641	As a matter of fact I've looked into that,	실은 제가 그 건을 들여다봤습니다만,	1406.SND
1406.SBE	23	1641	1725	you know you really shouldn't have helped that fellow, even if he was wounded.	그자가 다쳤더라도, 그자를 도운 건 분명 좋지 않았죠.	1406.SND
1406.SBE	24	1725	1817	Our police tend to take it rather to heart when a policeman is killed.	우리 경찰은 동료 경찰이 죽는 일에 특히 예민하거든요.	1406.SND
1406.SBE	25	1817	1898	But in this case I think there may have been a bit of a misunderstanding,	하지만 이번 건은 약간의 오해가 있었던 것 같기도 합니다.	1406.SND
1406.SBE	26	1898	1967	guilt by association, if you see what I mean.	무슨 말인지 아시겠지만, 연루됐다는 이유만으로 죄를 뒤집어쓴 셈이지요.	1406.SND
1406.SBE	27	1967	2041	Fact is you're a doctor, hippocratic oath and all that.	사실 당신은 의사고, 히포크라테스 선서니 뭐니 하는 게 있잖습니까.	1406.SND
1406.SBE	28	2041	2157	I think we can clear this business up fairly easily, assuming we want to.	우리가 마음만 먹는다면, 이 일은 꽤 쉽게 정리할 수 있다고 봅니다.	1406.SND
1406.SBE	29	2157	2208	You mean assuming you want to.	그러니까 당신이 마음만 먹으면 된다는 말이군요.	1406.SND
1406.SBE	30	2208	2305	This isn't the first time you've come to our attention, Mr Cath.	미스터 캐스, 당신이 우리 눈에 띈 게 이번이 처음은 아닙니다.	1406.SND
1406.SBE	31	2340	2407	We never have known quite what to make of you.	우린 당신을 어떻게 봐야 할지 늘 확신이 없었습니다.	1406.SND
1406.SBE	32	2407	2475	Some of us were of the opinion that you were rather a loose cannon	우리 중 일부는 당신을 통제 안 되는 위험한 인물로 보기도 했죠.	1406.SND
1406.SBE	33	2475	2565	like your friend Mr Whitney, unfortunate what happened to him.	당신 친구 미스터 휘트니처럼, 그에게도 불행한 일이 있었죠.	1406.SND
1406.SBE	34	2565	2627	Me, I've always felt that when push came to shove	난 늘, 막판에 가면	1406.SND
1406.SBE	35	2627	2700	you'd turn out to be one of our sort, what do you think?	당신도 우리 쪽 사람이 될 거라고 생각했는데, 어떻게 생각합니까?	1406.SND
1406.SBE	36	2710	2790	I'm sorry Abbot, I've never been much of a joiner.	미안해요, 애벗. 난 어디 소속되는 체질이 아니오.	1406.SND
1406.SBE	37	2790	2849	Just remember the offer is open.	그 제안은 아직 유효하다는 것만 기억해두시오.	1406.SND
1406.SBE	38	2849	2916	The world is changing and one does need to choose sides.	세상은 변하고 있고, 결국 어느 편에 설지는 정해야 합니다.	1406.SND
1406.SBE	39	2916	3021	And sometimes things change so fast that it's hard to tell one side from the other.	그리고 때로는 상황이 너무 빨리 바뀌어 어느 쪽이 어느 쪽인지 구분하기조차 어렵죠.	1406.SND
1406.SBE	40	3037	3063	But as I hate to say it,	하지만 유감스럽게도,	1406.SND
1406.SBE	41	3063	3177	sometimes these situations do come down to a "for us or against us" sort of problem,	가끔은 결국 '우리 편이냐 적이냐' 문제로 귀결되기도 하오.	1406.SND
1406.SBE	42	3177	3207	if you see what I mean.	무슨 말인지 아시겠죠.	1406.SND
1406.SBE	43	3220	3282	I'll remember that. Excuse me.	명심하죠. 실례하겠습니다.	1406.SND
1501.SBE	0	1	45	Excuse me, monsieur.	실례합니다, 무슈.	1501.SND
1501.SBE	1	46	90	But this is the last sleeping car.	여긴 마지막 침대차입니다.	1501.SND
1501.SBE	2	91	180	If you are looking for the dining car, it is two cars forward.	식당차를 찾으시면 두 칸 앞입니다.	1501.SND
1501.SBE	3	181	255	I thought I just take a walk to the end of the train.	그냥 열차 끝까지 좀 걸어보려던 겁니다.	1501.SND
1501.SBE	4	256	315	There is another car after this one, isn't it?	이 객차 뒤에도 한 칸 더 있지 않나요?	1501.SND
1501.SBE	5	316	360	Yes, but it is a private car.	네, 하지만 개인 객차입니다.	1501.SND
1501.SBE	6	375	450	I'm very sorry, monsieur.	정말 죄송합니다, 무슈.	1501.SND
1501A.SBE	0	1	45	Excuse me, monsieur.	실례합니다, 무슈.	1501A.SND
1501A.SBE	1	46	90	But this is the last sleeping car.	여긴 마지막 침대차입니다.	1501A.SND
1501A.SBE	2	91	180	If you are looking for the dining car, it is two cars forward.	식당차를 찾으시면 두 칸 앞입니다.	1501A.SND
1501A.SBE	3	181	255	I thought I just take a walk to the end of the train.	그냥 열차 끝까지 좀 걸어보려던 겁니다.	1501A.SND
1501A.SBE	4	256	315	There is another car after this one, isn't it?	이 객차 뒤에도 한 칸 더 있지 않나요?	1501A.SND
1501A.SBE	5	316	360	Yes, but it is a private car.	네, 하지만 개인 객차입니다.	1501A.SND
1501A.SBE	6	375	450	I'm very sorry, monsieur.	정말 죄송합니다, 무슈.	1501A.SND
1502.SBE	0	16	81	Monsieur Whitney, excuse me.	무슈 휘트니, 실례합니다.	1502.SND
1502.SBE	1	82	184	His excellency wishes to receive you in his private car.	각하께서 개인 객차에서 당신을 뵙길 원하십니다.	1502.SND
1502.SBE	2	185	237	His excellency?	각하라고요?	1502.SND
1502.SBE	3	238	307	Yes, monsieur. He's waiting for you.	예, 무슈. 당신을 기다리고 계십니다.	1502.SND
1502A.SBE	0	16	81	Monsieur Whitney, excuse me.	무슈 휘트니, 실례합니다.	1502A.SND
1502A.SBE	1	82	184	His excellency wishes to receive you in his private car.	각하께서 개인 객차에서 당신을 뵙길 원하십니다.	1502A.SND
1502A.SBE	2	185	237	His excellency?	각하라고요?	1502A.SND
1502A.SBE	3	238	307	Yes, monsieur. He's waiting for you.	예, 무슈. 당신을 기다리고 계십니다.	1502A.SND
1502D.SBE	0	16	81	Monsieur Whitney, excuse me.	무슈 휘트니, 실례합니다.	1502D.SND
1502D.SBE	1	82	184	His excellency wishes to receive you in his private car.	각하께서 개인 객차에서 당신을 뵙길 원하십니다.	1502D.SND
1502D.SBE	2	185	237	His excellency?	각하라고요?	1502D.SND
1502D.SBE	3	238	307	Yes, monsieur. He's waiting for you.	예, 무슈. 당신을 기다리고 계십니다.	1502D.SND
1503.SBE	0	1	334	Excuse me, monsieur. What's that on your jacket?	실례합니다, 무슈. 재킷에 그건 뭡니까?	1503.SND
1504.SBE	0	1	105	My god, what happened to you?	세상에, 무슨 일입니까?	1504.SND
1504.SBE	1	106	135	Excuse me?	네?	1504.SND
1504.SBE	2	136	195	You are covered with blood.	피가 온몸에 묻어 있잖아요.	1504.SND
1505.SBE	0	30	60	My god!	세상에!	1505.SND
1505A.SBE	0	30	60	My god!	세상에!	1505A.SND
1506.SBE	0	25	54	Just a minute.	잠깐만요.	1506.SND
1506.SBE	1	55	91	Yes, monsieur?	예, 무슈?	1506.SND
1506.SBE	2	92	146	Don't bother making up the bed.	침대 정리는 하지 마세요.	1506.SND
1506.SBE	3	147	218	I'll find it easier to sleep if you just leave it as it is.	그냥 이대로 두는 편이 제가 잠들기 더 편합니다.	1506.SND
1506.SBE	4	219	326	Monsieur would be surprised how comfortable our beds are.	무슈도 저희 침대가 얼마나 편한지 놀라실 겁니다.	1506.SND
1506.SBE	5	327	401	Many people who said they never sleep on trains find that...	기차에서는 절대 잠 못 잔다던 분들도 막상 자보면...	1506.SND
1506.SBE	6	402	431	I told you to leave it!	그대로 두라고 했잖아!	1506.SND
1506.SBE	7	450	522	Of course, monsieur, it's as you wish.	물론입니다, 무슈. 원하시는 대로 하겠습니다.	1506.SND
1506.SBE	8	523	570	Have a pleasant night, monsieur.	편안한 밤 되십시오, 무슈.	1506.SND
1508.SBE	0	24	74	Excuse me, sir. Could we see your passport?	실례합니다, 선생. 여권을 보여주시겠습니까?	1508.SND
1508.SBE	1	75	105	What's the trouble?	무슨 일입니까?	1508.SND
1508.SBE	2	106	135	You American?	미국인인가?	1508.SND
1508.SBE	3	136	180	I am. What about it?	맞소. 그게 왜?	1508.SND
1508.SBE	4	184	225	He fits the description.	인상착의와 일치합니다.	1508.SND
1508.SBE	5	226	300	Monsieur, in the name of the law I must ask you to come with us.	무슈, 법에 따라 저희와 함께 가주셔야겠습니다.	1508.SND
1509.SBE	0	60	120	Monsieur, can I help you?	무슈, 도와드릴까요?	1509.SND
1509.SBE	1	121	195	Yes, I want to get something out of my suitcase.	예, 제 여행가방에서 물건 좀 꺼내고 싶습니다.	1509.SND
1509.SBE	2	196	270	The baggage car is off limits to passengers.	수하물차는 승객 출입 금지입니다.	1509.SND
1509.SBE	3	271	375	Suitcases cannot be opened during the journey.	여행 중에는 여행가방을 열 수 없습니다.	1509.SND
1509.SBE	4	376	420	Not even by you?	당신도 못 연다는 겁니까?	1509.SND
1509.SBE	5	421	495	The baggage compartment is sealed, monsieur.	수하물칸은 봉인되어 있습니다, 무슈.	1509.SND
1509.SBE	6	496	570	In this way passengers on the Orient Express	이 제도 덕분에 오리엔트 특급 승객들은	1509.SND
1509.SBE	7	571	660	are sped the inconvenience of customs checks.	번거로운 세관 검사를 피할 수 있습니다.	1509.SND
1509.SBE	8	661	780	Now, I really must invite you to return to the passenger car.	이제 승객 객차로 돌아가 주셔야겠습니다.	1509.SND
1509A.SBE	0	60	120	Monsieur, can I help you?	무슈, 도와드릴까요?	1509A.SND
1509A.SBE	1	121	195	Yes, I want to get something out of my suitcase.	예, 제 여행가방에서 물건 좀 꺼내고 싶습니다.	1509A.SND
1509A.SBE	2	196	270	The baggage car is off limits to passengers.	수하물차는 승객 출입 금지입니다.	1509A.SND
1509A.SBE	3	271	375	Suitcases cannot be opened during the journey.	여행 중에는 여행가방을 열 수 없습니다.	1509A.SND
1509A.SBE	4	376	420	Not even by you?	당신도 못 연다는 겁니까?	1509A.SND
1509A.SBE	5	421	495	The baggage compartment is sealed, monsieur.	수하물칸은 봉인되어 있습니다, 무슈.	1509A.SND
1509A.SBE	6	496	570	In this way passengers on the Orient Express	이 제도 덕분에 오리엔트 특급 승객들은	1509A.SND
1509A.SBE	7	571	660	are sped the inconvenience of customs checks.	번거로운 세관 검사를 피할 수 있습니다.	1509A.SND
1509A.SBE	8	661	780	Now, I really must invite you to return to the passenger car.	이제 승객 객차로 돌아가 주셔야겠습니다.	1509A.SND
1509AN.SBE	0	60	120	Monsieur, can I help you?	무슈, 도와드릴까요?	1509AN.SND
1509AN.SBE	1	121	195	Yes, I want to get something out of my suitcase.	예, 제 여행가방에서 물건 좀 꺼내고 싶습니다.	1509AN.SND
1509AN.SBE	2	196	270	The baggage car is off limits to passengers.	수하물차는 승객 출입 금지입니다.	1509AN.SND
1509AN.SBE	3	271	375	Suitcases cannot be opened during the journey.	여행 중에는 여행가방을 열 수 없습니다.	1509AN.SND
1509AN.SBE	4	376	420	Not even by you?	당신도 못 연다는 겁니까?	1509AN.SND
1509AN.SBE	5	421	495	The baggage compartment is sealed, monsieur.	수하물칸은 봉인되어 있습니다, 무슈.	1509AN.SND
1509AN.SBE	6	496	570	In this way passengers on the Orient Express	이 제도 덕분에 오리엔트 특급 승객들은	1509AN.SND
1509AN.SBE	7	571	660	are sped the inconvenience of customs checks.	번거로운 세관 검사를 피할 수 있습니다.	1509AN.SND
1509AN.SBE	8	661	780	Now, I really must invite you to return to the passenger car.	이제 승객 객차로 돌아가 주셔야겠습니다.	1509AN.SND
1509AS.SBE	0	63	114	Monsieur, can I help you?	무슈, 도와드릴까요?	1509AS.SND
1509BN.SBE	0	63	114	Monsieur, can I help you?	무슈, 도와드릴까요?	1509BN.SND
1509N.SBE	0	60	120	Monsieur, can I help you?	무슈, 도와드릴까요?	1509N.SND
1509N.SBE	1	121	195	Yes, I want to get something out of my suitcase.	예, 제 여행가방에서 물건 좀 꺼내고 싶습니다.	1509N.SND
1509N.SBE	2	196	270	The baggage car is off limits to passengers.	수하물차는 승객 출입 금지입니다.	1509N.SND
1509N.SBE	3	271	375	Suitcases cannot be opened during the journey.	여행 중에는 여행가방을 열 수 없습니다.	1509N.SND
1509N.SBE	4	376	420	Not even by you?	당신도 못 연다는 겁니까?	1509N.SND
1509N.SBE	5	421	495	The baggage compartment is sealed, monsieur.	수하물칸은 봉인되어 있습니다, 무슈.	1509N.SND
1509N.SBE	6	496	570	In this way passengers on the Orient Express	이 제도 덕분에 오리엔트 특급 승객들은	1509N.SND
1509N.SBE	7	571	660	are sped the inconvenience of customs checks.	번거로운 세관 검사를 피할 수 있습니다.	1509N.SND
1509N.SBE	8	661	780	Now, I really must invite you to return to the passenger car.	이제 승객 객차로 돌아가 주셔야겠습니다.	1509N.SND
1509S.SBE	0	63	114	Monsieur, can I help you?	무슈, 도와드릴까요?	1509S.SND
1509SN.SBE	0	63	114	Monsieur, can I help you?	무슈, 도와드릴까요?	1509SN.SND
1511.SBE	0	1	90	Excuse me. Can you tell me which compartment is Tyler Whitney's?	실례합니다. 타일러 휘트니 객실이 몇 번인지 알려주시겠습니까?	1511.SND
1511.SBE	1	91	240	Oh, monsieur Whitney, excuse me. Your compartment is number 1.	아, 무슈 휘트니, 실례했습니다. 당신 객실은 1번입니다.	1511.SND
1511A.SBE	0	1	90	Excuse me. Can you tell me which compartment is Tyler Whitney's?	실례합니다. 타일러 휘트니 객실이 몇 번인지 알려주시겠습니까?	1511A.SND
1511A.SBE	1	91	240	Oh, monsieur Whitney, excuse me. Your compartment is number 1.	아, 무슈 휘트니, 실례했습니다. 당신 객실은 1번입니다.	1511A.SND
1511B.SBE	0	1	45	Yes, monsieur?	예, 무슈?	1511B.SND
1511B.SBE	1	46	120	Sorry. I must have pushed the button by accident.	죄송합니다. 실수로 호출 버튼을 눌렀나 봅니다.	1511B.SND
1511B.SBE	2	121	150	Very good, monsieur.	알겠습니다, 무슈.	1511B.SND
1511BA.SBE	0	1	45	Yes, monsieur?	예, 무슈?	1511BA.SND
1511BA.SBE	1	46	120	Sorry. I must have pushed the button by accident.	죄송합니다. 실수로 호출 버튼을 눌렀나 봅니다.	1511BA.SND
1511BA.SBE	2	121	150	Very good, monsieur.	알겠습니다, 무슈.	1511BA.SND
1511C.SBE	0	1	45	Excuse me, are you looking for me?	실례합니다, 저를 찾으셨습니까?	1511C.SND
1511C.SBE	1	46	150	Ah, monsieur Whitney, excuse me. I did not recognize you.	아, 무슈 휘트니, 실례합니다. 못 알아봤습니다.	1511C.SND
1511C.SBE	2	151	240	Herr Schmidt is waiting for you in the restaurant car.	헤어 슈미트가 식당차에서 기다리고 있습니다.	1511C.SND
1511D.SBE	0	1	287	Monsieur Whitney, herr Schmidt is waiting for you in the restaurant car.	무슈 휘트니, 헤어 슈미트가 식당차에서 기다리고 있습니다.	1511D.SND
1511E.SBE	0	1	100	Excuse me, can you tell me which compartment is Tyler Whitney's?	실례합니다. 타일러 휘트니 객실이 어디인지 알려주시겠습니까?	1511E.SND
1511E.SBE	1	105	240	The American gentleman is in the first sleeping car.	그 미국 신사라면 첫 번째 침대차에 있습니다.	1511E.SND
1512.SBE	0	1	30	Ah, monsieur Whitney.	아, 무슈 휘트니.	1512.SND
1512.SBE	1	31	150	Prince Kronos wishes to invite you to a concert in his private car.	크로노스 공께서 개인 객차에서 열리는 연주회에 당신을 초대하고 싶어 하십니다.	1512.SND
1512.SBE	2	151	210	Madame Wolff will play the violin.	마담 볼프가 바이올린을 연주할 겁니다.	1512.SND
1512.SBE	3	211	240	And he wants me to be there?	거기에 제가 와 있길 원한다고요?	1512.SND
1512.SBE	4	241	300	Yes, monsieur. 3 o'clock.	예, 무슈. 세 시입니다.	1512.SND
1512.SBE	5	301	360	His excellency was most eager that you should attend.	각하께서 꼭 참석하시길 강하게 바라셨습니다.	1512.SND
1513.SBE	0	1	30	Just a minute.	잠깐만요.	1513.SND
1513.SBE	1	31	90	How did you get in there?	거긴 어떻게 들어간 거요?	1513.SND
1513.SBE	2	91	180	Shhh. Monsieur Obolensky is asleep. He mustn't be disturbed.	쉿. 무슈 오볼렌스키는 주무시는 중입니다. 방해받아선 안 됩니다.	1513.SND
1513.SBE	3	181	225	Yes, monsieur.	네, 선생님.	1513.SND
1518.SBE	0	82	141	Sorry. Wrong door.	죄송합니다. 문을 잘못 열었습니다.	1518.SND
1518A.SBE	0	82	141	Sorry. Wrong door.	죄송합니다. 문을 잘못 열었습니다.	1518A.SND
1518B.SBE	0	82	141	Sorry. Wrong door.	죄송합니다. 문을 잘못 열었습니다.	1518B.SND
1591.SBE	0	1	291	Excuse me, monsieur. May I escort you back to the dining car?	실례합니다, 무슈. 식당차로 다시 모셔다드릴까요?	1591.SND
1592.SBE	0	1	291	Monsieur, the baggage car is off limits. Please, return to the dining car.	무슈, 수하물차는 출입 금지입니다. 식당차로 돌아가 주십시오.	1592.SND
1593.SBE	0	1	193	Monsieur, can I help you?	무슈, 도와드릴까요?	1593.SND
1594.SBE	0	1	214	Monsieur, what are you doing here?	무슈, 여기서 무엇 하십니까?	1594.SND
1601.SBE	0	435	530	Paris July 24, 1914	파리, 1914년 7월 24일	1601.SND
1601.SBE	1	1470	1560	Ladies and gentlemen, your attention please.	신사 숙녀 여러분, 주목해 주십시오.	1601.SND
1601.SBE	2	1561	1600	The Orient Express is now leaving for	오리엔트 특급열차가 지금 출발합니다.	1601.SND
1601.SBE	3	1601	1770	Strasbourg, Munich, Vienna, Budapest, Belgrade, Sofia and Constantinople.	스트라스부르, 뮌헨, 비엔나, 부다페스트, 베오그라드, 소피아, 콘스탄티노플행입니다.	1601.SND
1601.SBE	4	1771	1830	All passengers should be onboard.	모든 승객께서는 탑승해 주십시오.	1601.SND
1603.SBE	0	284	360	Why don't you make it sing?	한번 노래하게 해보지 그래?	1603.SND
1603.SBE	1	450	550	Strasbourg 3:38 am	스트라스부르, 오전 3시 38분	1603.SND
1610.SBE	0	60	120	My god!	세상에!	1610.SND
1611.SBE	0	135	237	All these trunks must be taken out at once.	이 트렁크들은 전부 당장 내려야 해요.	1611.SND
1611.SBE	1	358	507	Be careful! These trunks are very fragile!	조심하세요! 이 트렁크는 매우 깨지기 쉬워요!	1611.SND
1611.SBE	2	612	744	Don't forget the ones in back! These three, and that one too.	뒤쪽 것도 잊지 마요! 이 세 개랑 저것도요.	1611.SND
1612.SBE	0	330	450	Please, accept this rather heavy briefcase as a token of my gratitude.	부디 이 꽤 무거운 서류가방을 감사의 표시로 받아주십시오.	1612.SND
1612.SBE	1	451	600	It's been a pleasure doing business with you, mister Whitney.	거래하게 되어 즐거웠습니다, 미스터 휘트니.	1612.SND
1615.SBE	0	56	182	Flowers! A flower for you, my lady? Flowers!	꽃이요! 아가씨, 꽃 한 송이 어떠세요? 꽃이요!	1615.SND
1615.SBE	1	244	265	Good day.	좋은 하루 되세요.	1615.SND
1615.SBE	2	299	341	One yellow rose, please.	노란 장미 한 송이 주세요.	1615.SND
1615.SBE	3	351	442	A beautiful yellow rose for you, my lady.	아가씨를 위한 아름다운 노란 장미입니다.	1615.SND
1615.SBE	4	809	908	Extra! Extra! Get your afternoon paper!	속보! 속보! 오후 신문 나왔습니다!	1615.SND
1615.SBE	5	917	1048	Serbia answers Austria! Read all about it!	세르비아가 오스트리아에 회답! 자세한 소식 읽어보세요!	1615.SND
1702.SBE	0	25	72	Wait a second...	잠깐!	1702.SND
1702.SBE	1	79	134	What have you got there?	거기 뭐 들고 있니?	1702.SND
1702.SBE	2	180	272	I found it, it's MINE!	내가 찾았어, 내 거야!	1702.SND
1702DD.SBE	0	25	72	Wait a second...	잠깐!	1702DD.SND
1702DD.SBE	1	79	134	What have you got there?	거기 뭐 들고 있니?	1702DD.SND
1702DD.SBE	2	180	272	I found it, it's MINE!	내가 찾았어, 내 거야!	1702DD.SND
1702ND.SBE	0	25	72	Wait a second...	잠깐!	1702ND.SND
1702ND.SBE	1	79	134	What have you got there?	거기 뭐 들고 있니?	1702ND.SND
1702ND.SBE	2	180	272	I found it, it's MINE!	내가 찾았어, 내 거야!	1702ND.SND
1702NU.SBE	0	25	72	Wait a second...	잠깐!	1702NU.SND
1702NU.SBE	1	79	134	What have you got there?	거기 뭐 들고 있니?	1702NU.SND
1702NU.SBE	2	180	272	I found it, it's MINE!	내가 찾았어, 내 거야!	1702NU.SND
1704.SBE	0	29	82	Hey, kid.	이봐, 꼬마.	1704.SND
1704.SBE	1	88	175	Look at this.	이것 좀 봐.	1704.SND
1704.SBE	2	230	295	Will you give it to me?	그거 나한테 줄래?	1704.SND
1704.SBE	3	300	450	No. I found it. It's mine.	싫어. 내가 찾았어. 내 거야.	1704.SND
1704D.SBE	0	29	82	Hey, kid.	이봐, 꼬마.	1704D.SND
1704D.SBE	1	88	175	Look at this.	이것 좀 봐.	1704D.SND
1704D.SBE	2	230	295	Will you give it to me?	그거 나한테 줄래?	1704D.SND
1704D.SBE	3	300	450	No. I found it. It's mine.	싫어. 내가 찾았어. 내 거야.	1704D.SND
1705.SBE	0	64	106	Let's trade.	교환하자.	1705.SND
1705.SBE	1	111	170	Okay. If you want.	좋아. 네가 원하면.	1705.SND
1705.SBE	2	196	276	It's sleeping now. It can't walk any more.	지금 자고 있어. 이제 더는 못 걸어.	1705.SND
1705D.SBE	0	64	106	Let's trade.	교환하자.	1705D.SND
1705D.SBE	1	111	170	Okay. If you want.	좋아. 네가 원하면.	1705D.SND
1705D.SBE	2	196	276	It's sleeping now. It can't walk any more.	지금 자고 있어. 이제 더는 못 걸어.	1705D.SND
1706.SBE	0	40	88	Hey, kid.	이봐, 꼬마.	1706.SND
1706.SBE	1	92	158	Look at this.	이것 좀 봐.	1706.SND
1706DD.SBE	0	40	88	Hey, kid.	이봐, 꼬마.	1706DD.SND
1706DD.SBE	1	92	158	Look at this.	이것 좀 봐.	1706DD.SND
1706ND.SBE	0	40	88	Hey, kid.	이봐, 꼬마.	1706ND.SND
1706ND.SBE	1	92	158	Look at this.	이것 좀 봐.	1706ND.SND
1706NU.SBE	0	40	88	Hey, kid.	이봐, 꼬마.	1706NU.SND
1706NU.SBE	1	92	158	Look at this.	이것 좀 봐.	1706NU.SND
1901.SBE	0	105	135	Thank you.	고마워요.	1901.SND
1901.SBE	1	136	225	And now, if you would be so kind as to open it.	그리고 이제, 친절히 그걸 열어주시겠습니까.	1901.SND
1902.SBE	0	147	237	Oh, how beautiful you are.	아, 정말 아름답구나.	1902.SND
1902.SBE	1	411	447	What's that sound?	무슨 소리지?	1902.SND
1902.SBE	2	465	544	Look out the window. It's growing dark.	창밖을 보세요. 점점 어두워지고 있어요.	1902.SND
1902.SBE	3	544	589	But what is it?	그게 대체 뭐죠?	1902.SND
1902.SBE	4	589	618	Don't you know?	모르시나요?	1902.SND
1902.SBE	5	651	736	It is the beating of it's living heart.	그건 살아 있는 심장이 뛰는 소리예요.	1902.SND
1902.SBE	6	786	849	Now. Make it sing.	자, 이제 노래하게 하세요.	1902.SND
1902.SBE	7	931	1011	Play the Tsardas. Play it!	차르다스를 연주하세요. 어서!	1902.SND
1902.SBE	8	2474	2506	Sunset.	해가 진다.	1902.SND
1902.SBE	9	2553	2614	That's enough. Close the egg now, please.	이제 됐어요. 알을 닫아주세요.	1902.SND
1902.SBE	10	2659	2688	Close it!	닫아!	1902.SND
1903.SBE	0	327	387	No!	안 돼!	1903.SND
1903.SBE	1	826	850	Tyler...	타일러...	1903.SND
1903.SBE	2	1546	1570	Jump!	뛰어!	1903.SND
1903.SBE	3	2171	2195	Tatiana.	타티아나.	1903.SND
1903.SBE	4	2727	2847	They mustn't get the guns. There must be no more war.	그들이 총을 가져가게 두면 안 돼요. 더는 전쟁이 있어선 안 돼요.	1903.SND
1903.SBE	5	3613	3723	Let's go. Take me away from here, now, please.	가요. 지금 당장 절 여기서 데려가 주세요.	1903.SND
1903.SBE	6	3966	4015	What are they saying? What's happening?	저 사람들이 뭐라고 해요? 무슨 일이죠?	1903.SND
1903.SBE	7	4015	4048	It's war!	전쟁이야!	1903.SND
1903.SBE	8	4504	4560	I know a skipper who can take us to Gallipoli,	우릴 갈리폴리까지 데려다줄 선장을 알아요,	1903.SND
1903.SBE	9	4560	4620	we can get a boat there to Jerusalem.	거기서 예루살렘행 배를 탈 수 있어요.	1903.SND
1903.SBE	10	4897	4945	Don't look at me like that.	그런 눈으로 보지 말아요.	1903.SND
1903.SBE	11	5039	5091	This war won't last longer than a month.	이 전쟁은 한 달도 못 갈 거예요.	1903.SND
1903.SBE	12	5091	5174	I'll come to Constantinople as soon as it's over.	끝나는 대로 콘스탄티노플로 갈게요.	1903.SND
1903.SBE	13	5174	5263	I'll take the first Orient Express that runs after the war.	전쟁이 끝난 뒤 첫 오리엔트 특급을 타고 갈게요.	1903.SND
1903.SBE	14	5298	5403	If I don't see you, I hope you find what you're looking for.	다시 못 보게 되더라도, 당신이 찾는 걸 찾길 바라요.	1903.SND
1903.SBE	15	5599	5642	Take care of Max for me.	맥스를 부탁해요.	1903.SND
1904.SBE	0	70	100	Keep shovelling!	계속 삽질해!	1904.SND
1904.SBE	1	207	247	What are you doing?	뭐 하는 거야?	1904.SND
1904.SBE	2	247	327	Have you lost your mind? Stop the train!	미쳤어? 열차를 세워!	1904.SND
1904.SBE	3	327	381	As I was telling my friend before you shot him,	당신이 내 친구를 쏘기 전에 내가 말했듯이,	1904.SND
1904.SBE	4	381	475	I've got a ticket for Constantinople in my pocket and I intend to use it.	내 주머니엔 콘스탄티노플행 표가 있고, 난 그걸 쓸 생각이야.	1904.SND
1904.SBE	5	475	568	Constantinople? You won't make it out of Belgrade.	콘스탄티노플? 베오그라드도 못 벗어날 거야.	1904.SND
1904.SBE	6	568	640	I wasn't planning to stop in Belgrade.	난 베오그라드에 설 생각 없어.	1904.SND
1904.SBE	7	698	762	We're still within the Austrian Empire.	우린 아직 오스트리아 제국 영토 안이오.	1904.SND
1904.SBE	8	762	867	In the name of the Emperor, I order you to stop the train.	황제의 이름으로 명령한다. 열차를 멈춰!	1904.SND
1904.SBE	9	888	939	Do you think I won't shoot you?	내가 못 쏠 것 같소?	1904.SND
1904.SBE	10	939	969	Go ahead.	해보시오.	1904.SND
1904.SBE	11	1161	1230	Now you've done it. Damn you.	결국 이렇게 만드는군. 제기랄.	1904.SND
1904.SBE	12	1631	1670	Give me that shovel.	그 삽 이리 줘.	1904.SND
1904.SBE	13	1958	2040	Everything under control I see, well done.	보아하니 잘 통제되고 있군. 잘했소.	1904.SND
1904.SBE	14	2040	2143	Pity you couldn't have stopped the train before we hit the border crossing,	국경 검문소에 닿기 전에 멈췄으면 좋았을 텐데,	1904.SND
1904.SBE	15	2143	2189	but we can't have everything.	세상 일이 다 뜻대로 되진 않는 법이니.	1904.SND
1904.SBE	16	2289	2362	That's a Serbian army train.	세르비아군 열차입니다.	1904.SND
1904.SBE	17	2362	2515	By the look of it I'd say it was General Jorgovic. He appears to be following us.	저 열차는 조르고비치 장군 열차 같군. 우리를 따라오는 모양이오.	1904.SND
1904.SBE	18	2515	2564	That train's on a different track.	저 열차는 선로가 달라요.	1904.SND
1904.SBE	19	2564	2589	Is it?	그렇습니까?	1904.SND
1904.SBE	20	2603	2642	I believe you're right.	당신 말이 맞군.	1904.SND
1904.SBE	21	2653	2713	What on earth does he think he's doing?	도대체 저 사람이 뭘 하려는 거지?	1904.SND
1904.SBE	22	2938	3016	He says they've switched us on to the old track.	저쪽 말로는 우리 선로를 구선로로 바꿨다는군요.	1904.SND
1904.SBE	23	3105	3159	He says we have to stop!	당장 멈춰야 한답니다!	1904.SND
1904.SBE	24	3159	3240	The bridge is old. It won't take our weight!	다리가 낡아서 이 무게를 못 견딘답니다!	1904.SND
1904.SBE	25	3324	3354	It'll have to.	견뎌야지.	1904.SND
1908A.SBE	0	43	132	I say, you've had rather a hard morning, haven't you?	아이고, 아주 고된 아침을 보내셨겠군요?	1908A.SND
1908A.SBE	1	132	218	Why don't you go down and take a bit of a rest?	아래로 가서 좀 쉬는 게 어떻습니까?	1908A.SND
1908A.SBE	2	218	312	I think we can keep it going ourselves, don't you?	여긴 우리끼리도 충분히 돌릴 수 있을 것 같은데, 그렇지요?	1908A.SND
1908A.SBE	3	312	369	Da, we run train.	다, 우린 열차를 몰 수 있어.	1908A.SND
1909A.SBE	0	1	75	Excuse me, I think you dropped this.	실례합니다, 이거 떨어뜨리신 것 같네요.	1909A.SND
1909A.SBE	1	135	165	It's not mine.	제 것이 아닙니다.	1909A.SND
1909A.SBE	2	166	270	My mistake. I wonder whose it is.	제가 착각했군요. 그럼 누구 건지...	1909A.SND
1909B.SBE	0	1	75	Excuse me, I think you dropped this.	실례합니다, 이거 떨어뜨리신 것 같네요.	1909B.SND
1909B.SBE	1	105	135	It's not mine.	제 것이 아닙니다.	1909B.SND
1909B.SBE	2	136	240	My mistake. I wonder whose it is.	제가 착각했군요. 그럼 누구 건지...	1909B.SND
1909C.SBE	0	1	75	Excuse me, I think you dropped this.	실례합니다, 이거 떨어뜨리신 것 같네요.	1909C.SND
1909C.SBE	1	105	135	It's not mine.	제 것이 아닙니다.	1909C.SND
1909C.SBE	2	136	240	My mistake. I wonder whose it is.	제가 착각했군요. 그럼 누구 건지...	1909C.SND
1910A.SBE	0	1	60	Excuse me, I think you dropped this.	실례합니다, 이거 떨어뜨리신 것 같네요.	1910A.SND
1910A.SBE	1	75	105	It's not mine.	제 것이 아닙니다.	1910A.SND
1910A.SBE	2	106	150	Isn't that your monogram?	그래도 당신 모노그램 아닌가요?	1910A.SND
1910A.SBE	3	170	285	W for Wolff? No.	볼프의 W요? 아니에요.	1910A.SND
1910A.SBE	4	300	330	My mistake.	제가 착각했군요.	1910A.SND
1910B.SBE	0	1	60	Excuse me, I think you dropped this.	실례합니다, 이거 떨어뜨리신 것 같네요.	1910B.SND
1910B.SBE	1	78	111	It's not mine.	제 것이 아닙니다.	1910B.SND
1910B.SBE	2	112	156	Isn't that your monogram?	그래도 당신 모노그램 아닌가요?	1910B.SND
1910B.SBE	3	184	319	W for Wolff? No.	볼프의 W요? 아니에요.	1910B.SND
1910B.SBE	4	335	369	My mistake.	제가 착각했군요.	1910B.SND
1910C.SBE	0	1	60	Excuse me, I think you dropped this.	실례합니다, 이거 떨어뜨리신 것 같네요.	1910C.SND
1910C.SBE	1	76	110	It's not mine.	제 것이 아닙니다.	1910C.SND
1910C.SBE	2	110	153	Isn't that your monogram?	그래도 당신 모노그램 아닌가요?	1910C.SND
1910C.SBE	3	181	317	W for Wolff? No.	볼프의 W요? 아니에요.	1910C.SND
1910C.SBE	4	333	369	My mistake.	제가 착각했군요.	1910C.SND
1911A.SBE	0	1	313	- Are you sure this isn't your scarf? - Quite sure.	- 이 스카프, 정말 당신 것이 아닌가요? - 확실해요.	1911A.SND
1911B.SBE	0	1	219	- Are you sure that isn't your scarf? - Quite sure.	- 그 스카프, 정말 당신 것이 아닌가요? - 확실해요.	1911B.SND
1911C.SBE	0	1	226	- Are you sure that isn't your scarf? - Quite sure.	- 그 스카프, 정말 당신 것이 아닌가요? - 확실해요.	1911C.SND
1912.SBE	0	1	90	Herr Whitney, soon we will arrive in Munich.	헤어 휘트니, 곧 뮌헨에 도착합니다.	1912.SND
1912.SBE	1	91	180	Are you ready to proceed with our agreement?	우리 합의를 진행할 준비가 됐습니까?	1912.SND
1912.SBE	2	315	390	The answer is "yes", herr Schmidt. Our deal is on.	대답은 '예'요, 헤어 슈미트. 거래는 계속합니다.	1912.SND
1912.SBE	3	630	690	Your attention, please.	승객 여러분, 안내 말씀드립니다.	1912.SND
1912.SBE	4	691	795	Ladies and gentlemen, the Orient Express is now leaving for	신사 숙녀 여러분, 오리엔트 특급열차가 지금	1912.SND
1912.SBE	5	796	930	Vienna, Budapest, Belgrade, Sofia and Constantinople.	비엔나, 부다페스트, 베오그라드, 소피아, 콘스탄티노플로 출발합니다.	1912.SND
1912.SBE	6	931	1000	All passengers should be onboard.	모든 승객께서는 탑승해 주십시오.	1912.SND
1913.SBE	0	81	168	It seems you'll make it to Constantinople after all.	결국 콘스탄티노플까지 가게 되겠네요.	1913.SND
1913.SBE	1	192	261	Congratulations. You've won.	축하해요. 당신이 이겼어요.	1913.SND
1913.SBE	2	319	453	What about finding out who killed Tyler? Or have you forgotten about him?	타일러를 누가 죽였는지 밝히는 건요? 그를 잊은 건 아니죠?	1913.SND
1913.SBE	3	453	549	Maybe it was one of the Serbs. Maybe Mahmud.	세르비아인 중 하나였을 수도 있고, 마흐무드였을 수도 있죠.	1913.SND
1913.SBE	4	583	629	What difference does it make?	그게 무슨 차이가 있죠?	1913.SND
1913.SBE	5	640	671	They're all dead.	어차피 다 죽었어요.	1913.SND
1913.SBE	6	685	748	I can't help Tyler. I can't help anyone.	난 타일러를 도울 수 없어요. 아무도 못 도와요.	1913.SND
1913.SBE	7	762	873	You were right. I never should have gotten mixed up in this.	당신 말이 맞았어요. 애초에 이 일에 엮이면 안 됐어요.	1913.SND
1913.SBE	8	894	927	And neither should you.	당신도 마찬가지고요.	1913.SND
1913.SBE	9	946	1014	At least I'm serving my country.	적어도 난 내 나라를 위해 일하고 있어요.	1913.SND
1913.SBE	10	1014	1045	What country?	무슨 나라요?	1913.SND
1913.SBE	11	1045	1126	You're Jewish, you speak German, you come from Hungary.	당신은 유대인이고, 독일어를 쓰고, 헝가리 출신이잖아요.	1913.SND
1913.SBE	12	1126	1164	What is your country?	당신의 나라는 대체 어디죠?	1913.SND
1913.SBE	13	1164	1245	My father spent his life in the Austrian military.	아버지는 평생 오스트리아 군대에서 복무하셨어요.	1913.SND
1913.SBE	14	1245	1300	My brother was killed in action.	오빠는 전장에서 전사했어요.	1913.SND
1913.SBE	15	1300	1398	I think that gives me the right to consider myself an Austrian.	그 정도면 스스로를 오스트리아인이라 여길 자격은 충분하다고 생각해요.	1913.SND
1913.SBE	16	1398	1479	I hope the Emperor appreciates your sacrifice.	황제가 당신의 희생을 알아주길 바라죠.	1913.SND
1913.SBE	17	1642	1680	What about you?	당신은요?	1913.SND
1913.SBE	18	1695	1812	Once you get to Constantinople, where you will go then?	콘스탄티노플에 도착하면 그다음엔 어디로 갈 건가요?	1913.SND
1913.SBE	19	1851	1980	To Jerusalem. There's a man there who has a manuscript I'd like to get a look at.	예루살렘으로요. 거기에 꼭 봐야 할 원고를 가진 사람이 있어요.	1913.SND
1913.SBE	20	2082	2115	Do you want to come with me?	나와 함께 갈래요?	1913.SND
1913.SBE	21	2205	2277	If I only could.	그럴 수만 있다면요.	1913.SND
1913.SBE	22	2292	2388	Don't you think the Empire can totter along for a while without your help?	당신 도움 없이도 제국은 한동안 굴러가겠죠, 안 그래요?	1913.SND
1913.SBE	23	2460	2514	I mean it. Come to Jerusalem with me.	진심이에요. 나와 함께 예루살렘으로 가요.	1913.SND
1913.SBE	24	2544	2589	I'm thinking about it.	생각해 볼게요.	1913.SND
1913.SBE	25	3921	3981	We should be in Constantinople in an hour.	한 시간이면 콘스탄티노플에 도착할 거예요.	1913.SND
1913.SBE	26	4185	4230	Where did you get this?	이건 어디서 났어요?	1913.SND
1913.SBE	27	4230	4300	I've... had it for long time.	이건... 오래전부터 가지고 있었어요.	1913.SND
1913.SBE	28	4300	4359	I've seen this tower before.	이 탑, 전에 본 적 있어요.	1913.SND
1913.SBE	29	4359	4374	Where?	어디서요?	1913.SND
1913.SBE	30	4386	4458	If I think for a minute, I'll remember.	잠깐 생각해보면 기억날 거예요.	1913.SND
1913.SBE	31	4485	4539	It's just a design on a ring.	그냥 반지에 새긴 문양일 뿐이에요.	1913.SND
1913.SBE	32	4571	4640	Only an American would say that.	그렇게 말하는 건 미국인뿐이죠.	1913.SND
1913.SBE	33	4640	4689	It's a family crest.	가문 문장이에요.	1913.SND
1913.SBE	34	4689	4795	The tower, the hand. Every part of it has a meaning.	탑도, 손도, 전부 의미가 있어요.	1913.SND
1913.SBE	35	4795	4856	Maybe they mean he bought it at a flea market.	혹시 벼룩시장에서 샀다는 뜻일지도 모르죠.	1913.SND
1913.SBE	36	4965	5068	Don't go away. When I come back, I'll tell you where I saw that tower.	가지 말아요. 돌아오면 그 탑을 어디서 봤는지 말해줄게요.	1913.SND
1913.SBE	37	5068	5097	Where you going?	어디 가는 거예요?	1913.SND
1913.SBE	38	5097	5124	Out!	밖으로요!	1913.SND
1919.SBE	0	270	360	Why don't you make it sing?	한번 노래하게 해보지 그래?	1919.SND
8010.SBE	0	150	174	Tyler!..	타일러!..	8010.SND
ABB3001.SBE	0	1	24	Yes, who is it?	네, 누구죠?	ABB3001.SND
ABB3002.SBE	0	1	25	Excuse me, sir.	실례합니다, 선생님.	ABB3002.SND
ABB3002A.SBE	0	1	26	Pardon me, sir.	실례합니다, 선생님.	ABB3002A.SND
ABB3002B.SBE	0	1	24	Excuse me?	네?	ABB3002B.SND
ABB3002C.SBE	0	1	33	Excuse me, madame.	실례합니다, 마담.	ABB3002C.SND
ABB3010.SBE	0	0	117	Oh, excuse me. We seem to be sharing a compartment.	아, 실례합니다. 우리 같은 객실을 쓰게 된 모양이군요.	ABB3010.SND
ABB3010.SBE	1	117	162	No no, please don't get up.	아니, 아니, 일어나지 마십시오.	ABB3010.SND
ABB3010.SBE	2	175	269	I'll just sit here and read the paper. Don't mind me at all.	저는 그냥 여기 앉아 신문이나 읽을 테니 신경 쓰지 마세요.	ABB3010.SND
ABB3010.SBE	3	308	369	It appears the train's quite full.	열차가 꽤 만원인 모양이군요.	ABB3010.SND
ABB3010.SBE	4	369	457	Awful nuisance when you think you've got a compartment to yourself and then	객실을 혼자 쓰는 줄 알았는데	ABB3010.SND
ABB3010.SBE	5	457	538	they stick a complete stranger in with you at the last minute.	막판에 낯선 사람을 들여보내면 정말 성가시죠.	ABB3010.SND
ABB3010.SBE	6	555	606	Happened to me any number of times.	저도 그런 일을 여러 번 겪었습니다.	ABB3010.SND
ABB3010.SBE	7	621	660	George Abbot	조지 애벗입니다.	ABB3010.SND
ABB3010.SBE	8	660	702	Claude Boutarel	클로드 부타렐입니다.	ABB3010.SND
ABB3010.SBE	9	702	751	French then, are you?	프랑스 분이시군요?	ABB3010.SND
ABB3010.SBE	10	751	816	Are you going all the way to Constantinople?	콘스탄티노플까지 가십니까?	ABB3010.SND
ABB3010.SBE	11	816	921	I am travelling to a small town on the Gulf Coast of Persia.	저는 페르시아만 연안의 작은 마을로 가는 길입니다.	ABB3010.SND
ABB3010.SBE	12	934	968	With my wife and son.	아내와 아들과 함께요.	ABB3010.SND
ABB3010.SBE	13	968	1004	Oh lovely!	아, 멋지군요!	ABB3010.SND
ABB3010.SBE	14	1004	1080	Then that must be your family I saw next door.	그럼 옆 객실에서 본 분들이 가족이겠군요.	ABB3010.SND
ABB3010.SBE	15	1080	1130	It is most probable.	그럴 가능성이 크지요.	ABB3010.SND
ABB3010.SBE	16	1146	1281	By the way, I was wondering, you haven't seen a red cravat anywhere, have you?	그런데 혹시 빨간 넥타이를 보신 적 있으십니까?	ABB3010.SND
ABB3010.SBE	17	1281	1367	I was just unpacking and it seems to have disappeared.	짐을 풀다가 보니 사라졌더군요.	ABB3010.SND
ABB3010.SBE	18	1385	1447	I believe my son has taken it.	제 아들이 가져간 것 같습니다.	ABB3010.SND
ABB3010.SBE	19	1480	1509	Really?	정말?	ABB3010.SND
ABB3010.SBE	20	1537	1602	What was the name of the town you mentioned?	아까 말씀하신 마을 이름이 뭐였죠?	ABB3010.SND
ABB3010.SBE	21	1602	1644	Masjed-e Soleiman.	마스제드에 솔레이만입니다.	ABB3010.SND
ABB3010.SBE	22	1644	1773	Of course! The new oil refinery they're building at Abu Dhabi.	아, 그렇군요! 아바단에 새 정유소를 짓고 있는 그곳 말이죠.	ABB3010.SND
ABB3010.SBE	23	1783	1886	I say, you're not working for Anglo-Persian, are you?	설마 앵글로-페르시안 회사에서 일하시는 건 아니겠죠?	ABB3010.SND
ABB3010.SBE	24	1886	1919	Why not?	왜 안 되죠?	ABB3010.SND
ABB3010.SBE	25	1919	2019	Well I... suppose you being a Frenchman I just assumed...	아니, 그게... 프랑스 분이라 당연히 아닐 줄 알았습니다...	ABB3010.SND
ABB3010.SBE	26	2019	2078	I am an engineer, Monsieur.	저는 기술자입니다, 무슈.	ABB3010.SND
ABB3010.SBE	27	2078	2217	The Anglo-Persian company is doing the most innovative research in oil exploration.	앵글로-페르시안 회사는 석유 탐사 분야에서 가장 혁신적인 연구를 하고 있습니다.	ABB3010.SND
ABB3010.SBE	28	2217	2397	Yes. Well, wouldn't want the Royal Navy to be caught short of fuel oil, would we.	그렇군요. 영국 해군의 연료유가 떨어지면 곤란하겠지요.	ABB3010.SND
ABB3010.SBE	29	2417	2539	Tell me, are the reserves in that little town, what's it called again,	그런데 그 작은 마을, 이름이 뭐더라, 거기 매장량이	ABB3010.SND
ABB3010.SBE	30	2539	2598	really as big as they say?	사람들 말처럼 정말 그렇게 큽니까?	ABB3010.SND
ABB3010.SBE	31	2598	2664	I cannot offer an opinion, Monsieur.	말씀드릴 만한 의견은 없습니다, 무슈.	ABB3010.SND
ABB3010.SBE	32	2664	2718	No, of course you wouldn't.	네, 물론 말씀 못 하시겠죠.	ABB3010.SND
ABB3010.SBE	33	2737	2834	Quite brave of your wife to go all that way and live in the desert.	사모님도 대단하시군요. 그렇게 먼 사막까지 따라가시다니.	ABB3010.SND
ABB3010.SBE	34	2834	2892	She would not wish to be without me.	아내는 저 없이 지내고 싶어 하지 않으니까요.	ABB3010.SND
ABB3010.SBE	35	2926	3066	And it will be a good opportunity for Fran뇇is. He has a fine scientific mind.	그리고 프랑수아에게도 좋은 기회가 될 겁니다. 과학적 소질이 아주 뛰어나거든요.	ABB3010.SND
ABB3010.SBE	36	3066	3144	He seems like a very active little boy.	아주 활발한 아이 같더군요.	ABB3010.SND
ABB3010.SBE	37	3144	3222	I don't suppose you could ask him for my cravat?	혹시 제 넥타이 좀 돌려달라고 말씀해 주실 수 있겠습니까?	ABB3010.SND
ABB3010.SBE	38	3233	3401	Ah, I think now... that I remember him using it as a kind of sieve.	아, 이제 생각났군요... 그걸 체처럼 쓰고 있던 것 같습니다.	ABB3010.SND
ABB3010.SBE	39	3401	3456	To test salinity in the water.	물의 염도를 시험해보려고요.	ABB3010.SND
ABB3010.SBE	40	3472	3570	Most remarkable in a boy of 7. Don't you agree?	일곱 살 아이치고는 대단하지 않습니까?	ABB3010.SND
ABB3010.SBE	41	3570	3618	Quite remarkable.	꽤 놀랍습니다.	ABB3010.SND
ABB3010.SBE	42	3630	3740	It is the natural curiosity of the scientific mind, Monsieur.	과학적 정신이 가진 자연스러운 호기심이지요, 무슈.	ABB3010.SND
ABB3010.SBE	43	3740	3853	Yes, and all that trapped in the body of a little boy.	그렇죠. 그 모든 게 조그만 아이 몸 안에 들어 있다니.	ABB3010.SND
ABB3013.SBE	0	1	30	Oh, excuse me.	아, 실례합니다.	ABB3013.SND
ABB3013.SBE	1	30	90	No, don't get up.	아니, 일어나지 마세요.	ABB3013.SND
ABB3013.SBE	2	91	155	I'll just sit right here and read my paper.	저는 여기 앉아 신문이나 읽겠습니다.	ABB3013.SND
ABB3014.SBE	0	0	129	Seems awfully quiet all of a sudden. I wonder where everyone's got off to.	갑자기 아주 조용해졌군요. 다들 어디로 간 걸까요.	ABB3014.SND
ABB3014.SBE	1	147	252	I believe many passengers are at the concert, Monsieur.	승객 대부분이 연주회에 가신 듯합니다, 무슈.	ABB3014.SND
ABB3014.SBE	2	252	359	Oh yes, I'd forgotten. Of course that would explain it.	아, 맞다. 그걸 깜빡했군요. 그럼 말이 되네요.	ABB3014.SND
ABB3014.SBE	3	359	435	Amazing really when you stop to think about it,	가만 생각해보면 참 놀라운 일이죠.	ABB3014.SND
ABB3014.SBE	4	435	591	a concert crossing Europe at 60 miles an hour, wonderful thing modern technology.	시속 60마일로 유럽을 달리는 열차 위의 연주회라니, 현대 기술이란 참 대단해요.	ABB3014.SND
ABB3014.SBE	5	610	724	Still, our lot seems to be to sit here and read the paper.	그래도 우리 팔자는 여기 앉아 신문 읽는 거군요.	ABB3014.SND
ABB3014.SBE	6	735	883	You're welcome to Le Figaro, Monsieur. I have read all the articles of interest.	르 피가로를 보셔도 됩니다, 무슈. 흥미로운 기사는 다 읽었거든요.	ABB3014.SND
ABB3014.SBE	7	883	942	Oh, thank you.	아, 고마워요.	ABB3014.SND
ABB3014A.SBE	0	0	101	Raining again, is it? Beastly weather.	또 비가 오는 건가요? 지독한 날씨군.	ABB3014A.SND
ABB3014A.SBE	1	101	213	I believe the rain is some distance off, Monsieur.	비구름은 아직 좀 떨어져 있는 듯합니다, 무슈.	ABB3014A.SND
ABB3014A.SBE	2	249	285	Not for long.	곧 이쪽으로 오겠지요.	ABB3014A.SND
ABB3015.SBE	0	1	30	Good afternoon.	좋은 오후입니다.	ABB3015.SND
ABB3015.SBE	1	31	60	Monsieur, welcome.	무슈, 어서 오십시오.	ABB3015.SND
ABB3015.SBE	2	61	142	Please follow me. We have a nice table for you right here in the corner.	이쪽으로 오시죠. 여기 구석에 좋은 자리를 마련해 두었습니다.	ABB3015.SND
ABB3015A.SBE	0	1	43	- Thank you. - Enjoy your lunch, monsieur.	- 감사합니다. - 점심 맛있게 드세요, 무슈.	ABB3015A.SND
ABB3016.SBE	0	0	30	Yes Monsieur?	예, 무슈?	ABB3016.SND
ABB3016.SBE	1	30	150	The escalope, that's a sort of veal cutlet, isn't it?	에스칼로프가 송아지 커틀릿 같은 거죠?	ABB3016.SND
ABB3016.SBE	2	150	219	The escalope du veau, yes Monsieur	에스칼로프 뒤 보, 맞습니다, 무슈.	ABB3016.SND
ABB3016.SBE	3	219	309	Well I'll have that, well done please.	그걸로 하지요. 충분히 익혀 주세요.	ABB3016.SND
ABB3016.SBE	4	309	345	Very good Monsieur.	알겠습니다, 무슈.	ABB3016.SND
ABB3016A.SBE	0	1	45	Here you are, monsieur.	여기 있습니다, 무슈.	ABB3016A.SND
ABB3016A.SBE	1	46	60	Thank you.	감사합니다.	ABB3016A.SND
ABB3016A.SBE	2	61	92	Bon appetit, monsieur.	맛있게 드세요, 무슈.	ABB3016A.SND
ABB3020.SBE	0	1	58	Good afternoon. Mind if I join you?	좋은 오후입니다. 합석해도 될까요?	ABB3020.SND
ABB3021.SBE	0	0	171	So dreadfully dull these long journeys. George Abbot, Nobel Industries, London.	긴 여정은 정말 지루하군요. 런던 노벨 인더스트리의 조지 애벗입니다.	ABB3021.SND
ABB3021.SBE	1	222	324	I couldn't help noticing your accent as you were talking to the conductor.	차장과 얘기하시는 걸 들었는데, 억양이 귀에 들어오더군요.	ABB3021.SND
ABB3021.SBE	2	324	371	The Ukraine perhaps?	우크라이나 쪽이신가요?	ABB3021.SND
ABB3021.SBE	3	383	456	Your English is impeccable if I may say so.	실례가 안 된다면 영어가 흠잡을 데 없으시군요.	ABB3021.SND
ABB3021.SBE	4	456	519	You must have spent quite some time in England.	영국에서 꽤 오래 지내신 모양입니다.	ABB3021.SND
ABB3021.SBE	5	565	645	I live just outside London myself when I'm home.	저도 집에 있을 땐 런던 외곽에 삽니다.	ABB3021.SND
ABB3021.SBE	6	645	745	The city's just too active for me, dangerous too.	도시는 제겐 너무 번잡하고, 위험하기도 합니다.	ABB3021.SND
ABB3021.SBE	7	745	828	I don't suppose you were there last week when that bomb went off.	지난주 폭탄이 터졌을 때 그곳에 계시진 않았겠지요.	ABB3021.SND
ABB3021.SBE	8	828	926	Awful business. Really, very messy.	끔찍한 일이었어요. 정말 처참했지요.	ABB3021.SND
ABB3021.SBE	9	926	992	Bits of bodies strewed about and so on.	시신 조각이 여기저기 흩어져 있고 말입니다.	ABB3021.SND
ABB3021.SBE	10	1008	1079	Did you say you were going on to Odessa?	오데사까지 가신다고 하셨지요?	ABB3021.SND
ABB3021.SBE	11	1102	1162	The reason I ask is we happen to be looking for	여쭤보는 건, 저희가 마침	ABB3021.SND
ABB3021.SBE	12	1162	1222	a representative in that part of the world.	그 지역을 맡을 대리인을 찾고 있어서입니다.	ABB3021.SND
ABB3021.SBE	13	1222	1350	Preferably a bright young fellow with fluent English and Russian, such as yourself.	되도록이면 당신처럼 영어와 러시아어가 유창한, 총명한 젊은이라면 좋겠고요.	ABB3021.SND
ABB3021.SBE	14	1380	1446	Of course I realize, with your family background	물론 그런 집안 배경을 가지셨으니,	ABB3021.SND
ABB3021.SBE	15	1446	1529	you probably never considered a career in business.	사업 쪽 진로는 생각해 보신 적 없을 겁니다.	ABB3021.SND
ABB3021.SBE	16	1529	1613	And of course there's no question of you doing it for money.	물론 돈 때문에 하실 일도 아니고요.	ABB3021.SND
ABB3021.SBE	17	1613	1709	But after all, you are a member of the new generation.	그래도 결국 당신은 새 세대의 사람 아닙니까.	ABB3021.SND
ABB3021.SBE	18	1731	1803	It'd be a shame to bury yourself in the countryside,	시골에 틀어박혀	ABB3021.SND
ABB3021.SBE	19	1803	1857	fiddling with agriculture and so on.	농사나 이런 일만 붙들고 있기엔 아깝지요.	ABB3021.SND
ABB3021.SBE	20	1874	1995	Why, with your abilities you could literally help build the modern Russia.	당신 실력이면 말 그대로 근대 러시아를 세우는 데 힘을 보탤 수 있습니다.	ABB3021.SND
ABB3021.SBE	21	2008	2096	Surely you'll agree that Russia must make connection with modern Europe	러시아가 번영하고 발전하려면 현대 유럽과 손을 잡아야 한다는 데	ABB3021.SND
ABB3021.SBE	22	2096	2142	in order to flourish and develop.	동의하시겠지요.	ABB3021.SND
ABB3023.SBE	0	0	24	Excuse me.	실례합니다.	ABB3023.SND
ABB3023.SBE	1	24	93	Oh. Must you go already?	아, 벌써 가셔야 합니까?	ABB3023.SND
ABB3023.SBE	2	117	177	Oh well, do think about it.	아무튼 꼭 생각해 보십시오.	ABB3023.SND
ABB3030.SBE	0	0	108	Think I'll just stretch my legs for a bit. Excuse me.	잠깐 다리 좀 풀고 오겠습니다. 실례하지요.	ABB3030.SND
ABB3031.SBE	0	0	72	Oh well, my French isn't what it used to be.	아무래도 제 프랑스어가 예전 같지 않군요.	ABB3031.SND
ABB3031.SBE	1	83	195	Never was really. Perhaps I'll just take a walk up to the smoking car.	사실 예전에도 잘하진 못했지요. 흡연칸까지 좀 걸어갔다 와야겠습니다.	ABB3031.SND
ABB3035.SBE	0	0	56	Excuse me I couldn't help wondering,	실례합니다만, 문득 궁금해서요.	ABB3035.SND
ABB3035.SBE	1	56	160	is that Miss Anna Wolff that was playing the violin just now?	방금 바이올린 켜던 분이 미스 안나 볼프 맞습니까?	ABB3035.SND
ABB3035.SBE	2	160	284	Yes Monsieur, it is our honour to have Miss Wolff travelling with us.	네, 무슈. 미스 볼프께서 동행해 주셔서 저희로선 영광입니다.	ABB3035.SND
ABB3035.SBE	3	284	434	How delightful, and the private car in the back, that wouldn't be um...	참 반갑군요. 그럼 뒤쪽 전용 객차는 설마...	ABB3035.SND
ABB3035.SBE	4	434	540	his excellency Prince Kronos now, would it?	크로노스 전하의 객차라는 말이겠지요?	ABB3035.SND
ABB3035.SBE	5	540	575	Yes Monsieur.	네, 무슈.	ABB3035.SND
ABB3035.SBE	6	575	710	How interesting. They say he hardly travels at all in Europe any more.	흥미롭군요. 그분은 요즘 유럽에 거의 오시지 않는다고 들었는데요.	ABB3035.SND
ABB3035.SBE	7	710	881	Just goes to show you. I understand Count Obolensky was quite ill during the night.	세상일 알 수 없군요. 오볼렌스키 백작께서 밤사이 꽤 편찮으셨다던데요.	ABB3035.SND
ABB3035.SBE	8	881	1034	He's much better today, Monsieur. Fortunately we had a doctor on board.	오늘은 훨씬 나으셨습니다, 무슈. 다행히 열차 안에 의사가 있었습니다.	ABB3035.SND
ABB3035.SBE	9	1059	1127	A doctor. Not a Russian doctor?	의사라... 러시아 의사는 아니고요?	ABB3035.SND
ABB3035.SBE	10	1127	1226	No sir, an American. Monsieur Whitney.	아닙니다, 선생님. 미국인입니다. 무슈 휘트니요.	ABB3035.SND
ABB3035.SBE	11	1236	1337	How interesting. Is he actually treating the Count then?	흥미롭군요. 그럼 그분이 실제로 백작님을 진료하고 있습니까?	ABB3035.SND
ABB3035.SBE	12	1351	1422	He has given him a sedative, Monsieur.	진정제를 처방해 드렸습니다, 무슈.	ABB3035.SND
ABB3035.SBE	13	1422	1446	Sedative?	진정제요?	ABB3035.SND
ABB3035.SBE	14	1456	1539	I believe a sort of... herbal tea.	일종의... 약초차인 듯합니다.	ABB3035.SND
ABB3035.SBE	15	1581	1710	Oh well I'm sure he knows what he's doing. Still it does seem a little irregular.	뭐, 본인이 뭘 하는지는 알겠지요. 그래도 어딘가 정식 진료 같진 않군요.	ABB3035.SND
ABB3035.SBE	16	1710	1784	Not that we English see anything wrong with a cup of tea,	물론 차 한 잔 자체를 문제 삼는 건 아닙니다만,	ABB3035.SND
ABB3035.SBE	17	1784	1859	it can do wonders for an upset stomach.	속이 불편할 때는 꽤 효과가 있지요.	ABB3035.SND
ABB3035.SBE	18	1859	1947	Still one rather expects to see the usual paraphernalia,	그래도 보통은 이런저런 의료 장비가 있어야	ABB3035.SND
ABB3035.SBE	19	1947	2031	a doctors bag instills confidence and so on.	의사 가방이라도 보여야 믿음이 가지 않겠습니까.	ABB3035.SND
ABB3035.SBE	20	2031	2097	Given the importance of the patient, I mean.	환자 신분이 신분이니 말이지요.	ABB3035.SND
ABB3035.SBE	21	2111	2197	I suppose Mr Whitney is travelling with quite a bit of luggage.	휘트니 씨도 짐이 꽤 많겠군요.	ABB3035.SND
ABB3035.SBE	22	2197	2221	Monsieur?	무슈?	ABB3035.SND
ABB3035.SBE	23	2221	2292	Oh you know, so many Americans do.	아, 아시잖습니까. 미국인들은 대개 짐이 많지요.	ABB3035.SND
ABB3035.SBE	24	2292	2332	I cannot say, Monsieur.	저로선 말씀드리기 어렵습니다, 무슈.	ABB3035.SND
ABB3035.SBE	25	2332	2429	Must be the fellow I passed just now in the smoking car.	방금 흡연칸에서 마주친 사람이 그 양반이었나 보군요.	ABB3035.SND
ABB3035.SBE	26	2429	2502	Rather young isn't he, for a doctor?	의사치고는 꽤 젊지 않습니까?	ABB3035.SND
ABB3035.SBE	27	2514	2562	I believe he's young, yes.	네, 젊은 편이십니다.	ABB3035.SND
ABB3035.SBE	28	2562	2643	I must say he didn't look at all like the usual sort of American	말씀드리자면, 이 열차에서 흔히 보는 미국인과는 전혀 달라 보이더군요.	ABB3035.SND
ABB3035.SBE	29	2643	2753	one expects to see on these trains, you know, flashing money about.	돈자랑을 요란하게 하는 그런 부류 말입니다.	ABB3035.SND
ABB3035.SBE	30	2753	2791	Quite the opposite, in fact.	오히려 정반대였어요.	ABB3035.SND
ABB3035.SBE	31	2791	2898	Rather unusual for a young fellow like that to book a double compartment,	그런 젊은 분이 이인실 객실을 잡은 건 꽤 이례적이군요.	ABB3035.SND
ABB3035.SBE	32	2898	2985	prices being what they are and all that. Wouldn't you say?	요금도 만만치 않은데 말입니다. 안 그렇습니까?	ABB3035.SND
ABB3035.SBE	33	2985	3018	I do not know Monsieur.	저는 잘 모르겠습니다, 무슈.	ABB3035.SND
ABB3035.SBE	34	3018	3138	Oh well. I suppose he wants his privacy, nothing wrong with that.	뭐, 사생활을 지키고 싶었겠지요. 나쁠 건 없겠습니다.	ABB3035.SND
ABB3035.SBE	35	3138	3195	Monsieur, I really must return now.	무슈, 저는 이제 정말 돌아가봐야겠습니다.	ABB3035.SND
ABB3035.SBE	36	3195	3266	No, of course, of course... don't let me keep you.	아, 물론이지요. 붙잡지는 않겠습니다.	ABB3035.SND
ABB3035.SBE	37	3266	3324	Thank you Monsieur, au revoir.	감사합니다, 무슈. 오 르부아르.	ABB3035.SND
ABB3035A.SBE	0	0	86	What's this I hear about the police boarding the train last night?	어젯밤 경찰이 열차에 올라탔다던데, 그게 무슨 일입니까?	ABB3035A.SND
ABB3035A.SBE	1	86	206	It was most unusual Monsieur. It was the French Gendarmes.	아주 이례적인 일이었습니다, 무슈. 프랑스 헌병대였습니다.	ABB3035A.SND
ABB3035A.SBE	2	218	370	They find the body of a dead man on the tracks near Paris.	파리 인근 선로에서 시신 하나가 발견됐답니다.	ABB3035A.SND
ABB3035A.SBE	3	370	444	They think it has been thrown from a train.	열차에서 던져진 것으로 보고 있습니다.	ABB3035A.SND
ABB3035A.SBE	4	444	564	Naturally, it was a mistake, it has nothing to do with us.	물론 오해였습니다. 저희와는 아무 관련이 없습니다.	ABB3035A.SND
ABB3035A.SBE	5	564	729	No, of course not. Ridiculous really, the idea of a murder on the Orient Express.	아, 물론 아니지요. 오리엔트 특급에서 살인이라니, 우스운 얘기군요.	ABB3035A.SND
ABB3035A.SBE	6	741	850	I don't suppose they happened to mention if they'd identified the body?	혹시 시신 신원은 확인됐는지 말하던가요?	ABB3035A.SND
ABB3035A.SBE	7	850	907	I believe it was a foreigner, Monsieur.	외국인이라는 말은 들었습니다, 무슈.	ABB3035A.SND
ABB3035A.SBE	8	907	1029	Was he? A foreigner. How interesting.	그래요? 외국인이라... 흥미롭군요.	ABB3035A.SND
ABB3040.SBE	0	0	108	Excuse me, I couldn't help noticing you're by yourself.	실례합니다만, 혼자 계신 것 같아서요.	ABB3040.SND
ABB3040.SBE	1	108	145	Mind if I join you?	합석해도 되겠습니까?	ABB3040.SND
ABB3040.SBE	2	145	178	Please.	그러세요.	ABB3040.SND
ABB3040.SBE	3	196	314	Normally one doesn't go about introducing oneself to complete strangers, but...	보통은 생면부지에게 제 쪽에서 말을 붙이지 않습니다만...	ABB3040.SND
ABB3040.SBE	4	314	411	we lone travellers are a sort of fellowship, aren't we.	혼자 여행하는 처지끼리는 묘한 동지의식이 생기지 않겠습니까.	ABB3040.SND
ABB3040.SBE	5	429	490	George Abbot, Empire Chemicals.	엠파이어 케미컬스의 조지 애벗입니다.	ABB3040.SND
ABB3040.SBE	6	490	549	My name is August Schmidt.	제 이름은 아우구스트 슈미트입니다.	ABB3040.SND
ABB3040.SBE	7	549	629	Not THE August Schmidt?	그 아우구스트 슈미트 말입니까?	ABB3040.SND
ABB3040.SBE	8	629	722	The rising young industrialist, A.B. Schmidt and Co,	신진 실업가, A.B. 슈미트 앤드 코...	ABB3040.SND
ABB3040.SBE	9	722	799	munitions, transport, artillery.	군수, 수송, 포병 분야의.	ABB3040.SND
ABB3040.SBE	10	799	961	One of the stars of the new German industry. I must say I'm very pleased to meet you.	신흥 독일 산업의 총아 중 한 분이지요. 만나 뵙게 되어 정말 반갑습니다.	ABB3040.SND
ABB3040.SBE	11	961	1021	You embarrass me sir.	과찬이십니다.	ABB3040.SND
ABB3040.SBE	12	1032	1116	It is true, we do quite a bit of business in England.	사실 영국과도 거래가 꽤 있습니다.	ABB3040.SND
ABB3040.SBE	13	1116	1193	Yes, wasn't it your firm that just shipped,	그렇지요. 얼마 전에도 귀사에서	ABB3040.SND
ABB3040.SBE	14	1193	1346	I believe it was 40,000 rifles and a million cartridges into Ulster.	얼스터로 소총 4만 정과 탄약 백만 발을 보냈던 걸로 아는데요.	ABB3040.SND
ABB3040.SBE	15	1374	1436	No... that was not us.	아닙니다... 저희가 아닙니다.	ABB3040.SND
ABB3040.SBE	16	1436	1548	Oh, oh well. I must be thinking of a different German firm.	아, 그렇군요. 다른 독일 회사를 떠올렸나 봅니다.	ABB3040.SND
ABB3040.SBE	17	1548	1591	One of your competitors perhaps,	아마 경쟁사 가운데 하나겠지요.	ABB3040.SND
ABB3040.SBE	18	1591	1680	whoever it is, they must be feeling rather disappointed.	어느 회사든 지금쯤 실망이 크겠군요.	ABB3040.SND
ABB3040.SBE	19	1680	1821	It doesn't look like we're in for a civil war after all. Not this week anyway.	결국 내전까지 가진 않을 모양입니다. 적어도 이번 주는요.	ABB3040.SND
ABB3040.SBE	20	1834	1938	All these troubles in Ireland, it is unfortunate.	아일랜드의 소요 사태는 참 유감스러운 일입니다.	ABB3040.SND
ABB3040.SBE	21	1938	2049	Yes, yes, it's awful. But really sir, I must congratulate you.	예, 끔찍하지요. 하지만 선생님, 정말 축하드려야겠습니다.	ABB3040.SND
ABB3040.SBE	22	2049	2150	The recent industrial growth in Germany, most impressive.	최근 독일의 산업 성장은 정말 인상적입니다.	ABB3040.SND
ABB3040.SBE	23	2150	2166	Really?	정말입니까?	ABB3040.SND
ABB3040.SBE	24	2166	2299	Oh yes. Our English businessmen could stand to learn a few things from...	물론이지요. 우리 영국 사업가들도	ABB3040.SND
ABB3040.SBE	25	2299	2358	entrepreneurs like yourself.	선생님 같은 기업가에게서 배울 점이 많습니다.	ABB3040.SND
ABB3040.SBE	26	2358	2407	All this political posturing aside,	정치적 허세는 잠시 제쳐두고 보면,	ABB3040.SND
ABB3040.SBE	27	2407	2494	I really feel we're witnessing the birth of a new Europe,	지금 우리는 새로운 유럽의 탄생을 목격하는 중입니다.	ABB3040.SND
ABB3040.SBE	28	2494	2561	where business is the true international language.	그곳에서는 비즈니스가 진짜 국제 공용어가 되겠지요.	ABB3040.SND
ABB3040.SBE	29	2561	2689	And the Orient Express, really quite remarkable if you stop to think about it.	그리고 오리엔트 특급만 봐도, 가만히 생각하면 참 대단한 일입니다.	ABB3040.SND
ABB3040.SBE	30	2689	2797	Here we are, we've just crossed from Germany into Austria,	자, 방금 독일에서 오스트리아로 넘어왔습니다.	ABB3040.SND
ABB3040.SBE	31	2797	2892	and not so much as a customs check to let you know we've crossed the border.	국경을 넘었다는 걸 알릴 세관 검사조차 없군요.	ABB3040.SND
ABB3040.SBE	32	2905	2964	Now that's the new Europe.	이게 바로 새로운 유럽이지요.	ABB3040.SND
ABB3040.SBE	33	2964	3102	Another year or two and frontiers will be a mere formality, a relic of the past.	1~2년만 더 지나면 국경은 형식만 남은, 과거의 유물이 될 겁니다.	ABB3040.SND
ABB3040.SBE	34	3102	3166	You'll be able to travel from England to Germany as easily as	영국에서 독일까지 가는 일이	ABB3040.SND
ABB3040.SBE	35	3166	3258	going from one end of London to the other.	런던 한쪽 끝에서 다른 쪽 끝으로 가는 것만큼 쉬워질 겁니다.	ABB3040.SND
ABB3040.SBE	36	3293	3433	You would not believe sometimes the troubles I have to explain to my people.	제가 부하들에게 설명해야 하는 골칫거리를 들으면 아마 놀라실 겁니다.	ABB3040.SND
ABB3040.SBE	37	3433	3520	I need to keep up with what is happening abroad,	해외에서 무슨 일이 벌어지는지 늘 파악해 둬야 하고,	ABB3040.SND
ABB3040.SBE	38	3520	3602	to act quickly when the opportunity presents.	기회가 오면 곧바로 움직여야 하니까요.	ABB3040.SND
ABB3040.SBE	39	3602	3785	Oh, I assure you, half the time Home Office thinks I'm just travelling on a lark.	그런데 본국 내무부 쪽은 절반쯤 제가 유람이나 다닌다고 생각하더군요.	ABB3040.SND
ABB3040.SBE	40	3799	3847	Old-fashioned attitude of course.	참 구시대적인 태도지요.	ABB3040.SND
ABB3040.SBE	41	3847	3981	Ja, still I do find myself sometimes quite tired in the evening.	예, 그래도 저녁이 되면 몹시 피곤할 때가 있습니다.	ABB3040.SND
ABB3040.SBE	42	4000	4037	Mein Vater...	마인 파터는...	ABB3040.SND
ABB3040.SBE	43	4048	4195	My father had a small factory, he never left his little town.	제 아버지는 작은 공장을 하셨는데, 평생 그 작은 마을을 떠나지 않으셨습니다.	ABB3040.SND
ABB3040.SBE	44	4195	4283	He was perhaps not much of a businessman.	아마 대단한 사업가는 아니셨겠지요.	ABB3040.SND
ABB3040.SBE	45	4283	4463	But at the end of the day he would sleep in his own bed. And he would be at peace.	그래도 하루가 끝나면 늘 자기 침대에서 주무셨고, 마음도 평안하셨습니다.	ABB3040.SND
ABB3040.SBE	46	4477	4611	I sometimes wonder if we have really gained so much.	가끔은 우리가 정말 많은 걸 얻은 게 맞나 싶습니다.	ABB3040.SND
ABB3041.SBE	0	0	122	I uh, couldn't help noticing you with Miss Wolff at lunch.	점심때 미스 볼프와 함께 계신 게 눈에 띄더군요.	ABB3041.SND
ABB3041.SBE	1	122	246	You made quite a striking pair. May I ask if you've known her long?	아주 눈에 띄는 한 쌍이셨습니다. 오래 아신 사이인지 여쭤봐도 될까요?	ABB3041.SND
ABB3041.SBE	2	280	429	Long? Well you know I'm a great admirer of her music...	오래라니요? 뭐, 저는 그녀의 음악을 무척 좋아합니다만...	ABB3041.SND
ABB3041.SBE	3	475	525	Aren't we all...	다들 그렇지 않습니까...	ABB3041.SND
ABB3041.SBE	4	525	639	But you seem to have a special connection with her, am I wrong?	그래도 두 분 사이엔 뭔가 특별한 인연이 있어 보이더군요. 제가 틀렸습니까?	ABB3041.SND
ABB3041.SBE	5	663	768	Come on, you can speak freely. We're all gentlemen here.	자, 편하게 말씀하시죠. 여기 있는 사람들 다 신사 아닙니까.	ABB3041.SND
ABB3041.SBE	6	810	990	In that case, I will admit that travelling has it's compensations.	그렇다면 인정하지요. 여행에도 나름의 보상은 있군요.	ABB3041.SND
ABB3041.SBE	7	1050	1152	You can trust me I won't breath a word. Soul of discretion.	저를 믿으십시오. 입 밖에 한마디도 내지 않겠습니다. 비밀은 철저히 지키는 편이라서요.	ABB3041.SND
ABB3041.SBE	8	1165	1269	By the way, what do you make of this Austro-Hungarian ultimatum?	그건 그렇고, 이번 오스트리아-헝가리 최후통첩은 어떻게 보십니까?	ABB3041.SND
ABB3041.SBE	9	1269	1329	It looks like a rather nasty business.	상당히 험악한 국면처럼 보이던데요.	ABB3041.SND
ABB3041.SBE	10	1339	1440	The note is harsh, but I believe necessary.	문안은 거칠지만, 필요하다고 봅니다.	ABB3041.SND
ABB3041.SBE	11	1440	1581	These Balkan regions have always needed a strong hand to bring stability.	발칸 지역은 늘 강한 손이 있어야 안정을 찾는 법입니다.	ABB3041.SND
ABB3041.SBE	12	1581	1694	Stability, yes, yes, that's just where we must stand together.	안정, 그렇지요. 바로 그 점에서 우리가 뜻을 같이해야 합니다.	ABB3041.SND
ABB3041.SBE	13	1694	1755	Of course we all have our little differences,	물론 서로 잔잔한 차이는 있습니다만,	ABB3041.SND
ABB3041.SBE	14	1755	1836	but I can't help feeling that at some fundamental level	근본으로 들어가면	ABB3041.SND
ABB3041.SBE	15	1836	1931	the goals of England and Germany are not so very far apart.	영국과 독일의 목표는 그리 멀리 떨어져 있지 않다는 생각이 듭니다.	ABB3041.SND
ABB3041.SBE	16	1943	1999	I'm glad to hear you say it.	그 말씀을 들으니 반갑군요.	ABB3041.SND
ABB3041.SBE	17	1999	2139	But do tell me I'd be quite fascinated to know, how did you begin your career?	그보다 정말 궁금합니다만, 경력을 어떻게 시작하셨는지 들려주시겠습니까?	ABB3041.SND
ABB3041.SBE	18	2170	2283	Well... it's really a very simple story...	음... 사실 아주 단순한 이야기입니다...	ABB3041.SND
ABB3042.SBE	0	0	99	Well, off I go. Are you getting off in Vienna?	그럼 저는 이만 가보겠습니다. 비엔나에서 내리십니까?	ABB3042.SND
ABB3042.SBE	1	120	223	This was my intention, but my plans have changed.	그럴 생각이었습니다만, 계획이 바뀌었습니다.	ABB3042.SND
ABB3042.SBE	2	223	336	I have decided to remain on the train until Budapest.	부다페스트까지 계속 타고 가기로 했습니다.	ABB3042.SND
ABB3042.SBE	3	336	450	Ah, taking advantage of an unexpected business opportunity, are we?	아, 뜻밖의 사업 기회를 잡으신 겁니까?	ABB3042.SND
ABB3042.SBE	4	450	504	Act quickly and all that?	기회가 오면 바로 움직여야 한다는 그 원칙대로요?	ABB3042.SND
ABB3042.SBE	5	520	649	It... wouldn't be the violin business now by any chance, would it?	설마... 그게 바이올린과 관련된 일은 아니겠지요?	ABB3042.SND
ABB3042.SBE	6	660	770	This is something that I will discuss over dinner tonight.	그건 오늘 저녁 식사 자리에서 얘기할 문제입니다.	ABB3042.SND
ABB3042.SBE	7	770	856	Special dinner with wine and champagne.	와인과 샴페인을 곁들인 특별한 저녁 식사에서요.	ABB3042.SND
ABB3042.SBE	8	856	971	It is possible that I will take some music lessons when I am in Budapest.	부다페스트에 있는 동안 음악 레슨을 좀 받을지도 모르겠습니다.	ABB3042.SND
ABB3042.SBE	9	971	1097	Oh, perhaps I'll meet you on the return trip and you can tell me all about it.	아, 돌아오는 길에 다시 뵙게 되면 자세히 들려주시지요.	ABB3042.SND
ABB3042.SBE	10	1116	1209	Maybe by then I will be able to play for you.	그때쯤이면 제가 직접 연주해 드릴 수 있을지도 모르겠군요.	ABB3042.SND
ABB3043.SBE	0	0	126	Oh I've most enjoyed our little chat. Good evening sir.	짧은 대화였지만 정말 즐거웠습니다. 좋은 저녁 되십시오.	ABB3043.SND
ABB3043.SBE	1	126	162	Good evening.	좋은 저녁 되십시오.	ABB3043.SND
ABB4001.SBE	0	1	45	Is everything all right, monsieur?	괜찮으십니까, 무슈?	ABB4001.SND
ABB4001.SBE	1	46	105	Yes, fine. Thank you.	네, 괜찮습니다. 감사합니다.	ABB4001.SND
ABB4001.SBE	2	106	140	Bon appetit, monsieur.	맛있게 드십시오, 무슈.	ABB4001.SND
ABB4002.SBE	0	0	114	Good evening, I saw you in the dining car but I didn't want to bother you.	좋은 저녁입니다. 식당칸에서 뵈었지만 방해가 될까 봐 말을 못 걸었습니다.	ABB4002.SND
ABB4002.SBE	1	129	170	Did you enjoy your dinner?	저녁 식사는 괜찮으셨습니까?	ABB4002.SND
ABB4002.SBE	2	184	243	Dinner was satisfactory, yes.	네, 식사는 괜찮았습니다.	ABB4002.SND
ABB4002.SBE	3	253	345	Must be delightful to be able to dine with your family every night.	매일 가족과 저녁을 함께할 수 있다니 참 좋으시겠습니다.	ABB4002.SND
ABB4002.SBE	4	359	479	That's the worst part about travelling, all those meals alone.	여행의 가장 괴로운 점은 늘 혼자 식사해야 한다는 거지요.	ABB4002.SND
ABB4002.SBE	5	479	549	The loneliness rather gets to you after a while.	그러다 보면 외로움이 꽤 크게 다가옵니다.	ABB4002.SND
ABB4002.SBE	6	565	641	My problem is the opposite one, Monsieur.	제 경우는 정반대입니다, 무슈.	ABB4002.SND
ABB4002.SBE	7	641	749	Oh yes, well I can see that... really.	아, 네... 무슨 말씀인지 알겠습니다.	ABB4002.SND
ABB4002.SBE	8	801	834	Interesting.	흥미롭군요.	ABB4002.SND
ABB4010.SBE	0	12	79	Look here, we'll be in Budapest in half an hour,	보십시오, 30분이면 부다페스트에 도착합니다.	ABB4010.SND
ABB4010.SBE	1	79	186	my company has a pretty good understanding with the Austro-Hungarian authorities.	저희 회사는 오스트리아-헝가리 당국과 관계가 꽤 좋습니다.	ABB4010.SND
ABB4010.SBE	2	186	239	I think if you let me speak to them first,	제가 먼저 그쪽과 얘기하게 해주시면,	ABB4010.SND
ABB4010.SBE	3	239	347	I can explain what happened here and get this mess cleared up without a lot of fuss.	여기서 무슨 일이 있었는지 설명하고 이 복잡한 일을 큰 소란 없이 정리할 수 있습니다.	ABB4010.SND
ABB4010.SBE	4	347	407	No need to splash it all over the papers.	신문에 대서특필할 필요는 없지요.	ABB4010.SND
ABB4010.SBE	5	420	540	Reputation of the line to think of, and all that. There's a good fellow.	노선의 명성도 생각해야 하지 않겠습니까. 서로 좋게 처리합시다.	ABB4010.SND
ALX1099C.SBE	0	1	25	Excuse me.	실례합니다.	ALX1099C.SND
ALX1099D.SBE	0	1	17	Excuse me.	실례합니다.	ALX1099D.SND
ALX1134A.SBE	0	1	17	Who is it?	누구죠?	ALX1134A.SND
ANN1010.SBE	0	1	45	I don't want to frighten you, but	놀라게 하고 싶진 않지만,	ANN1010.SND
ANN1010.SBE	1	46	140	I think someone went into my compartment while I was at dinner.	제가 저녁 먹는 동안 누군가 제 객실에 들어왔던 것 같아요.	ANN1010.SND
ANN1010.SBE	2	159	180	No!	설마요!	ANN1010.SND
ANN1010.SBE	3	181	270	Would you think I was very silly if I ask you to keep it for me?	제가 이걸 잠시 맡아달라고 하면, 어리석다고 생각하시겠어요?	ANN1010.SND
ANN1010.SBE	4	279	330	Just until we reach Vienna.	비엔나에 도착할 때까지만요.	ANN1010.SND
ANN1010.SBE	5	331	395	Of course not! I would be glad too.	전혀요! 기꺼이 맡아드릴게요.	ANN1010.SND
ANN1010.SBE	6	396	450	You mustn't tell anybody.	아무에게도 말하면 안 돼요.	ANN1010.SND
ANN1010.SBE	7	451	501	It will be our secret.	우리 둘만의 비밀이에요.	ANN1010.SND
ANN1016.SBE	0	1	44	Yes? Who is it?	네? 누구세요?	ANN1016.SND
ANN1016A.SBE	0	8	33	Yes, who is it?	네, 누구죠?	ANN1016A.SND
ANN1047.SBE	0	1	45	Madame, welcome.	마담, 어서 오십시오.	ANN1047.SND
ANN1047.SBE	1	46	75	Good evening.	좋은 저녁입니다.	ANN1047.SND
ANN1047.SBE	2	76	150	Madame's presence is a great honor for us.	마담께서 자리해 주셔서 큰 영광입니다.	ANN1047.SND
ANN1047.SBE	3	151	195	Your usual table is ready.	늘 쓰시던 자리가 준비돼 있습니다.	ANN1047.SND
ANN1047.SBE	4	196	240	If madame will permit me...	마담께서 허락하신다면...	ANN1047.SND
ANN1047.SBE	5	241	255	Thank you.	고마워요.	ANN1047.SND
ANN1047.SBE	6	260	420	If I may say so, madame is like a shining star, and we're all basking in your light.	말씀드려도 된다면, 마담은 빛나는 별 같으시고 저희는 그 빛을 받는 셈입니다.	ANN1047.SND
ANN1047.SBE	7	421	460	I'm your servant, madame.	마담의 시중을 드는 사람으로서 영광입니다.	ANN1047.SND
ANN1047.SBE	8	461	480	Thank you, Pascale.	고마워요, 파스칼.	ANN1047.SND
ANN1047.SBE	9	510	538	Enjoy your dinner, madame.	저녁 맛있게 드십시오, 마담.	ANN1047.SND
ANN1048.SBE	0	0	77	Yes Madame? Have you made your choice?	예, 마담. 메뉴를 고르셨습니까?	ANN1048.SND
ANN1048.SBE	1	77	163	Yes. I'll have the beef filet.	네. 비프 필레로 하겠어요.	ANN1048.SND
ANN1048.SBE	2	163	308	The filet de boeuf jardiniere, very good. Is Madame dining alone?	필레 드 뵈프 자르디니에르, 좋습니다. 오늘은 혼자 식사하십니까, 마담?	ANN1048.SND
ANN1048.SBE	3	308	328	Yes.	네.	ANN1048.SND
ANN1048.SBE	4	328	369	Very good, Madame.	알겠습니다, 마담.	ANN1048.SND
ANN1049.SBE	0	0	60	The filet de boeuf jardiniere.	필레 드 뵈프 자르디니에르입니다.	ANN1049.SND
ANN1049.SBE	1	60	85	Thank you.	고마워요.	ANN1049.SND
ANN1049.SBE	2	85	208	Will there be anything else Madame? No? Bon appetit.	더 필요하신 건 없으십니까, 마담? 없으시면 맛있게 드십시오.	ANN1049.SND
ANN1107A.SBE	0	1	22	Excuse me.	실례합니다.	ANN1107A.SND
ANN3011.SBE	0	1	60	What is it? What's wrong?	무슨 일이에요? 무슨 문제라도 있나요?	ANN3011.SND
ANN3011.SBE	1	61	150	When I came back from the concert, the egg was gone.	연주회에서 돌아와 보니 알이 없어졌어요.	ANN3011.SND
ANN3011.SBE	2	360	420	I thought it would be safe there.	거기 두면 안전할 줄 알았는데.	ANN3011.SND
ANN3011.SBE	3	421	480	Don't worry. It's not your fault.	걱정하지 마세요. 당신 잘못이 아니에요.	ANN3011.SND
ANN3011.SBE	4	481	510	It's so kind.	정말 친절하시네요.	ANN3011.SND
ANN3011.SBE	5	511	570	But it's because of me that you have lost the egg.	하지만 당신이 알을 잃은 건 제 탓이에요.	ANN3011.SND
ANN3011.SBE	6	571	630	It was so beautiful.	정말 아름다운 알이었는데.	ANN3011.SND
ANN3011.SBE	7	631	709	Why do people steal things?	사람들은 왜 남의 걸 훔칠까요?	ANN3011.SND
ANN3121.SBE	0	0	100	Excuse me, Madame. I am really sorry.	실례합니다, 마담. 정말 죄송합니다.	ANN3121.SND
ANN3121.SBE	1	100	179	But we have received a complaint about the barking.	하지만 짖는 소리에 대한 항의가 들어왔습니다.	ANN3121.SND
ANN3121.SBE	2	179	214	Oh no.	아, 안 돼요.	ANN3121.SND
ANN3121.SBE	3	214	310	Of course, for you we have always made an exception,	물론 마담께는 늘 예외를 드려 왔습니다만,	ANN3121.SND
ANN3121.SBE	4	310	381	but now that a passenger has complained...	이제 승객 불만이 접수돼서...	ANN3121.SND
ANN3121.SBE	5	381	436	Must he go to the baggage car?	정말 수하물칸으로 보내야 하나요?	ANN3121.SND
ANN3121.SBE	6	436	549	The passenger has insisted, Madame. What can I do?	승객이 강하게 요구했습니다, 마담. 저도 어쩔 수가...	ANN3121.SND
ANN3121.SBE	7	577	616	Just a moment.	잠시만요.	ANN3121.SND
ANN3122.SBE	0	15	85	Oh, my darling, don't be sad.	아가, 슬퍼하지 마.	ANN3122.SND
ANN3122.SBE	1	96	154	You'll be fine in the baggage car.	수하물칸에서도 괜찮을 거야.	ANN3122.SND
ANN3122.SBE	2	160	220	Come here, precious...	이리 와, 우리 예쁜이...	ANN3122.SND
ANN3123.SBE	0	1	30	Forgive me, madame.	용서해 주십시오, 마담.	ANN3123.SND
ANN3123.SBE	1	31	120	You make sure he has plenty of water.	물은 충분히 챙겨 주세요.	ANN3123.SND
ANN3123.SBE	2	121	180	He really does not like the baggage car.	얘는 수하물칸을 정말 싫어해요.	ANN3123.SND
ANN3123.SBE	3	181	210	Of course, madame.	물론입니다, 마담.	ANN3123.SND
ANN3123.SBE	4	211	240	You are kind.	친절하시군요.	ANN3123.SND
ANN3123.SBE	5	241	300	I'm very, very sorry.	정말, 정말 죄송합니다.	ANN3123.SND
ANN3124.SBE	0	1	36	Good dog. Good doggy.	착하지, 착한 아이.	ANN3124.SND
ANN3125.SBE	0	30	60	You hear this?	들리십니까?	ANN3125.SND
ANN3125.SBE	1	61	105	He doesn't seem to want to stay away.	아무래도 거기 머물 생각이 없는 모양입니다.	ANN3125.SND
ANN3125.SBE	2	120	150	Thank you, madame.	감사합니다, 마담.	ANN3125.SND
ANN3125.SBE	3	151	210	I don't understand how.	어떻게 된 건지 모르겠습니다.	ANN3125.SND
ANN3125.SBE	4	211	240	You are to keep him tighter.	이번엔 더 단단히 묶어 두세요.	ANN3125.SND
ANN3125.SBE	5	241	302	I'll make sure this time.	이번에는 확실히 하겠습니다.	ANN3125.SND
ANN3126.SBE	0	16	71	Oh, Max, you poor thing.	오, 맥스, 불쌍한 것.	ANN3126.SND
ANN3126.SBE	1	79	142	You really don't like the baggage car, do you.	수하물칸이 정말 싫구나, 그렇지?	ANN3126.SND
ANN3126.SBE	2	153	257	But you have to go back. You can't travel here with me.	그래도 다시 가야 해. 여기서 나랑 함께 다닐 순 없어.	ANN3126.SND
ANN3127.SBE	0	28	111	Max! How did you get here?	맥스! 어떻게 여기까지 왔니?	ANN3127.SND
ANN3127.SBE	1	117	218	I know, you really don't like the baggage car.	알아, 수하물칸이 정말 싫지.	ANN3127.SND
ANN3127.SBE	2	223	345	Oh, precious, what am I going to do with you?	오, 우리 예쁜이, 널 어쩌면 좋니?	ANN3127.SND
ANN3127.SBE	3	360	471	I have to send you back. There's no way around it.	다시 보내야 해. 달리 방법이 없어.	ANN3127.SND
ANN3136.SBE	0	1	75	Ah, miss Wolff. Please, let me help you.	아, 미스 볼프. 제가 도와드리겠습니다.	ANN3136.SND
ANN3136.SBE	1	76	105	Oh, thank you.	아, 고마워요.	ANN3136.SND
ANN3136.SBE	2	106	180	Are you comfortable? Yes, I am so glad.	불편하진 않으십니까? 아, 정말 다행입니다.	ANN3136.SND
ANN3136.SBE	3	181	255	Everybody wanted to sit in your seat.	다들 이 자리에 앉으려 했거든요.	ANN3136.SND
ANN3136.SBE	4	256	330	I have been like a soldier fighting them away.	제가 병사처럼 다 막아냈습니다.	ANN3136.SND
ANN3136.SBE	5	331	420	- Oh, really? - I would not let anybody sit here.	- 정말요? - 누구도 여기 앉게 하지 않았습니다.	ANN3136.SND
ANN3136A.SBE	0	1	75	Ah, miss Wolff. Please, let me help you.	아, 미스 볼프. 제가 도와드리겠습니다.	ANN3136A.SND
ANN3136A.SBE	1	76	105	Oh, thank you.	아, 고마워요.	ANN3136A.SND
ANN3136A.SBE	2	120	270	Every time I see you, I am happy that I took this train and not the next one.	당신을 볼 때마다 다음 열차가 아니라 이 열차를 타길 잘했다는 생각이 듭니다.	ANN3136A.SND
ANN3136A.SBE	3	300	345	Are you comfortable there?	그 자리 편하십니까?	ANN3136A.SND
ANN3136A.SBE	4	346	375	Oh, yes.	아, 네.	ANN3136A.SND
ANN3136A.SBE	5	376	435	You don't want to change seats?	자리 바꾸실 생각은 없으시고요?	ANN3136A.SND
ANN3136A.SBE	6	436	465	Oh, no.	아니요.	ANN3136A.SND
ANN3136A.SBE	7	466	495	Good.	좋습니다.	ANN3136A.SND
ANN3137B.SBE	0	1	60	What shall we order?	뭘 주문할까요?	ANN3137B.SND
ANN3137B.SBE	1	90	120	Shall we get some wine?	와인도 한 병 시킬까요?	ANN3137B.SND
ANN3137B.SBE	2	135	165	That would be lovely.	좋겠네요.	ANN3137B.SND
ANN3137B.SBE	3	166	225	I think good red wine, yes?	좋은 레드와인으로 하죠, 어떻습니까?	ANN3137B.SND
ANN3137B.SBE	4	240	330	Or, forgive me, perhaps you would like something lighter?	아니면, 실례지만 더 가벼운 걸 원하십니까?	ANN3137B.SND
ANN3137B.SBE	5	331	450	My father drank red wine and I'm afraid I picked up the habit.	아버지가 레드와인을 드셨는데, 저도 그 버릇이 들었나 봐요.	ANN3137B.SND
ANN3137B.SBE	6	465	540	I know it's not very lady-like.	숙녀답지 않다는 건 알지만요.	ANN3137B.SND
ANN3137B.SBE	7	541	570	Nonsense.	아닙니다.	ANN3137B.SND
ANN3137B.SBE	8	585	645	We will be able to share a bottle.	한 병쯤은 같이 비울 수 있겠지요.	ANN3137B.SND
ANN3137B.SBE	9	646	690	I hope I will not get drunk, haha.	너무 취하지는 않았으면 좋겠네요, 하하.	ANN3137B.SND
ANN3137B.SBE	10	750	765	Why?	왜요?	ANN3137B.SND
ANN3137B.SBE	11	766	870	Why, I'm turning into a happy little devil,	왜냐하면, 저는 신이 나면 작은 악마가 되거든요.	ANN3137B.SND
ANN3137B.SBE	12	871	960	especially when I'm surrounded by a beautiful lady.	특히 아름다운 숙녀와 함께 있으면 더 그렇습니다.	ANN3137B.SND
ANN3137B.SBE	13	1050	1082	You are a charmer.	참 능청스러우시네요.	ANN3137B.SND
ANN3138.SBE	0	0	99	Good afternoon Monsieur, Madame. Have you made your choice?	안녕하십니까, 무슈, 마담. 주문 정하셨습니까?	ANN3138.SND
ANN3138.SBE	1	99	300	Madame and I will have both the roast chicken and we begin with the fish soup.	마담과 저는 둘 다 로스트 치킨으로 하고, 먼저 생선 수프로 시작하겠습니다.	ANN3138.SND
ANN3138.SBE	2	300	337	Oh thank you.	아, 고마워요.	ANN3138.SND
ANN3138.SBE	3	337	450	And a bottle of your best Chateau Lafite 1904.	그리고 샤토 라피트 1904 중 가장 좋은 걸로 한 병.	ANN3138.SND
ANN3138.SBE	4	450	492	Very good Monsieur.	알겠습니다, 무슈.	ANN3138.SND
ANN3138A.SBE	0	0	94	On the train the wine is ruined anyway, by the vibration.	열차에서는 진동 때문에 와인이 어차피 상해 버리지요.	ANN3138A.SND
ANN3141.SBE	0	1	120	I have drunk too much wine. I am a little bit dizzy, haha.	와인을 너무 많이 마셨네요. 조금 어지러워요, 하하.	ANN3141.SND
ANN3141.SBE	1	195	300	But you also have drunk, fraulein Wolff.	하지만 프로일라인 볼프도 꽤 드셨잖습니까.	ANN3141.SND
ANN3141.SBE	2	301	330	I have been pressed.	권하시는 대로 마신 거예요.	ANN3141.SND
ANN3141.SBE	3	340	390	I know, I don't show it.	알아요, 티가 안 날 뿐이에요.	ANN3141.SND
ANN3141.SBE	4	391	450	Shall we have our coffee in the smoking car?	커피는 흡연칸에서 마실까요?	ANN3141.SND
ANN3141.SBE	5	451	494	That would be lovely.	좋아요.	ANN3141.SND
ANN3142.SBE	0	1	30	Shall we sit here?	여기 앉을까요?	ANN3142.SND
ANN3142.SBE	1	31	120	I think this will be more comfortable, don't you?	여기가 더 편할 것 같은데, 그렇지요?	ANN3142.SND
ANN3142.SBE	2	121	240	I have eaten so much, I could just lie down on one of these couches	너무 많이 먹어서 이 소파에 그냥 드러눕고 싶을 정도예요.	ANN3142.SND
ANN3142.SBE	3	241	270	and go to sleep.	그리고 그대로 잠들고 싶네요.	ANN3142.SND
ANN3142.SBE	4	271	390	Go right ahead, I will wake you when we reach Constantinople.	그러시죠. 콘스탄티노플에 도착하면 제가 깨워 드리겠습니다.	ANN3142.SND
ANN3142.SBE	5	391	450	I thought you were getting off in Vienna?	비엔나에서 내리시는 줄 알았는데요?	ANN3142.SND
ANN3142.SBE	6	451	509	Ah, yes, I had forgotten.	아, 맞군요. 제가 깜빡했네요.	ANN3142.SND
ANN3142A.SBE	0	1	90	Is it very tiresome, your business in Vienna?	비엔나에서 하시는 일, 많이 고된가요?	ANN3142A.SND
ANN3142A.SBE	1	91	210	Well. You know, you always hope that a man will keep his word.	음, 아시다시피 사람은 약속을 지켜 주길 바라게 마련이지요.	ANN3142A.SND
ANN3142A.SBE	2	211	330	When he does not, one hits to lose a good bit of business, but...	그렇지 않으면 꽤 큰 거래를 잃게 되지만...	ANN3142A.SND
ANN3142A.SBE	3	350	405	...one has no choice.	...달리 선택이 없습니다.	ANN3142A.SND
ANN3142A.SBE	4	409	517	Then your deal isn't happening? It's been called off?	그럼 그 거래는 안 되는 건가요? 취소된 거예요?	ANN3142A.SND
ANN3143A.SBE	0	1	34	Oh. Here comes a waiter.	아, 웨이터가 오네요.	ANN3143A.SND
ANN3144.SBE	0	17	50	Do you take milk?	우유 넣으시나요?	ANN3144.SND
ANN3144.SBE	1	64	138	Just sugar, two lumps.	설탕만 두 조각 넣어 주세요.	ANN3144.SND
ANN3144.SBE	2	150	229	Oh, you like it sweet.	아, 단 걸 좋아하시는군요.	ANN3144.SND
ANN3147.SBE	0	3	94	Jacques, would you lock my door while I'm away?	자크, 내가 없는 동안 내 방 문 좀 잠가줄래요?	ANN3147.SND
ANN3147A.SBE	0	7	35	Thank you, Jacques.	고마워요, 자크.	ANN3147A.SND
ANN3147A.SBE	1	41	73	You're welcome, madame.	천만에요, 마담.	ANN3147A.SND
ANN3148.SBE	0	6	45	Thank you, Jacques.	고마워요, 자크.	ANN3148.SND
ANN3148.SBE	1	51	77	You're welcome, madame.	천만에요, 마담.	ANN3148.SND
ANN3148A.SBE	0	1	85	Pardon me, madame. Let me unlock that for you.	실례합니다, 마담. 제가 열어 드리겠습니다.	ANN3148A.SND
ANN3148B.SBE	0	1	30	Thank you, Jacques.	고마워요, 자크.	ANN3148B.SND
ANN3148B.SBE	1	31	120	I'm sorry to be a nuisance. I hate locked doors.	번거롭게 해서 미안해요. 전 잠긴 문이 정말 싫거든요.	ANN3148B.SND
ANN3148B.SBE	2	141	267	No trouble at all, mademoiselle. It's a pleasure to open the door for you.	전혀 번거롭지 않습니다, 마드무아젤. 문을 열어드리는 건 제 기쁨입니다.	ANN3148B.SND
ANN3149.SBE	0	15	164	I'm sorry to be a nuisance. I'm sure it's perfectly safe.	번거롭게 해서 미안해요. 사실 아주 안전한 건 아는데도요.	ANN3149.SND
ANN3149.SBE	1	177	286	You know if Max was here I wouldn't even bother.	맥스만 여기 있으면 이런 부탁도 안 했을 거예요.	ANN3149.SND
ANN3149.SBE	2	289	322	Please, madame.	말씀만 하십시오, 마담.	ANN3149.SND
ANN3149.SBE	3	323	350	That's what I am here for.	제가 여기 있는 이유가 바로 그겁니다.	ANN3149.SND
ANN3149.SBE	4	353	383	Thank you, Jacques.	고마워요, 자크.	ANN3149.SND
ANN4150.SBE	0	1	68	- This is the conductor, Madame. - Come in.	- 차장입니다, 마담. - 들어오세요.	ANN4150.SND
ANN4150A.SBE	0	1	75	Jacques, I've got the most awful headache.	자크, 머리가 너무 아파요.	ANN4150A.SND
ANN4150A.SBE	1	90	195	Would you tell herr Schmidt I won't be having dinner with him tonight?	헤어 슈미트께 오늘 밤은 함께 저녁을 못 하겠다고 전해주시겠어요?	ANN4150A.SND
ANN4150A.SBE	2	196	270	Of course, madame. Can I bring you anything?	물론입니다, 마담. 무엇 좀 가져다드릴까요?	ANN4150A.SND
ANN4150A.SBE	3	271	330	No. I'm just tired.	아뇨. 그냥 피곤해서요.	ANN4150A.SND
ANN4150A.SBE	4	375	450	I hope you can get some rest tonight.	오늘 밤은 푹 쉬실 수 있으면 좋겠습니다.	ANN4150A.SND
ANN4150A.SBE	5	451	470	Thank you, Jacques.	고마워요, 자크.	ANN4150A.SND
ANN4151.SBE	0	1	30	Cognac, please.	코냑 주세요.	ANN4151.SND
ANN4151.SBE	1	31	75	Very good, madame.	알겠습니다, 마담.	ANN4151.SND
ANN4151.SBE	2	76	95	Thank you.	고마워요.	ANN4151.SND
ANN4200.SBE	0	1	19	Come in.	들어오세요.	ANN4200.SND
ATTNANG.SBE	0	0	100	Attnang 1:57 pm	아트낭 오후 1:57	ATTNANG.SND
AUG1001.SBE	0	1	30	Yes, Monsieur.	예, 무슈.	AUG1001.SND
AUG1001.SBE	1	31	144	Would you tell herr Whitney that August Schmidt is waiting for him?	헤어 휘트니께 아우구스트 슈미트가 기다리고 있다고 전해주시겠습니까?	AUG1001.SND
AUG1001.SBE	2	145	240	I'm sorry, Monsieur. What did you say the gentleman's name was?	죄송합니다, 무슈. 그 신사 성함이 뭐라고 하셨지요?	AUG1001.SND
AUG1001.SBE	3	241	300	The message is for Tyler Whitney.	전할 상대는 타일러 휘트니입니다.	AUG1001.SND
AUG1001.SBE	4	301	390	Compartment 1 in the first sleeping car.	첫 번째 침대칸 1번 객실이요.	AUG1001.SND
AUG1001.SBE	5	391	450	I have been waiting for some time.	꽤 오래 기다리고 있습니다.	AUG1001.SND
AUG1001.SBE	6	451	540	Yes, Monsieur. And please forgive me for my lack of comprehension.	예, 무슈. 제가 제대로 못 알아들어 죄송합니다.	AUG1001.SND
AUG1001.SBE	7	541	581	Excuse me.	실례합니다.	AUG1001.SND
AUG1002A.SBE	0	1	25	Yes, who is it?	네, 누구죠?	AUG1002A.SND
AUG1002A.SBE	1	26	90	Herr Whitney, this is August Schmidt.	헤어 휘트니, 아우구스트 슈미트입니다.	AUG1002A.SND
AUG1002A.SBE	2	91	142	Would you open the door, please?	문 좀 열어주시겠습니까?	AUG1002A.SND
AUG1002B.SBE	0	1	43	Herr Whitney, open the door!	헤어 휘트니, 문을 여시오!	AUG1002B.SND
AUG1003.SBE	0	5	76	Excuse me, Fraulein Wolff.	실례합니다, 프로일라인 볼프.	AUG1003.SND
AUG1003.SBE	1	76	192	I could not leave the room without paying you my compliments.	인사를 드리지 않고는 자리를 뜰 수가 없어서요.	AUG1003.SND
AUG1003.SBE	2	192	263	I'm sure you do not remember me.	저를 기억 못 하실 겁니다.	AUG1003.SND
AUG1003.SBE	3	263	309	My name is August Schmidt.	제 이름은 아우구스트 슈미트입니다.	AUG1003.SND
AUG1003.SBE	4	309	360	But I do remember you.	하지만 저는 선생님을 기억합니다.	AUG1003.SND
AUG1003.SBE	5	360	451	It was at Mrs Lauder's in London, wasn't it?	런던 로더 부인 댁에서였지요, 그렇지 않습니까?	AUG1003.SND
AUG1003.SBE	6	451	571	Yes. You played Brahms violin concerto.	네. 브람스 바이올린 협주곡을 연주하셨지요.	AUG1003.SND
AUG1003.SBE	7	571	635	How lovely of you to remember.	기억해 주시다니 정말 감사하네요.	AUG1003.SND
AUG1003A.SBE	0	1	79	And... you were with an English woman.	그리고... 영국 여자분과 함께 계셨죠.	AUG1003A.SND
AUG1003A.SBE	1	80	120	Was she a wife?	부인이셨나요?	AUG1003A.SND
AUG1003A.SBE	2	121	270	Hm... yes... hm... that is... Forgive me for interrupting your dinner.	흠... 네... 그러니까... 식사 중에 방해해 죄송합니다.	AUG1003A.SND
AUG1003A.SBE	3	271	420	May I say that I'm delighted that we are sharing this journey?	이 여정을 함께하게 되어 기쁘다는 말씀을 드려도 될까요?	AUG1003A.SND
AUG1003A.SBE	4	421	491	You're very kind. Good evening.	친절하시네요. 좋은 저녁 보내세요.	AUG1003A.SND
AUG1004.SBE	0	1	120	Do you know when I saw you in London, I thought you were English.	런던에서 처음 뵀을 때는 영국인인 줄 알았습니다.	AUG1004.SND
AUG1004.SBE	1	121	150	Not really.	그렇지는 않아요.	AUG1004.SND
AUG1004.SBE	2	151	180	Yes, really.	아닙니다, 정말 그렇습니다.	AUG1004.SND
AUG1004.SBE	3	210	240	My wife is English.	제 아내가 영국인입니다.	AUG1004.SND
AUG1004.SBE	4	265	315	Perhaps because of this.	아마 그 때문이겠지요.	AUG1004.SND
AUG1004.SBE	5	316	345	It's more than that.	그것만은 아닙니다.	AUG1004.SND
AUG1004.SBE	6	346	435	It's the way you dress, the way you carry yourself.	옷차림도 그렇고, 몸가짐도 그렇고요.	AUG1004.SND
AUG1004.SBE	7	436	500	And, of course, you speak English so beautifully.	무엇보다 영어를 정말 아름답게 구사하시잖습니까.	AUG1004.SND
AUG1004.SBE	8	501	585	I would never have believed you were German.	독일인이라고는 상상도 못 했을 겁니다.	AUG1004.SND
AUG1004.SBE	9	586	630	Is that all? Ha-ha.	그게 다예요? 하하.	AUG1004.SND
AUG1004.SBE	10	660	780	But really, miss Wolff, your own English is also very good.	하지만 정말로, 미스 볼프의 영어도 아주 훌륭합니다.	AUG1004.SND
AUG1005.SBE	0	1	100	Oh, I could go on talking like this forever.	아, 이렇게라면 밤새 이야기할 수도 있겠네요.	AUG1005.SND
AUG1005.SBE	1	121	285	But... I'm so tired, I can hardly keep my eyes open.	하지만... 너무 피곤해서 눈을 뜨고 있기가 힘들어요.	AUG1005.SND
AUG1005.SBE	2	300	435	I too wish we could go on talking forever!	저도 영원히 이야기를 계속하고 싶은 마음입니다!	AUG1005.SND
AUG1005.SBE	3	465	491	Good night, herr Schmidt.	안녕히 주무세요, 헤어 슈미트.	AUG1005.SND
AUG1052.SBE	0	0	90	Bonsoir Monsieur. Does Monsieur wish to order dinner?	봉수아르, 무슈. 저녁을 주문하시겠습니까?	AUG1052.SND
AUG1052.SBE	1	90	277	Yes, I will have the roast duck and... a bottle of '96 Bordeaux.	예, 로스트 덕으로 하고... 96년 보르도 한 병 주세요.	AUG1052.SND
AUG1052.SBE	2	277	327	Very good Monsieur.	알겠습니다, 무슈.	AUG1052.SND
AUG1053.SBE	0	0	86	Here, Monsieur, is the roast duck.	무슈, 로스트 덕 나왔습니다.	AUG1053.SND
AUG1053.SBE	1	86	111	Thank you.	고맙습니다.	AUG1053.SND
AUG1100A.SBE	0	5	26	Excuse me.	실례합니다.	AUG1100A.SND
AUG1100B.SBE	0	6	25	Excuse me.	실례합니다.	AUG1100B.SND
AUG1100C.SBE	0	5	40	Excuse me, please.	실례하겠습니다.	AUG1100C.SND
AUG1100D.SBE	0	1	17	Excuse me.	실례합니다.	AUG1100D.SND
AUG1128A.SBE	0	1	16	Yes?	예?	AUG1128A.SND
AUG1128B.SBE	0	1	15	Yes?	예?	AUG1128B.SND
AUG1128E.SBE	0	1	41	Who is it outside?	밖에 누구죠?	AUG1128E.SND
AUG1128F.SBE	0	1	15	Who is it?	누구죠?	AUG1128F.SND
AUG1128G.SBE	0	1	16	Come in.	들어오세요.	AUG1128G.SND
AUG1128H.SBE	0	7	45	Yes, come in!	네, 들어오세요!	AUG1128H.SND
AUG1128I.SBE	0	6	36	Please come in.	들어오십시오.	AUG1128I.SND
AUG2094.SBE	0	1	30	Conductor!	차장!	AUG2094.SND
AUG2094.SBE	1	60	120	Would you see that my compartment is locked	제가 점심 먹는 동안 제 객실 문 잠기는지	AUG2094.SND
AUG2094.SBE	2	121	213	while I am at lunch, please?	확인해 주시겠습니까?	AUG2094.SND
AUG2094B.SBE	0	1	27	Right away, monsieur.	곧바로 하겠습니다, 무슈.	AUG2094B.SND
AUG2094C.SBE	0	1	25	Yes, monsieur.	예, 무슈.	AUG2094C.SND
AUG2095.SBE	0	1	81	Conductor? Would you lock my door, please?	차장, 제 문 좀 잠가주시겠습니까?	AUG2095.SND
AUG2095A.SBE	0	1	29	Of course, monsieur.	물론입니다, 무슈.	AUG2095A.SND
AUG2096.SBE	0	1	100	Conductor? Would you unlock my compartment, please?	차장, 제 객실 문 좀 열어주시겠습니까?	AUG2096.SND
AUG2096A.SBE	0	1	39	Right away, monsieur.	곧바로 하겠습니다, 무슈.	AUG2096A.SND
AUG2097.SBE	0	1	49	- There you are, monsieur. - Thank you.	- 여기 있습니다, 무슈. - 감사합니다.	AUG2097.SND
AUG2098.SBE	0	1	45	There you are, monsieur.	여기 있습니다, 무슈.	AUG2098.SND
AUG2098.SBE	1	46	90	Is everything all right?	문제없으십니까?	AUG2098.SND
AUG2098.SBE	2	91	148	Everything is fine. Thank you.	네, 괜찮습니다. 감사합니다.	AUG2098.SND
AUG2113.SBE	0	0	67	Is everything to your satisfaction Monsieur?	모든 것이 마음에 드십니까, 무슈?	AUG2113.SND
AUG2113.SBE	1	67	113	Yes, thank you.	네, 감사합니다.	AUG2113.SND
AUG2113.SBE	2	113	176	Would Monsieur like anything else?	더 필요하신 건 없으십니까, 무슈?	AUG2113.SND
AUG2113.SBE	3	204	247	Perhaps another roll.	빵 하나만 더 주시지요.	AUG2113.SND
AUG2113.SBE	4	247	288	Right away Monsieur.	곧 가져오겠습니다, 무슈.	AUG2113.SND
AUG2114.SBE	0	1	60	Shall we order some champagne?	샴페인 주문할까요?	AUG2114.SND
AUG2114.SBE	1	61	150	Champagne? It's not even 10 o'clock.	샴페인요? 아직 10시도 안 됐는데.	AUG2114.SND
AUG2114.SBE	2	151	180	So what?	그래서요?	AUG2114.SND
AUG2114.SBE	3	181	275	You're really a rather wonderful, do you know that?	당신, 정말 멋진 사람인 거 아시나요?	AUG2114.SND
AUG2114A.SBE	0	0	82	Excuse me, ladies.	실례합니다, 숙녀분들.	AUG2114A.SND
AUG2114A.SBE	1	82	180	I could not help overhearing you discuss champagne.	샴페인 말씀하시는 걸 듣고 그냥 지나칠 수가 없었습니다.	AUG2114A.SND
AUG2114A.SBE	2	180	256	That is a subject I know something about.	그건 제가 좀 아는 분야입니다.	AUG2114A.SND
AUG2114A.SBE	3	269	415	May I invite you to join me in a bottle of Veuve Clicquot 1906?	뵈브 클리코 1906 한 병, 함께하시겠습니까?	AUG2114A.SND
AUG2114A.SBE	4	415	463	Oh, we couldn't possibly...	아, 저희가 그럴 수는...	AUG2114A.SND
AUG2114A.SBE	5	463	552	Oh why, thank you. You're very kind.	어머, 감사합니다. 정말 친절하시네요.	AUG2114A.SND
AUG2114A.SBE	6	552	579	Sophie!	소피!	AUG2114A.SND
AUG2114A.SBE	7	592	711	Allow me to introduce myself. My name is August Schmidt.	먼저 인사드리겠습니다. 아우구스트 슈미트입니다.	AUG2114A.SND
AUG2114A.SBE	8	711	760	Sophie de Bretheuil.	소피 드 브레퇴유예요.	AUG2114A.SND
AUG2114A.SBE	9	760	865	And this timid person is Mademoiselle Norton.	그리고 이 수줍은 아가씨는 마드무아젤 노턴이에요.	AUG2114A.SND
AUG2114A.SBE	10	865	900	You are French?	프랑스 분이십니까?	AUG2114A.SND
AUG2114A.SBE	11	900	1022	I'm Bohemian. And Mademoiselle Norton is English.	저는 보헤미아 출신이에요. 마드무아젤 노턴은 영국인이고요.	AUG2114A.SND
AUG2114A.SBE	12	1022	1120	Indeed? And how far will you be travelling?	그렇습니까? 어디까지 가실 예정이시죠?	AUG2114A.SND
AUG2114A.SBE	13	1120	1193	As far as possible, thank you.	갈 수 있는 데까지요, 고마워요.	AUG2114A.SND
AUG2114A.SBE	14	1193	1250	And you, Monsieur August?	그쪽은요, 무슈 아우구스트?	AUG2114A.SND
AUG2114A.SBE	15	1250	1325	Um... Schmidt. August Schmidt.	음... 슈미트입니다. 아우구스트 슈미트.	AUG2114A.SND
AUG2114A.SBE	16	1325	1368	I'm travelling on business.	일 때문에 가는 길입니다.	AUG2114A.SND
AUG2114A.SBE	17	1368	1456	A simple transaction and then back to Munich,	간단한 거래 하나 마치고 나면	AUG2114A.SND
AUG2114A.SBE	18	1456	1502	to my wife and children.	뮌헨에 있는 아내와 아이들에게 돌아가야지요.	AUG2114A.SND
AUG2114A.SBE	19	1502	1538	How lovely.	좋네요.	AUG2114A.SND
AUG2114A.SBE	20	1538	1608	It's too bad your wife couldn't come with you.	부인께서 함께 못 오신 건 아쉽네요.	AUG2114A.SND
AUG2114A.SBE	21	1608	1698	Yes, it must be hard on her to have you away.	그러게요, 당신이 자주 비우면 힘드시겠어요.	AUG2114A.SND
AUG2114A.SBE	22	1698	1761	Oh well, she has the children.	뭐, 아이들이 있으니까요.	AUG2114A.SND
AUG2114A.SBE	23	1779	1889	But it is true, I do travel a great deal.	그래도 사실 저는 출장이 아주 잦습니다.	AUG2114A.SND
AUG2114A.SBE	24	1889	1938	Are you ladies travelling alone?	두 분은 여성끼리만 여행 중이십니까?	AUG2114A.SND
AUG2114A.SBE	25	1938	2004	No, I'm travelling with Sophie.	아뇨, 저는 소피와 같이 가요.	AUG2114A.SND
AUG2114A.SBE	26	2004	2052	And Sophie is travelling with me.	그리고 소피도 저와 함께죠.	AUG2114A.SND
AUG2114A.SBE	27	2052	2141	Ah, yes. Of course.	아, 그렇군요. 물론입니다.	AUG2114A.SND
AUG2114A.SBE	28	2141	2266	You should go careful in these foreign countries.	이국 땅에서는 조심하셔야 합니다.	AUG2114A.SND
AUG2114A.SBE	29	2266	2322	Two young ladies like yourselves.	두 분처럼 젊은 숙녀들이라면 더더욱요.	AUG2114A.SND
AUG2114A.SBE	30	2322	2414	In the East things are not always what they seem.	동쪽으로 갈수록 겉보기와 다른 일이 많습니다.	AUG2114A.SND
AUG2114A.SBE	31	2414	2536	And you, Monsieur August? Are you always what you seem?	그쪽은요, 무슈 아우구스트? 늘 겉보기 그대로인 분인가요?	AUG2114A.SND
AUG2114A.SBE	32	2536	2569	Schmidt.	슈미트입니다.	AUG2114A.SND
AUG2114A.SBE	33	2569	2651	Why? What do I seem?	왜죠? 제가 어떻게 보이는데요?	AUG2114A.SND
AUG2114A.SBE	34	2651	2757	To me, I think you seem like a man with many secrets.	제 눈엔 비밀이 아주 많은 남자로 보여요.	AUG2114A.SND
AUG2114A.SBE	35	2757	2856	Secrets? Me? Haha.	비밀이요? 제가요? 하하.	AUG2114A.SND
AUG2114A.SBE	36	2856	2902	Oh, yes.	아, 맞아요.	AUG2114A.SND
AUG2114A.SBE	37	2915	2954	I will tell you.	말해 드릴게요.	AUG2114A.SND
AUG2114A.SBE	38	2954	3125	For me, to be sitting here talking in this delightful way with two so enchanting	이토록 매혹적인 두 숙녀와 이렇게 즐겁게 마주 앉아 이야기하는 일 자체가	AUG2114A.SND
AUG2114A.SBE	39	3125	3223	and beautiful young ladies, this is a secret	제게는 아주 은밀한 즐거움이지요.	AUG2114A.SND
AUG2114A.SBE	40	3223	3369	I would do better not to tell my wife.	아내에겐 굳이 말하지 않는 편이 낫겠습니다.	AUG2114A.SND
AUG2115.SBE	0	1	150	Darling, I think I feel another one of my headaches is coming on.	자기, 또 두통이 오려는 것 같아.	AUG2115.SND
AUG2115.SBE	1	151	240	Oh no. You'd better lie down right away.	어머, 안 돼. 당장 가서 누워.	AUG2115.SND
AUG2115.SBE	2	241	330	It was a pleasure to meet you, monsieur August.	만나서 즐거웠어요, 무슈 아우구스트.	AUG2115.SND
AUG2115.SBE	3	331	420	We'll drink that champagne another time, yes?	샴페인은 다음에 같이 마셔요, 그렇죠?	AUG2115.SND
AUG2115.SBE	4	421	476	You have my word of honor.	명예를 걸고 약속드리지요.	AUG2115.SND
AUG3006.SBE	0	1	30	In Vienna?	비엔나에서요?	AUG3006.SND
AUG3006.SBE	1	31	120	But didn't you say you were going to Constantinople?	콘스탄티노플까지 가신다고 하지 않으셨나요?	AUG3006.SND
AUG3006.SBE	2	121	210	Yes, but my plans have changed. Business.	네, 하지만 계획이 바뀌었습니다. 일 때문이지요.	AUG3006.SND
AUG3006.SBE	3	211	270	Must you really get off in Vienna?	정말 비엔나에서 내리셔야 하나요?	AUG3006.SND
AUG3006.SBE	4	271	390	You make me feel very sorry to do so, madame.	마담께서 그렇게 말씀하시니 더 아쉽군요.	AUG3006.SND
AUG3006.SBE	5	391	474	I was looking forward to enjoying your company for the whole journey.	여정 내내 함께할 수 있길 기대하고 있었습니다.	AUG3006.SND
AUG3006A.SBE	0	1	135	What is your business, anyway? You make it sound so mysterious.	도대체 무슨 일을 하시길래요? 말씀하실 때마다 너무 비밀스러워요.	AUG3006A.SND
AUG3006A.SBE	1	136	210	I am afraid you would find it very boring.	지루하게 느끼실까 걱정됩니다.	AUG3006A.SND
AUG3006A.SBE	2	211	300	But without going into detail,	자세히 말씀드릴 수는 없지만,	AUG3006A.SND
AUG3006A.SBE	3	301	390	I will say that my work here is not only commerce.	제가 하는 일은 단순한 상업만은 아닙니다.	AUG3006A.SND
AUG3006A.SBE	4	391	535	And that in my own small way, I'm doing my part for the fatherland.	저 나름대로 조국을 위해 맡은 몫을 하고 있지요.	AUG3006A.SND
AUG3007.SBE	0	1	90	I too studied music in my youth.	저도 젊을 때 음악을 공부했습니다.	AUG3007.SND
AUG3007.SBE	1	91	180	If I may say so, I was not without promise.	스스로 말하긴 뭣하지만, 재능이 아주 없진 않았습니다.	AUG3007.SND
AUG3007.SBE	2	181	270	Alas, life had other plans for me.	하지만 인생은 제게 다른 길을 준비해 두었더군요.	AUG3007.SND
AUG3007.SBE	3	271	390	We're none of us free to choose our own destiny, herr Schmidt.	우리 중 누구도 자기 운명을 마음대로 고를 수는 없지요, 헤어 슈미트.	AUG3007.SND
AUG3007.SBE	4	391	450	Ah. But when you play, madame,	아... 하지만 마담이 연주하실 때면,	AUG3007.SND
AUG3007.SBE	5	451	540	you make all of us feel that we are free	우리 모두가 자유롭다고 느끼게 됩니다.	AUG3007.SND
AUG3007.SBE	6	541	613	and that we can fly with wings.	정말로 날개를 달고 날아오를 수 있을 것처럼요.	AUG3007.SND
AUG3007A.SBE	0	1	105	And also you know I can carry my violin anywhere I go.	게다가 전 어디든 바이올린을 들고 갈 수 있잖아요.	AUG3007A.SND
AUG3007A.SBE	1	106	180	With a piano it's a little bit more difficult.	피아노는 그게 좀 어렵지요.	AUG3007A.SND
AUG3007A.SBE	2	219	378	But, Herr Schmidt, I really am interested in what you do.	그래도 헤어 슈미트, 당신이 하는 일이 정말 궁금해요.	AUG3007A.SND
AUG3008.SBE	0	1	90	I'd better get ready for the concert now.	이제 연주회 준비를 해야겠어요.	AUG3008.SND
AUG3008.SBE	1	91	150	I will be in the front row.	저는 맨 앞줄에 있겠습니다.	AUG3008.SND
AUG3008.SBE	2	151	180	You're very kind, herr Schmidt.	친절하시네요, 헤어 슈미트.	AUG3008.SND
AUG3008.SBE	3	181	238	Please, call me August.	그냥 아우구스트라고 불러 주십시오.	AUG3008.SND
AUG3009.SBE	0	1	120	Fraulein Wolff, wonderful. Wunderbar.	프로일라인 볼프, 훌륭했습니다. 분더바.	AUG3009.SND
AUG3009.SBE	1	121	150	Oh, thank you.	아, 고마워요.	AUG3009.SND
AUG3009.SBE	2	165	255	Will you join me in a glass of champagne?	샴페인 한 잔 함께하시겠습니까?	AUG3009.SND
AUG3009.SBE	3	256	360	You're kind, but I'm a little tired just now.	마음은 고맙지만, 지금은 조금 피곤하네요.	AUG3009.SND
AUG3009.SBE	4	361	391	Thank you.	고마워요.	AUG3009.SND
AUG3009A.SBE	0	1	55	Then, how about dinner?	그럼 저녁은 어떻습니까?	AUG3009A.SND
AUG3100.SBE	0	1	71	Not here. Come to my compartment.	여긴 안 됩니다. 제 객실로 오십시오.	AUG3100.SND
AUG3101.SBE	0	1	69	Not now. Wait 5 minutes.	지금은 안 됩니다. 5분 뒤에요.	AUG3101.SND
AUG3102.SBE	0	1	74	Not now. After the concert.	지금은 안 됩니다. 연주회가 끝난 뒤에요.	AUG3102.SND
AUG3103.SBE	0	1	31	In the smoking car.	흡연칸에서요.	AUG3103.SND
AUG4001.SBE	0	0	42	Excuse me, Monsieur.	실례합니다, 무슈.	AUG4001.SND
AUG4001.SBE	1	42	106	I bring you a message from Madame Wolff.	마담 볼프께서 전갈을 보내셨습니다.	AUG4001.SND
AUG4001.SBE	2	106	128	Yes?	예?	AUG4001.SND
AUG4001.SBE	3	128	226	Madame regrets to say Monsieur that she is indisposed,	마담께서 몸이 편찮으셔서	AUG4001.SND
AUG4001.SBE	4	226	314	she will be unable to join you for dinner this evening.	오늘 저녁은 함께하지 못하신다며 유감이라고 전해달라고 하셨습니다.	AUG4001.SND
AUG4001.SBE	5	314	369	I'm most sorry, Monsieur.	정말 죄송합니다, 무슈.	AUG4001.SND
AUG4001.SBE	6	390	512	Will Monsieur still be wanting the special wine and champagne?	그래도 특별 와인과 샴페인은 그대로 준비해 드릴까요, 무슈?	AUG4001.SND
AUG4001.SBE	7	534	669	If Monsieur wishes, it is, of course, possible to revise the selection.	원하시면 주문을 바꾸실 수도 있습니다, 무슈.	AUG4001.SND
AUG4001.SBE	8	702	759	Shall be as we discussed.	아니요, 아까 논의한 대로 하지요.	AUG4001.SND
AUG4001.SBE	9	759	841	Bring the champagne first, then the wine with dinner.	샴페인을 먼저 가져오고, 저녁 때 와인을 내오시오.	AUG4001.SND
AUG4001.SBE	10	841	873	Very good, Monsieur.	알겠습니다, 무슈.	AUG4001.SND
AUG4002.SBE	0	0	36	Good evening Monsieur.	좋은 저녁입니다, 무슈.	AUG4002.SND
AUG4002.SBE	1	36	194	Good evening. I will have the steak with b괶rnaise sauce, medium rare.	좋은 저녁입니다. 베아르네즈 소스 스테이크를 미디엄 레어로 주시오.	AUG4002.SND
AUG4002.SBE	2	194	327	The steak with b괶rnaise sauce. Tr둺 bien Monsieur.	베아르네즈 소스 스테이크, 알겠습니다. 트레 비앙, 무슈.	AUG4002.SND
AUG4003.SBE	0	1	30	Yes, monsieur.	예, 무슈.	AUG4003.SND
AUG4003.SBE	1	31	150	Some brandy, please. Your best. With two glasses.	브랜디를 좀 주시오. 가장 좋은 것으로, 잔은 두 개.	AUG4003.SND
AUG4003.SBE	2	151	183	Very good, monsieur.	알겠습니다, 무슈.	AUG4003.SND
AUG4003A.SBE	0	1	35	Waiter!	웨이터!	AUG4003A.SND
AUG4004.SBE	0	1	30	Your brandy, monsieur.	브랜디 나왔습니다, 무슈.	AUG4004.SND
AUG4004.SBE	1	31	105	Thank you. You may leave the bottle.	고맙소. 병은 두고 가시오.	AUG4004.SND
AUG4004.SBE	2	106	130	Very good, monsieur.	알겠습니다, 무슈.	AUG4004.SND
AUG5002.SBE	0	1	27	Yes?	예?	AUG5002.SND
AUG5002A.SBE	0	1	21	Who is it?	누구죠?	AUG5002A.SND
AUG5002B.SBE	0	1	90	First you ask that we stay in the compartment.	먼저 객실에 있으라고 하시더니,	AUG5002B.SND
AUG5002B.SBE	1	91	165	And then you come and knock on the door!	이젠 직접 와서 문을 두드리시네요!	AUG5002B.SND
AUG5002B.SBE	2	166	285	Will you please explain to me why are you knocking on the door	열지 말라고 하면서 왜 문을 두드리는 건지	AUG5002B.SND
AUG5002B.SBE	3	286	343	if you don't want us to open it?	설명해 주시겠습니까?	AUG5002B.SND
AVRICOUR.SBE	0	0	100	Avricourt 1:12 am	아브리쿠르 오전 1:12	AVRICOUR.SND
BADENOOS.SBE	0	0	100	Baden Oos 4:30 am	바덴오스 오전 4:30	BADENOOS.SND
BARLEDUC.SBE	0	0	100	Bar Le Duc 10:45 pm	바르르뒤크 오후 10:45	BARLEDUC.SND
CAT1001.SBE	0	1	19	Miss Wolff?	미스 볼프?	CAT1001.SND
CAT1002.SBE	0	1	13	Herr Schmidt?	헤어 슈미트?	CAT1002.SND
CAT1002A.SBE	0	1	23	Herr Schmidt.	헤어 슈미트.	CAT1002A.SND
CAT1010.SBE	0	1	23	Tatiana?	타티아나?	CAT1010.SND
CAT1010A.SBE	0	1	21	Tatiana?	타티아나?	CAT1010A.SND
CAT1012.SBE	0	1	31	Mister Dolnikov?	미스터 돌니코프?	CAT1012.SND
CAT1012A.SBE	0	1	32	Mister Dolnikov.	미스터 돌니코프.	CAT1012A.SND
CAT1013.SBE	0	1	27	Mister Abbot.	미스터 애벗.	CAT1013.SND
CAT1014.SBE	0	1	29	Milos.	밀로스.	CAT1014.SND
CAT1014A.SBE	0	1	27	Milos?	밀로스?	CAT1014A.SND
CAT1014B.SBE	0	1	23	Milos.	밀로스.	CAT1014B.SND
CAT1015.SBE	0	1	16	Madame?	마담?	CAT1015.SND
CAT1015A.SBE	0	1	18	Madame?	마담?	CAT1015A.SND
CAT1019.SBE	0	1	19	Kahina?	카히나?	CAT1019.SND
CAT1019A.SBE	0	1	27	Kahina.	카히나.	CAT1019A.SND
CAT1021.SBE	0	1	25	Madame Boutarel?	마담 부타렐?	CAT1021.SND
CAT1022.SBE	0	1	24	Monsieur Boutarel?	무슈 부타렐?	CAT1022.SND
CAT1025.SBE	0	1	32	Excuse me, mister Makhta.	실례합니다, 미스터 마크타.	CAT1025.SND
CAT1025A.SBE	0	1	19	Mister Makhta.	미스터 마크타.	CAT1025A.SND
CAT1125.SBE	0	1	37	Sorry, wrong door.	죄송합니다, 문을 잘못 찾았습니다.	CAT1125.SND
CAT1125A.SBE	0	1	39	Sorry, my mistake.	죄송합니다, 제 실수입니다.	CAT1125A.SND
CAT1125B.SBE	0	1	67	Sorry. I can't keep these doors straight.	죄송합니다. 문이 다 비슷해서 자꾸 헷갈리네요.	CAT1125B.SND
CAT1125C.SBE	0	1	101	Sorry. These doors all look alike. My mistake.	죄송합니다. 문이 다 똑같아 보여서요. 제 실수입니다.	CAT1125C.SND
CAT1125D.SBE	0	1	17	Sorry.	죄송합니다.	CAT1125D.SND
CAT1126A.SBE	0	1	20	Pardon me.	실례합니다.	CAT1126A.SND
CAT1126B.SBE	0	1	17	Pardon me.	실례합니다.	CAT1126B.SND
CAT1126C.SBE	0	1	19	Excuse me.	실례합니다.	CAT1126C.SND
CAT1126D.SBE	0	1	18	Excuse me.	실례합니다.	CAT1126D.SND
CAT1127A.SBE	0	1	27	Pardon me.	실례합니다.	CAT1127A.SND
CAT1501.SBE	0	1	54	Oh. Excuse me, mister Makhta.	아, 실례합니다, 미스터 마크타.	CAT1501.SND
CAT1502.SBE	0	1	37	Oh, herr Schmidt, excuse me.	아, 헤어 슈미트, 실례합니다.	CAT1502.SND
CAT1502A.SBE	0	1	35	Oh. Excuse me, herr Schmidt.	아, 실례합니다, 헤어 슈미트.	CAT1502A.SND
CAT1503.SBE	0	1	51	Oh. Excuse me, mister Dolnikov.	아, 실례합니다, 미스터 돌니코프.	CAT1503.SND
CAT1504.SBE	0	1	37	Sorry, Milos. Wrong door.	미안해, 밀로스. 문을 잘못 찾았어.	CAT1504.SND
CAT1505.SBE	0	1	69	Sorry, madame, I was looking for Milos.	죄송합니다, 마담. 밀로스를 찾고 있었습니다.	CAT1505.SND
CAT1505A.SBE	0	1	44	Sorry, I'll come back later.	죄송합니다. 나중에 다시 오겠습니다.	CAT1505A.SND
CAT1506.SBE	0	1	32	Miss Wolff, excuse me.	미스 볼프, 실례합니다.	CAT1506.SND
CAT1506A.SBE	0	1	57	Oh. Miss Wolf, sorry I bothered you, my mistake.	아, 미스 볼프, 방해해서 죄송합니다. 제 실수예요.	CAT1506A.SND
CAT1508.SBE	0	1	60	Oh. Excuse me, miss Norton.	아, 실례합니다, 미스 노턴.	CAT1508.SND
CAT1508A.SBE	0	1	46	Miss Norton, excuse me.	미스 노턴, 실례합니다.	CAT1508A.SND
CAT1509.SBE	0	1	69	Mademoiselle de Bretheuil, excuse me.	마드무아젤 드 브레퇴유, 실례합니다.	CAT1509.SND
CAT1510.SBE	0	1	71	Madame Boutarel. Excuse me.	마담 부타렐, 실례합니다.	CAT1510.SND
CAT1511.SBE	0	1	67	Monsieur Boutarel. Excuse me.	무슈 부타렐, 실례합니다.	CAT1511.SND
CAT1512.SBE	0	1	35	Excuse me, Tatiana.	실례합니다, 타티아나.	CAT1512.SND
CAT1520.SBE	0	1	43	Just a minute.	잠깐만요.	CAT1520.SND
CAT1521.SBE	0	1	25	I'll be in a minute.	금방 나가겠습니다.	CAT1521.SND
CAT5001.SBE	0	1	21	Just checking.	확인만 하는 겁니다.	CAT5001.SND
CAT5001A.SBE	0	1	37	Sorry, just checking.	죄송합니다. 확인만 하겠습니다.	CAT5001A.SND
CAT5001B.SBE	0	1	84	Nothing to worry about. Just stay where you are, everything will be fine.	걱정하실 것 없습니다. 계신 곳에만 계세요, 다 괜찮을 겁니다.	CAT5001B.SND
CAT5001C.SBE	0	1	15	Just checking.	확인만 하는 겁니다.	CAT5001C.SND
CAT5001C.SBE	1	30	106	Nothing to worry about, just stay where you are. Everything will be fine.	걱정 마세요. 계신 곳에만 계시면 됩니다. 다 괜찮을 겁니다.	CAT5001C.SND
CHALONS.SBE	0	0	100	Chalons 9:41 pm	샬롱 오후 9:41	CHALONS.SND
CON1018.SBE	0	22	82	Excuse me, monsieur. This is the conductor.	실례합니다, 무슈. 차장입니다.	CON1018.SND
CON1018A.SBE	0	1	88	Monsieur Whitney, are you in there?	무슈 휘트니, 안에 계십니까?	CON1018A.SND
CON1018B.SBE	0	60	156	Monsieur Whitney, this is the conductor. Are you there please?	무슈 휘트니, 차장입니다. 안에 계십니까?	CON1018B.SND
CON1018D.SBE	0	1	15	Yes?	예?	CON1018D.SND
CON1018D.SBE	1	30	75	Excuse me, monsieur Whitney.	실례합니다, 무슈 휘트니.	CON1018D.SND
CON1018D.SBE	2	76	150	Herr Schmidt is waiting for you in the restaurant car.	헤어 슈미트가 식당칸에서 기다리고 있습니다.	CON1018D.SND
CON1018D.SBE	3	178	225	Shall I bring him a message?	전할 말씀을 받아갈까요?	CON1018D.SND
CON1018D.SBE	4	262	285	I'll be right there.	곧 가겠소.	CON1018D.SND
CON1018D.SBE	5	286	324	Very good, monsieur.	알겠습니다, 무슈.	CON1018D.SND
CON1018E.SBE	0	1	15	Yes?	예?	CON1018E.SND
CON1018E.SBE	1	30	90	Monsieur Whitney, excuse me.	무슈 휘트니, 실례합니다.	CON1018E.SND
CON1018E.SBE	2	91	180	His excellency wishes to receive you in his private car.	각하께서 전용 객차에서 만나길 원하십니다.	CON1018E.SND
CON1018E.SBE	3	181	219	He is waiting for you.	지금 기다리고 계십니다.	CON1018E.SND
CON1019.SBE	0	1	61	Excuse me, monsieur. This is the conductor.	실례합니다, 무슈. 차장입니다.	CON1019.SND
CON1023.SBE	0	15	42	Yes?	예?	CON1023.SND
CON1023.SBE	1	45	115	Conductor to make up your bed for the night, monsieur.	침대 정리를 위해 왔습니다, 무슈.	CON1023.SND
CON1023.SBE	2	117	151	One moment please.	잠시만 기다려 주세요.	CON1023.SND
CON1023A.SBE	0	10	38	Good evening, sir.	좋은 저녁입니다, 선생님.	CON1023A.SND
CON1023A.SBE	1	45	67	Good evening.	좋은 저녁입니다.	CON1023A.SND
CON1024.SBE	0	1	30	Who is it?	누구죠?	CON1024.SND
CON1024.SBE	1	45	100	It's the conductor to make your bed, monsieur.	침대 정리하러 온 차장입니다, 무슈.	CON1024.SND
CON1024.SBE	2	110	136	Wait a minute.	잠깐만요.	CON1024.SND
CON1025.SBE	0	1	80	Sorry, I must have pushed the button by accident.	죄송합니다. 제가 실수로 버튼을 눌렀나 봅니다.	CON1025.SND
CON1025.SBE	1	81	114	Very good, monsieur.	알겠습니다, 무슈.	CON1025.SND
CON1059.SBE	0	1	34	Right away, monsieur.	곧바로 하겠습니다, 무슈.	CON1059.SND
CON1059A.SBE	0	1	35	Almost all, monsieur.	거의 다 됐습니다, 무슈.	CON1059A.SND
CON1060.SBE	0	1	68	It's the conductor to make your bed, monsieur.	침대 정리하러 온 차장입니다, 무슈.	CON1060.SND
CON1061.SBE	0	1	37	Good night, monsieur.	안녕히 주무십시오, 무슈.	CON1061.SND
CON1062.SBE	0	16	76	Don't bother making up the bed.	침대 정리는 하지 마시오.	CON1062.SND
CON1062.SBE	1	77	149	I'll find it easier to sleep if you just leave it as it is.	지금 상태로 두는 편이 잠들기 더 편합니다.	CON1062.SND
CON1062.SBE	2	150	256	Monsieur would be surprised how comfortable our beds are.	저희 침대가 얼마나 편한지 무슈도 놀라실 겁니다.	CON1062.SND
CON1062.SBE	3	257	329	Many people who said they never sleep on trains find that...	열차에서는 절대 못 잔다던 분들도 막상 누우면...	CON1062.SND
CON1062.SBE	4	330	363	I told you to leave it!	그대로 두랬잖소!	CON1062.SND
CON1062.SBE	5	379	453	Of course, monsieur, it's as you wish.	물론입니다, 무슈. 원하시는 대로 하겠습니다.	CON1062.SND
CON1062.SBE	6	454	500	Have a pleasant night, monsieur.	편안한 밤 되십시오, 무슈.	CON1062.SND
CON1110.SBE	0	1	37	Excuse me, monsieur.	실례합니다, 무슈.	CON1110.SND
CON1110A.SBE	0	1	38	Excuse me, monsieur.	실례합니다, 무슈.	CON1110A.SND
CON1110B.SBE	0	1	42	Excuse me, monsieur.	실례합니다, 무슈.	CON1110B.SND
CON1110C.SBE	0	1	26	Excuse me.	실례합니다.	CON1110C.SND
CON1110D.SBE	0	1	34	Good day, monsieur Whitney.	좋은 하루입니다, 무슈 휘트니.	CON1110D.SND
CON1110E.SBE	0	1	39	Good evening, monsieur Whitney.	좋은 저녁입니다, 무슈 휘트니.	CON1110E.SND
CON1110F.SBE	0	1	54	Good night, monsieur Whitney. Sleep well.	안녕히 주무십시오, 무슈 휘트니. 편히 쉬세요.	CON1110F.SND
CON1110G.SBE	0	1	56	Good night, monsieur Whitney. Have a good sleep.	안녕히 주무십시오, 무슈 휘트니. 푹 주무세요.	CON1110G.SND
CON1110H.SBE	0	1	56	Good night, monsieur Whitney. Have a good sleep.	안녕히 주무십시오, 무슈 휘트니. 푹 주무세요.	CON1110H.SND
CON1111.SBE	0	1	29	Excuse me, madame.	실례합니다, 마담.	CON1111.SND
CON1111A.SBE	0	1	30	Excuse me, madame.	실례합니다, 마담.	CON1111A.SND
CON1112.SBE	0	1	30	Good evening, madame.	좋은 저녁입니다, 마담.	CON1112.SND
CON1112A.SBE	0	1	40	Good evening, madame. Excuse me.	좋은 저녁입니다, 마담. 실례합니다.	CON1112A.SND
CON1112B.SBE	0	1	25	Good day, madame.	좋은 하루입니다, 마담.	CON1112B.SND
CON1112C.SBE	0	1	36	Good day, madame. Excuse me.	좋은 하루입니다, 마담. 실례합니다.	CON1112C.SND
CON1112F.SBE	0	1	28	Good evening, monsieur.	좋은 저녁입니다, 무슈.	CON1112F.SND
CON1112G.SBE	0	1	24	Good day, monsieur.	좋은 하루입니다, 무슈.	CON1112G.SND
CON1150.SBE	0	8	49	Good evening, Jacques, how are you?	좋은 저녁이네, 자크. 잘 지내나?	CON1150.SND
CON1150.SBE	1	56	120	I'm waiting for retirement, young friend. What brought you over?	은퇴만 기다리는 처지지, 젊은 친구. 어쩐 일로 왔나?	CON1150.SND
CON1150.SBE	2	124	173	Nothing special. I'm just bored.	별일 아니에요. 그냥 심심해서요.	CON1150.SND
CON1150.SBE	3	177	224	Already? That's a bad start.	벌써? 시작부터 좋지 않군.	CON1150.SND
CON1150.SBE	4	231	282	Oh, you know, I've only got three beds to make	뭐, 아시잖아요. 제가 정리할 침대라곤 세 개뿐이고	CON1150.SND
CON1150.SBE	5	286	340	and one single passenger who seems to need me.	저를 찾는 승객도 딱 한 명뿐이니까요.	CON1150.SND
CON1150.SBE	6	347	403	What are you complaining about, you are exaggerating.	뭘 그리 불평해, 엄살이 심하군.	CON1150.SND
CON1150.SBE	7	408	457	Why don't you make their beds?	그 사람들 침대는 왜 안 정리하지?	CON1150.SND
CON1150.SBE	8	462	558	Well, I've got the harem in four compartments I can't enter...	제가 들어갈 수 없는 객실 네 칸에 하렘이 있고...	CON1150.SND
CON1150.SBE	9	563	631	the eunuch, who doesn't speak any language I've ever heard	환관은 제가 들어본 어느 말도 못 알아듣고,	CON1150.SND
CON1150.SBE	10	636	713	and draws his sword if I get close to one of his women...	그 여자들 근처만 가도 칼을 빼들고...	CON1150.SND
CON1150.SBE	11	718	772	and an American who won't let me make his bed.	어떤 미국인은 침대 정리도 못 하게 합니다.	CON1150.SND
CON1150.SBE	12	777	823	Whose bed does he want to sleep in?	그럼 도대체 누구 침대에서 자겠다는 거야?	CON1150.SND
CON1150.SBE	13	828	865	So, you think that's it!	그러니 제 말이 과장이 아니잖아요!	CON1150.SND
CON1151.SBE	0	14	33	And you?	자네 쪽은 어떤가?	CON1151.SND
CON1151.SBE	1	38	170	No problems. A sick old man, a child, a wolf, nothing special.	별문제 없지. 아픈 노인 하나, 아이 하나, 늑대 한 마리, 뭐 특별할 건 없어.	CON1151.SND
CON1151.SBE	2	172	261	But it's too bad that Mr. Jaur둺 didn't show up.	다만 조레스 씨가 타지 않은 건 아쉽군.	CON1151.SND
CON1151.SBE	3	263	324	That would have really been a pleasure.	정말 뵙고 싶었는데 말이야.	CON1151.SND
CON1151.SBE	4	328	367	Hold on. Did you say a wolf?	잠깐, 늑대라고 했나?	CON1151.SND
CON1151.SBE	5	369	456	Well, I'm no expert, but it sure looks like a wolf.	전문가는 아니지만, 아무리 봐도 늑대 같아.	CON1151.SND
CON1151.SBE	6	460	496	The child I've already seen.	아이는 이미 봤고.	CON1151.SND
CON1151.SBE	7	501	526	Of course.	그렇겠지.	CON1151.SND
CON1151.SBE	8	531	577	Oh well, I'd better get back.	그럼 난 돌아가 봐야겠다.	CON1151.SND
CON1151.SBE	9	581	669	If the German rings and I'm not there, there'll be war.	저 독일인이 벨 눌렀는데 내가 없으면 전쟁이라도 날 거야.	CON1151.SND
CON1151.SBE	10	673	707	Good night, my friend.	잘 자게, 친구.	CON1151.SND
CON1152.SBE	0	21	87	I hate to say it, because I'm enjoying this conversation so much,	이런 말 하긴 싫지만, 대화가 너무 즐거워도	CON1152.SND
CON1152.SBE	1	89	163	but I'm afraid we are not alone.	우리 둘만 있는 건 아닌 것 같군.	CON1152.SND
CON1152.SBE	2	169	254	The American? Don't worry, he doesn't understand a word of French.	저 미국인 말입니까? 걱정 마세요, 프랑스어는 한마디도 못 알아들어요.	CON1152.SND
CON1152.SBE	3	256	360	As we were leaving I asked him not to lean out the window.	나올 때 창밖으로 몸 내밀지 말라고 했는데,	CON1152.SND
CON1152.SBE	4	362	440	He didn't understand me. I had to repeat it in English.	못 알아들어서 영어로 다시 말해 줘야 했습니다.	CON1152.SND
CON1152.SBE	5	446	488	Oh well, if you're sure.	뭐, 확실하다면 됐지.	CON1152.SND
CON1152.SBE	6	492	539	With Americans you can rest easy.	미국인 앞에서는 마음 놓아도 돼.	CON1152.SND
CON1152.SBE	7	541	642	Even the ones who speak French can never understand it. See you later.	프랑스어 한다는 사람도 제대로 못 알아듣거든. 나중에 보세.	CON1152.SND
CON1152.SBE	8	647	681	Good night.	잘 자.	CON1152.SND
CON1200.SBE	0	5	35	Everything fine?	별일 없지?	CON1200.SND
CON1200.SBE	1	39	98	Not really. The police are in my car.	아니, 그렇지도 않아. 내 객차에 경찰이 들이닥쳤어.	CON1200.SND
CON1200.SBE	2	101	147	I know that, but why did you leave?	그건 아는데, 자넨 왜 나왔어?	CON1200.SND
CON1200.SBE	3	151	198	Oh well, if the eunuch wants to chop off their heads...	뭐, 환관이 그 사람들 목을 치고 싶다는데...	CON1200.SND
CON1200.SBE	4	202	225	that's not my problem.	그건 내 알 바 아니지.	CON1200.SND
CON1200.SBE	5	229	265	So what are they looking for?	그래서 뭘 찾고 있는데?	CON1200.SND
CON1200.SBE	6	268	359	Don't you know? They found a dead body on the tracks.	몰랐어? 선로에서 시신이 발견됐대.	CON1200.SND
CON1200.SBE	7	361	413	They seem to think it was thrown off of our train.	우리 열차에서 던져진 걸로 보는 모양이야.	CON1200.SND
CON1200.SBE	8	417	483	They're checking all the compartments in my car.	내 객차의 객실을 전부 검사 중이야.	CON1200.SND
CON1200.SBE	9	487	523	Yours is next.	다음은 자네 쪽이야.	CON1200.SND
CON1200.SBE	10	527	561	Who's dead?	누가 죽은 건데?	CON1200.SND
CON1200.SBE	11	565	620	A foreigner. The body hasn't been identified yet.	외국인이래. 아직 신원은 확인 안 됐고.	CON1200.SND
CON1200.SBE	12	625	693	Then why do they think it's one of ours?	그럼 왜 우리 열차 사람이라고 보는 거지?	CON1200.SND
CON1200.SBE	13	697	796	Our passenger list is complete. No one is missing.	승객 명단은 멀쩡해. 실종된 사람도 없어.	CON1200.SND
CON1200.SBE	14	800	898	Who knows? I'm just following orders.	누가 알겠어? 난 명령만 따를 뿐이지.	CON1200.SND
CON1200.SBE	15	902	1001	On this train, if it's not one thing it's another.	이 열차는 하루도 조용할 날이 없어.	CON1200.SND
CON1210.SBE	0	14	92	Ren? you spend more time here than in your own car.	르네, 자네는 자기 객차보다 여기서 보내는 시간이 더 많군.	CON1210.SND
CON1210.SBE	1	96	151	I tell you I have nothing to do.	정말 할 일이 없다니까.	CON1210.SND
CON1210.SBE	2	153	233	Number 9 is empty until Vienna... the harem is hiding...	9번 객실은 비엔나까지 비어 있고... 하렘 쪽은 숨어 지내고...	CON1210.SND
CON1210.SBE	3	235	319	and the eunuch will chop off my head if I go near them.	내가 가까이 가면 환관이 내 머릴 날려버릴 기세야.	CON1210.SND
CON1210.SBE	4	321	399	I've read my magazine three times, and here I am.	잡지를 세 번이나 읽고도 남아서 여기 온 거야.	CON1210.SND
CON1210.SBE	5	402	520	That's not a magazine you're reading. It has more pictures than text.	그건 잡지라기보다 그림책이지. 글보다 그림이 더 많잖아.	CON1210.SND
CON1210.SBE	6	522	595	That's no way to learn what's happening in the world.	그러고선 세상 돌아가는 걸 알 수가 없지.	CON1210.SND
CON1210.SBE	7	599	693	All right, for the return trip you can give me one of Mr. Jaur둺's pamphlets.	좋아, 돌아오는 길엔 조레스 씨 팸플릿 하나 내게 줘.	CON1210.SND
CON1210.SBE	8	697	809	Go ahead and laugh, but it's the Socialists who'll keep us out of war.	웃어도 좋지만, 우릴 전쟁에서 막아줄 건 사회주의자들이야.	CON1210.SND
CON1210.SBE	9	812	878	I'm not afraid of war. It's the Germans who want it, not us.	난 전쟁이 무섭지 않아. 원한 건 독일 놈들이지 우리가 아니야.	CON1210.SND
CON1210.SBE	10	880	939	But if they start...	하지만 그쪽이 먼저 시작하면...	CON1210.SND
CON1210.SBE	11	943	1020	That's not the point.	핵심은 그게 아니야.	CON1210.SND
CON1210.SBE	12	1022	1097	In modern warfare, nobody wins. Everyone loses.	현대전에서는 아무도 이기지 못해. 모두가 지지.	CON1210.SND
CON1210.SBE	13	1099	1148	It's the military, the politicians,	군부와 정치인들,	CON1210.SND
CON1210.SBE	14	1150	1225	the industrialists of all countries who are bringing us to war.	그리고 각국의 산업가들이 우리를 전쟁으로 몰아가고 있어.	CON1210.SND
CON1210.SBE	15	1227	1370	And it's us, the workers, the people, who will pay for it. As always.	그 대가는 늘 그렇듯 우리 노동자들, 민중이 치르게 되지.	CON1210.SND
CON1210.SBE	16	1374	1434	What are you saying? Are you a Socialist?	무슨 소릴 하는 거야? 자네 사회주의자야?	CON1210.SND
CON1210.SBE	17	1438	1505	I am a worker, like you.	나도 자네 같은 노동자야.	CON1210.SND
CON1210.SBE	18	1507	1616	The only way to avoid war is to organize all the workers	전쟁을 피할 유일한 길은 노동자들을 조직하는 거야.	CON1210.SND
CON1210.SBE	19	1618	1699	of Germany, France and England.	독일, 프랑스, 영국의 모든 노동자를.	CON1210.SND
CON1210.SBE	20	1703	1800	We're the ones who will suffer. Not the politicians.	고통받는 건 우리지, 정치인들이 아니야.	CON1210.SND
CON1210.SBE	21	1803	1892	Say what you want, but if they start... we'll take back the Alsace!	무슨 말을 하든, 놈들이 시작하면... 알자스를 되찾아야 해!	CON1210.SND
CON1210.SBE	22	1893	1923	And the Lorraine!	로렌도!	CON1210.SND
CON1210.SBE	23	1926	2058	You still don't get it. Modern war isn't fought with swords anymore.	아직도 모르겠나. 현대전은 칼로 싸우는 시대가 아니야.	CON1210.SND
CON1210.SBE	24	2060	2153	It would be a massacre. This is not 1870!	학살이 될 거야. 지금은 1870년이 아니라고!	CON1210.SND
CON1210A.SBE	0	11	62	Excuse me. I've got work to do.	실례합니다. 일하러 가봐야겠습니다.	CON1210A.SND
CON1210A.SBE	1	64	144	But your idea interests me. We'll have to finish this later.	하지만 자네 말엔 흥미가 가. 이야긴 나중에 마저 하세.	CON1210A.SND
CON1500.SBE	0	1	73	Monsieur, excuse me. That is not your compartment.	무슈, 실례합니다. 그곳은 무슈 객실이 아닙니다.	CON1500.SND
CON1500A.SBE	0	1	92	Excuse me, monsieur Whitney. This is not your compartment.	실례합니다, 무슈 휘트니. 그곳은 무슈 객실이 아닙니다.	CON1500A.SND
CON1500B.SBE	0	1	94	That is not your compartment, monsieur. Yours is number 1.	그곳은 무슈 객실이 아닙니다. 무슈 객실은 1번입니다.	CON1500B.SND
CON1500C.SBE	0	1	111	Monsieur, your compartment is number 1. The last one.	무슈 객실은 1번, 맨 끝 객실입니다.	CON1500C.SND
CON1501.SBE	0	1	83	Monsieur, that is herr Schmidt's compartment.	무슈, 그곳은 헤어 슈미트 객실입니다.	CON1501.SND
CON1501A.SBE	0	1	103	Monsieur, that is herr August Schmidt's compartment.	무슈, 그곳은 헤어 아우구스트 슈미트 객실입니다.	CON1501A.SND
CON1502.SBE	0	1	141	Excuse me, monsieur Whitney. That is monsieur Alexei Dolnikov's compartment.	실례합니다, 무슈 휘트니. 그곳은 무슈 알렉세이 돌니코프 객실입니다.	CON1502.SND
CON1502A.SBE	0	1	30	Monsieur,	무슈,	CON1502A.SND
CON1502A.SBE	1	31	172	that compartment belongs to monsieur Alexei Dolnikov, the young Russian gentleman.	그 객실은 젊은 러시아 신사, 무슈 알렉세이 돌니코프의 객실입니다.	CON1502A.SND
CON1503.SBE	0	1	110	Monsieur, that is monsieur Mahmud Makhta's compartment.	무슈, 그곳은 무슈 마흐무드 막타 객실입니다.	CON1503.SND
CON1503A.SBE	0	1	48	Don't do that, monsieur!	그러지 마십시오, 무슈!	CON1503A.SND
CON1503B.SBE	0	1	117	Monsieur, please. There will be trouble, I cannot be responsible.	무슈, 제발요. 그러다 문제가 생기면 제가 책임질 수 없습니다.	CON1503B.SND
CON1503C.SBE	0	1	135	Monsieur, excuse me! These compartments belong to the gentleman in number 4.	무슈, 실례합니다! 그 객실들은 4번 객실 신사분의 구역입니다.	CON1503C.SND
CON1503D.SBE	0	1	131	Monsieur, please! The gentleman in number 4... he would be very upset.	무슈, 제발요! 4번 객실의 신사분이 몹시 불쾌해하실 겁니다.	CON1503D.SND
CON1503E.SBE	0	1	119	Monsieur, please! The ladies do not like to be disturbed.	무슈, 제발요! 그 숙녀분들은 방해받는 걸 싫어하십니다.	CON1503E.SND
CON2010.SBE	0	14	99	So, you're here to continue our conversation from last night?	그래서, 어젯밤 대화를 이어가려고 온 건가?	CON2010.SND
CON2010.SBE	1	103	212	I've thought about it. And I found the contradiction in Mr. Jaur둺's idea.	곰곰이 생각해 봤는데, 조레스 씨 주장엔 모순이 있더군.	CON2010.SND
CON2010.SBE	2	216	265	Oh yes? Explain yourself!	그래? 어디 한번 설명해 봐!	CON2010.SND
CON2010.SBE	3	280	383	You say that if there's a war, it won't be Germany against France,	자네 말로는 전쟁이 나도 독일 대 프랑스가 아니라,	CON2010.SND
CON2010.SBE	4	390	447	it will be the workers against each other.	노동자들끼리 서로 싸우게 된다는 거지.	CON2010.SND
CON2010.SBE	5	453	478	Precisely.	정확해.	CON2010.SND
CON2010.SBE	6	482	570	And if they mobilize, we should call a general strike.	그리고 총동원이 걸리면 총파업을 해야 한다는 거고.	CON2010.SND
CON2010.SBE	7	575	613	If they mobilize, yes.	총동원이 걸리면, 그렇지.	CON2010.SND
CON2010.SBE	8	617	678	And that way, there'll be no war.	그러면 전쟁은 없어진다.	CON2010.SND
CON2010.SBE	9	683	790	Naturally, without the workers, there can't be a war.	당연하지. 노동자 없이는 전쟁도 못 하니까.	CON2010.SND
CON2010.SBE	10	794	850	With no railroads, no factories...	철도도, 공장도 다 멈추면...	CON2010.SND
CON2010.SBE	11	852	966	There's the hitch. If we go on strike but the German workers don't...	거기서 문제가 생겨. 우리가 파업해도 독일 노동자들이 안 하면...	CON2010.SND
CON2010.SBE	12	968	1000	...what happens then?	...그다음엔 어떻게 되지?	CON2010.SND
CON2010.SBE	13	1002	1030	Wait a minute...	잠깐만...	CON2010.SND
CON2010.SBE	14	1032	1121	Aha! That's the problem. They'll be in Paris in three days.	바로 그거야! 그러면 사흘이면 파리에 들어오겠지.	CON2010.SND
CON2010.SBE	15	1123	1191	And where will your Mr. Jaur둺 be then? In Brussels!	그때 자네 조레스 씨는 어디 있을 것 같나? 브뤼셀이지!	CON2010.SND
CON2010.SBE	16	1193	1258	Wait! You always simplify everything!	잠깐! 자넨 뭐든 너무 단순화해!	CON2010.SND
CON2010.SBE	17	1260	1318	Obviously we're talking about an international movement!	당연히 국제적 운동을 전제로 하는 말이잖아!	CON2010.SND
CON2010.SBE	18	1321	1400	Well, that's that. It's too bad Mr. Jaur둺 didn't come.	뭐, 됐어. 조레스 씨가 안 탄 게 아쉽군.	CON2010.SND
CON2010.SBE	19	1404	1464	I would have enjoyed asking him the question in person.	직접 얼굴 보고 그 질문을 던져 보고 싶었는데.	CON2010.SND
CON2010.SBE	20	1468	1550	You poor fool. Even if you had dared...	딱한 친구 같으니. 자네가 감히 물어봤다 한들...	CON2010.SND
CON2010.SBE	21	1553	1583	Admit it, I won the argument!	인정해. 이번 논쟁은 내가 이겼어!	CON2010.SND
CON2020.SBE	0	1	121	Monsieur, please. If you would blow the whistle in your own compartment.	무슈, 부탁드립니다. 호루라기는 객실 안에서 불어 주십시오.	CON2020.SND
CON3012.SBE	0	15	37	You again?	또 당신이오?	CON3012.SND
CON3012.SBE	1	43	124	Every time I do the Paris- Constantinople, I promise my wife	파리-콘스탄티노플 노선을 탈 때마다 아내에게 약속하지.	CON3012.SND
CON3012.SBE	2	129	243	to bring her back a piece of the East. Last time it was a copper bracelet.	동양 물건 하나는 꼭 사간다고. 지난번엔 구리 팔찌였고.	CON3012.SND
CON3012.SBE	3	248	333	This time it looks like a postcard at best.	이번엔 기껏해야 엽서 한 장이겠어.	CON3012.SND
CON3012.SBE	4	337	380	No tips?	팁도 없다고?	CON3012.SND
CON3012.SBE	5	384	487	The American is a big disappointment. And the Russian- forget him.	미국인은 크게 실망이고, 러시아인은 말할 것도 없어.	CON3012.SND
CON3012.SBE	6	491	569	Neither one seems to appreciate the concept of first class travel.	둘 다 일등석 여행의 의미를 전혀 모르더군.	CON3012.SND
CON3012.SBE	7	575	673	The German is usually a big spender, I've had him before,	독일인은 보통 큰손이지. 예전에도 태운 적 있는데,	CON3012.SND
CON3012.SBE	8	678	809	but this trip he's not in good form, he seems to have something on his mind.	이번엔 영 폼이 안 나. 뭔가 마음에 걸린 일이 있는 눈치야.	CON3012.SND
CON3012.SBE	9	812	853	Maybe your luck will change.	자네 운이 바뀔지도 모르지.	CON3012.SND
CON3012.SBE	10	855	948	I think he's got his eye on the musical angel of compartment F	그 사람 눈이 F 객실의 음악 천사를 향해 있더군.	CON3012.SND
CON3012.SBE	11	951	1045	who's been serenading us so sweetly all morning.	아침 내내 달콤하게 우리 귀를 즐겁게 해주던 그 아가씨 말이야.	CON3012.SND
CON3012.SBE	12	1047	1128	When a gentleman wants to impress a lady, he can be counted on	신사가 숙녀에게 잘 보이고 싶을 때는	CON3012.SND
CON3012.SBE	13	1130	1227	to throw lots of money around.	돈을 팍팍 쓰기 마련이지.	CON3012.SND
CON3012.SBE	14	1231	1297	Oh well, if you're right maybe some of it will land on me.	뭐, 자네 말이 맞다면 그중 좀 내게도 떨어지겠군.	CON3012.SND
CON3012.SBE	15	1301	1385	Anyway, I'm pinning my hopes on the harem's escort.	아무튼 난 하렘 호위인에게 기대를 걸고 있어.	CON3012.SND
CON3012.SBE	16	1387	1429	You know who they belong to, don't you?	그들이 누구 사람인지는 알지?	CON3012.SND
CON3012.SBE	17	1470	1495	I don't believe it!	설마, 그럴 리가!	CON3012.SND
CON3012.SBE	18	1498	1556	With someone like that you never know.	저런 사람은 끝까지 가봐야 알아.	CON3012.SND
CON3012.SBE	19	1558	1651	They treat you like dirt, spit in your face, threaten you...	사람을 벌레 보듯 대하고, 면전에 침 뱉고, 협박하다가...	CON3012.SND
CON3012.SBE	20	1654	1776	and then a little gift at the end and you can retire to the C뱓e d'Azur.	끝에 선물 하나 툭 쥐여 주면 코트다쥐르에서 은퇴도 가능하지.	CON3012.SND
CON3012.SBE	21	1780	1903	Not me. I've got my retirement all set up and it's not in France.	난 아니야. 은퇴 준비는 다 돼 있고, 그곳도 프랑스는 아니거든.	CON3012.SND
CON3012.SBE	22	1907	2011	1914 is my last year in Europe.	1914년이 내 유럽 생활의 마지막 해다.	CON3012.SND
CON3012.SBE	23	2016	2071	You can't wait, eh?	못 기다리겠다는 거군, 응?	CON3012.SND
CON3012.SBE	24	2074	2148	If you could see the nice little house that's waiting for me in Algiers,	알제에서 날 기다리는 예쁜 집을 보면	CON3012.SND
CON3012.SBE	25	2151	2284	you wouldn't miss Europe either. It's paradise, if you know how to enjoy it.	자네도 유럽이 안 그리울 거야. 즐길 줄만 알면 거긴 낙원이지.	CON3012.SND
CON3012.SBE	26	2287	2343	Ask the ladies in the last compartments.	맨 끝 객실 숙녀분들께 물어봐.	CON3012.SND
CON3012.SBE	27	2346	2475	Careful, you don't want to jeopardize your reward at the end of the trip.	조심해. 그러다 여정 끝 보상 날아간다.	CON3012.SND
CON3012.SBE	28	2478	2606	The only reward I'll get from this guy is a sword in the belly.	저 사람에게서 내가 받을 보상은 배에 칼 맞는 것뿐이야.	CON3012.SND
CON3012.SBE	29	2610	2643	So long.	그럼 이만.	CON3012.SND
CON3012.SBE	30	2645	2704	See you later!	나중에 보자!	CON3012.SND
CON3020.SBE	0	8	60	It's the conductor, sir. Did you ring?	차장입니다, 선생님. 부르셨습니까?	CON3020.SND
CON3051.SBE	0	8	71	Good day, mademoiselle. His Excellency is waiting for you.	안녕하세요, 마드무아젤. 각하께서 기다리고 계십니다.	CON3051.SND
CON3052.SBE	0	1	89	- Herr Schmidt, please, right this way. - Thank you.	- 헤어 슈미트, 이쪽으로 오십시오. - 감사합니다.	CON3052.SND
CON3053.SBE	0	1	69	- Monsieur Whitney, this way, please. - Thanks.	- 무슈 휘트니, 이쪽으로 오십시오. - 고마워요.	CON3053.SND
CON3054.SBE	0	1	90	Monsieur Whitney, we have already started, but please, go ahead.	무슈 휘트니, 이미 시작했지만 어서 들어가십시오.	CON3054.SND
CON3054.SBE	1	91	118	Thanks.	고맙소.	CON3054.SND
CON5001.SBE	0	21	98	Make sure the passengers stay in their compartments.	승객들이 객실에 머물도록 하시오.	CON5001.SND
CON5001.SBE	1	100	200	The kitchen crew too. I don't want to see anyone in the corridor.	주방 직원들도 마찬가지요. 복도에 아무도 있어선 안 됩니다.	CON5001.SND
CON5001.SBE	2	203	241	Yes, sir.	예, 선생님.	CON5001.SND
CON5001.SBE	3	244	347	Remember, our top priority is to protect the lives of the passengers.	명심하시오. 최우선은 승객들의 생명 보호요.	CON5001.SND
CON5001.SBE	4	350	408	We don't need any dead heroes.	죽은 영웅은 필요 없습니다.	CON5001.SND
CON5001.SBE	5	413	459	Yes, sir. You can count on me.	예, 선생님. 제게 맡기십시오.	CON5001.SND
CON5002.SBE	0	4	30	Yes, who is it?	네, 누구죠?	CON5002.SND
CON5002A.SBE	0	1	75	Monsieur, would you please return to your compartment?	무슈, 객실로 돌아가 주시겠습니까?	CON5002A.SND
CON5002A.SBE	1	90	143	It is for your own safety, monsieur.	무슈의 안전을 위한 조치입니다.	CON5002A.SND
DEUTSCHA.SBE	0	0	100	Deutsch Avricourt 1:18 am	도이치-아브리쿠르 오전 1:18	DEUTSCHA.SND
EPERNAY.SBE	0	0	100	Epernay 9:16 pm	에페르네 오후 9:16	EPERNAY.SND
FRA1001.SBE	0	1	31	Excuse me.	실례합니다.	FRA1001.SND
FRA1001A.SBE	0	1	38	Excuse me.	실례합니다.	FRA1001A.SND
FRA1001B.SBE	0	1	31	Excuse me.	실례합니다.	FRA1001B.SND
FRA1001C.SBE	0	1	27	Excuse me.	실례합니다.	FRA1001C.SND
FRA2005A.SBE	0	13	62	Wait! Wait!	기다려! 기다려!	FRA2005A.SND
FRA2005A.SBE	1	73	124	Aha! Gotcha!	아하! 잡았다!	FRA2005A.SND
FRA2005B.SBE	0	15	114	Hey! Come back! I won't hurt you!	야! 돌아와! 해치지 않을게!	FRA2005B.SND
FRA2005C.SBE	0	9	41	Where'd you go?	어디 갔어?	FRA2005C.SND
FRA2010.SBE	0	14	69	I saw a black beetle.	검은 딱정벌레를 봤어.	FRA2010.SND
FRA2010.SBE	1	75	108	Really.	정말이야.	FRA2010.SND
FRA2010.SBE	2	120	174	Yes, and I caught it...	응, 내가 잡았는데...	FRA2010.SND
FRA2010.SBE	3	178	231	...but it escaped.	...도망가 버렸어.	FRA2010.SND
FRA2011.SBE	0	14	113	The big one is the father and the little one is the son.	큰 건 아버지고 작은 건 아들이야.	FRA2011.SND
FRA2011.SBE	1	116	183	They're going to the desert.	둘은 사막으로 가는 길이야.	FRA2011.SND
FRA2011.SBE	2	187	365	But the train is attacked by soldiers! Bang! Bang! They shoot...	그런데 병사들이 열차를 공격해! 빵! 빵! 총을 쏴...	FRA2011.SND
FRA2011.SBE	3	369	527	The father is dead and... no, the father is injured and he shoots...	아버지는 죽고... 아니, 다치고 나서 다시 쏴...	FRA2011.SND
FRA2011.SBE	4	531	610	Bang-bang-bang! Got him!	빵빵빵! 맞혔다!	FRA2011.SND
FRA2011.SBE	5	616	715	But the son is dead. Poor kid.	하지만 아들은 죽었어. 불쌍한 아이.	FRA2011.SND
FRA2012.SBE	0	9	138	The Germans are on that side and the French are on this side.	저쪽은 독일군, 이쪽은 프랑스군이야.	FRA2012.SND
FRA2012.SBE	1	149	234	There. We can start now.	좋아. 이제 시작할 수 있어.	FRA2012.SND
FRA2012.SBE	2	250	482	Wait, wait! You stay here. And you go there. Now don't move.	잠깐, 잠깐! 넌 여기 있어. 넌 저기로 가. 이제 움직이지 마.	FRA2012.SND
FRA2012.SBE	3	510	667	If you don't listen, I'll pull your legs off. I'll tell you when to start.	말 안 들으면 다리 뽑아버릴 거야. 시작하라고 할 때까지 기다려.	FRA2012.SND
FRA2012.SBE	4	705	744	DON'T MOVE!	움직이지 마!	FRA2012.SND
FRA2012.SBE	5	765	824	Fran뇇is, try to play nicely.	프랑수아, 얌전히 좀 놀아라.	FRA2012.SND
FRA2012.SBE	6	853	1041	I told you not to move. Now, you can't move. I warned you.	움직이지 말랬지. 이제 넌 못 움직여. 경고했잖아.	FRA2012.SND
FRA2012.SBE	7	1063	1104	Okay, let's start over.	좋아, 처음부터 다시 하자.	FRA2012.SND
GALANTA.SBE	0	0	100	Galanta 8:47 pm	갈란타 오후 8:47	GALANTA.SND
HED1001.SBE	0	1	30	Good evening, monsieur.	좋은 저녁입니다, 무슈.	HED1001.SND
HED1001.SBE	1	31	120	We have a nice table for you here in the corner.	여기 구석에 좋은 자리를 마련해 두었습니다.	HED1001.SND
HED1001.SBE	2	121	161	If you will please follow me.	이쪽으로 따라오십시오.	HED1001.SND
HED1001A.SBE	0	1	46	Please, monsieur. Have a seat.	앉으십시오, 무슈.	HED1001A.SND
HED1002.SBE	0	1	33	Monsieur, excuse me.	무슈, 실례합니다.	HED1002.SND
HED1002A.SBE	0	1	31	Excuse me, monsieur.	실례합니다, 무슈.	HED1002A.SND
JAC1001.SBE	0	1	46	It's the conductor, madame.	차장입니다, 마담.	JAC1001.SND
JAC1001A.SBE	0	1	46	It's the conductor, madame.	차장입니다, 마담.	JAC1001A.SND
JAC1001B.SBE	0	1	51	It's the conductor, monsieur.	차장입니다, 무슈.	JAC1001B.SND
JAC1012.SBE	0	1	78	It's the conductor to make your bed, monsieur.	침대 정리하러 왔습니다, 무슈.	JAC1012.SND
JAC1012B.SBE	0	1	89	Conductor to make up your bed for the night, madame.	밤 침대 정리하러 왔습니다, 마담.	JAC1012B.SND
JAC1013.SBE	0	1	36	Good night, monsieur.	안녕히 주무십시오, 무슈.	JAC1013.SND
JAC1013A.SBE	0	1	31	Have a good night.	좋은 밤 되십시오.	JAC1013A.SND
JAC1030.SBE	0	31	101	It's the conductor to make your bed, madame.	침대 정리하러 왔습니다, 마담.	JAC1030.SND
JAC1111.SBE	0	1	41	Excuse me, monsieur.	실례합니다, 무슈.	JAC1111.SND
JAC1111A.SBE	0	1	40	Excuse me, monsieur.	실례합니다, 무슈.	JAC1111A.SND
JAC1111B.SBE	0	1	41	Excuse me, monsieur.	실례합니다, 무슈.	JAC1111B.SND
JAC1111C.SBE	0	1	22	Pardon me.	실례합니다.	JAC1111C.SND
JAC1111D.SBE	0	1	40	Excuse me, madame.	실례합니다, 마담.	JAC1111D.SND
JAC1112.SBE	0	1	37	Excuse me, monsieur.	실례합니다, 무슈.	JAC1112.SND
JAC1112B.SBE	0	1	24	Good day, madame.	안녕하세요, 마담.	JAC1112B.SND
JAC1112C.SBE	0	1	30	Good evening, madame.	좋은 저녁입니다, 마담.	JAC1112C.SND
JAC1112D.SBE	0	1	28	Good evening, monsieur.	좋은 저녁입니다, 무슈.	JAC1112D.SND
JAC1112E.SBE	0	1	27	Good day, monsieur.	안녕하세요, 무슈.	JAC1112E.SND
JAC1112F.SBE	0	1	35	Good evening, mademoiselle.	좋은 저녁입니다, 마드무아젤.	JAC1112F.SND
JAC1112G.SBE	0	1	37	Good day, mademoiselle.	안녕하세요, 마드무아젤.	JAC1112G.SND
JAC1113.SBE	0	1	69	Good night, monsieur Whitney. Until tomorrow.	안녕히 주무십시오, 무슈 휘트니. 내일 뵙겠습니다.	JAC1113.SND
JAC1113A.SBE	0	1	59	Good night, monsieur. Have a good sleep.	안녕히 주무십시오, 무슈. 푹 주무세요.	JAC1113A.SND
JAC1113B.SBE	0	1	45	Excuse me, monsieur Whitney.	실례합니다, 무슈 휘트니.	JAC1113B.SND
JAC1120.SBE	0	18	77	Little fellow, why don't you quiet down!	꼬마야, 좀 조용히 하지 못하겠니!	JAC1120.SND
JAC1120.SBE	1	102	240	Kids today... I wonder how they'll turn out!	요즘 아이들은... 커서 어쩌려는지 원.	JAC1120.SND
JAC1500.SBE	0	1	58	That is not your compartment, monsieur.	그곳은 무슈 객실이 아닙니다.	JAC1500.SND
JAC1500A.SBE	0	1	61	Monsieur, that is not your compartment.	무슈, 그곳은 무슈 객실이 아닙니다.	JAC1500A.SND
JAC1501.SBE	0	1	68	The Serbian gentlemen are not in, monsieur.	세르비아 신사분들은 지금 안 계십니다, 무슈.	JAC1501.SND
JAC1502.SBE	0	1	96	That is monsieur Milos Jovanovic's compartment, monsieur.	그곳은 무슈 밀로스 요바노비치 객실입니다, 무슈.	JAC1502.SND
JAC1502A.SBE	0	1	65	The Serbian gentleman is not in, monsieur.	세르비아 신사분은 지금 안 계십니다, 무슈.	JAC1502A.SND
JAC1503.SBE	0	1	55	Mademoiselle Wolff is not in, monsieur.	마드무아젤 볼프는 지금 안 계십니다, 무슈.	JAC1503.SND
JAC1503A.SBE	0	1	111	Excuse me, monsieur. This is mademoiselle Anna Wolff's compartment.	실례합니다, 무슈. 이곳은 마드무아젤 안나 볼프 객실입니다.	JAC1503A.SND
JAC1503B.SBE	0	1	74	Mademoiselle Wolff is at the concert, monsieur.	마드무아젤 볼프는 연주회에 계십니다, 무슈.	JAC1503B.SND
JAC1504.SBE	0	1	136	Excuse me, monsieur. Mademoiselle de Bretheuil and miss Norton are not in.	실례합니다, 무슈. 마드무아젤 드 브레퇴유와 미스 노턴은 지금 안 계십니다.	JAC1504.SND
JAC1504A.SBE	0	1	75	The young ladies are not in, monsieur.	아가씨들은 지금 안 계십니다, 무슈.	JAC1504A.SND
JAC1504B.SBE	0	1	76	Young ladies are at the concert, monsieur.	아가씨들은 연주회에 계십니다, 무슈.	JAC1504B.SND
JAC1505.SBE	0	1	102	Excuse me, monsieur. That is madame Boutarel's compartment.	실례합니다, 무슈. 그곳은 마담 부타렐 객실입니다.	JAC1505.SND
JAC1506.SBE	0	1	108	Excuse me, monsieur. That is monsieur Boutarel's compartment.	실례합니다, 무슈. 그곳은 무슈 부타렐 객실입니다.	JAC1506.SND
JAC1506A.SBE	0	1	45	Excuse me, monsieur.	실례합니다, 무슈.	JAC1506A.SND
JAC1506A.SBE	1	46	172	That is the compartment of monsieur Boutarel and the English gentleman.	그곳은 무슈 부타렐과 영국 신사분의 객실입니다.	JAC1506A.SND
JAC1506B.SBE	0	1	158	Excuse me, monsieur. That is the compartment of monsieur Boutarel and mister Abbot.	실례합니다, 무슈. 그곳은 무슈 부타렐과 미스터 애벗의 객실입니다.	JAC1506B.SND
JAC1507.SBE	0	1	136	Excuse me, monsieur. That is miss Tatiana Obolenskaya's compartment.	실례합니다, 무슈. 그곳은 미스 타티아나 오볼렌스카야 객실입니다.	JAC1507.SND
JAC1507A.SBE	0	1	117	Miss Obolenskaya is not in, monsieur. I believe she is at the concert.	미스 오볼렌스카야는 지금 안 계십니다, 무슈. 연주회에 계신 듯합니다.	JAC1507A.SND
JAC1508.SBE	0	1	148	Monsieur, this is not your compartment. You want the other sleeping car.	무슈, 여긴 무슈 객실이 아닙니다. 다른 침대칸으로 가셔야 합니다.	JAC1508.SND
JAC1508A.SBE	0	1	45	Excuse me, monsieur.	실례합니다, 무슈.	JAC1508A.SND
JAC1508A.SBE	1	60	232	That is count Obolensky's compartment. Your's is in the next sleeping car.	그곳은 오볼렌스키 백작 객실입니다. 무슈 객실은 다음 침대칸에 있습니다.	JAC1508A.SND
JAC2020.SBE	0	1	30	Monsieur, please.	무슈, 제발요.	JAC2020.SND
JAC2020.SBE	1	31	135	From a child I would expect this, but you are a grown man!	이런 건 아이에게나 할 법한 짓이지, 무슈는 어른 아닙니까!	JAC2020.SND
JAC2020.SBE	2	150	187	It is too much.	이건 너무하십니다.	JAC2020.SND
JAC3005.SBE	0	0	22	Who is there?	누구세요?	JAC3005.SND
JAC3005.SBE	1	23	79	This is the conductor, madame.	차장입니다, 마담.	JAC3005.SND
JAC3005.SBE	2	80	108	Come in.	들어오세요.	JAC3005.SND
JAC3005A.SBE	0	1	90	Excuse me, mademoiselle Norton, mademoiselle de Bretheuil.	실례합니다, 마드무아젤 노턴, 마드무아젤 드 브레퇴유.	JAC3005A.SND
JAC3005A.SBE	1	106	240	His excellency prince Kronos wishes to invite you to his private car	크로노스 전하께서 두 분을 전용 객차로 초대하고자 하십니다.	JAC3005A.SND
JAC3005A.SBE	2	241	285	at 3 o'clock for a small concert.	세 시에 작은 연주회가 있습니다.	JAC3005A.SND
JAC3005A.SBE	3	286	315	How wonderful.	정말 멋지네요.	JAC3005A.SND
JAC3005A.SBE	4	330	390	Madame Wolff will play the violin.	마담 볼프께서 바이올린을 연주하실 겁니다.	JAC3005A.SND
JAC3005A.SBE	5	391	420	Madame Wolff?	마담 볼프가요?	JAC3005A.SND
JAC3005A.SBE	6	421	493	We'd be delighted, wouldn't we, Sophie?	저희야 기쁘죠. 그렇지, 소피?	JAC3005A.SND
JAC3006.SBE	0	0	15	Who is it?	누구죠?	JAC3006.SND
JAC3006.SBE	1	16	69	This is the conductor, madame.	차장입니다, 마담.	JAC3006.SND
JAC3006.SBE	2	70	89	Come in.	들어오세요.	JAC3006.SND
JAC3006A.SBE	0	1	45	Excuse me, mademoiselle.	실례합니다, 마드무아젤.	JAC3006A.SND
JAC3006A.SBE	1	46	165	Prince Kronos requests the honor of your presence this afternoon	크로노스 전하께서 오늘 오후	JAC3006A.SND
JAC3006A.SBE	2	166	225	at 3 o'clock in his private car.	세 시에 전용 객차로 와주시길 청하십니다.	JAC3006A.SND
JAC3006A.SBE	3	226	300	He has arranged a small concert.	작은 연주회를 마련하셨습니다.	JAC3006A.SND
JAC3006A.SBE	4	301	330	My grandfather?	할아버지께서요?	JAC3006A.SND
JAC3006A.SBE	5	346	420	If mademoiselle will permit a small suggestion,	마드무아젤께 한 말씀 드려도 된다면,	JAC3006A.SND
JAC3006A.SBE	6	421	510	perhaps the change of air would do you good.	바람을 좀 쐬시면 몸에 좋을지도 모릅니다.	JAC3006A.SND
JAC3006A.SBE	7	526	630	Mademoiselle Wolff is a world famous violinist.	마드무아젤 볼프는 세계적으로 유명한 바이올리니스트입니다.	JAC3006A.SND
JAC3006A.SBE	8	631	720	It would be a shame for you to miss the concert.	연주를 놓치시면 아까우실 겁니다.	JAC3006A.SND
JAC3006A.SBE	9	721	750	Thank you.	고마워요.	JAC3006A.SND
JAC3006A.SBE	10	751	784	Have a good afternoon, mademoiselle.	좋은 오후 보내십시오, 마드무아젤.	JAC3006A.SND
JAC3020.SBE	0	17	57	It's the conductor, madame.	차장입니다, 마담.	JAC3020.SND
JAC3020.SBE	1	85	137	Did you ring?	부르셨습니까?	JAC3020.SND
JAC3020.SBE	2	165	220	Electricity! That's the future for you.	전기라! 이게 바로 미래지.	JAC3020.SND
JAC3021.SBE	0	9	52	It's the conductor, sir.	차장입니다, 선생님.	JAC3021.SND
JAC3021.SBE	1	65	105	Did you ring?	부르셨습니까?	JAC3021.SND
JAC3021.SBE	2	169	220	It's the conductor.	차장입니다.	JAC3021.SND
JAC3021.SBE	3	226	260	Did somebody ring?	누가 벨을 누르셨습니까?	JAC3021.SND
JAC3021.SBE	4	314	358	Open, please.	문 좀 열어주십시오.	JAC3021.SND
JAC3021.SBE	5	385	431	There's nobody.	아무도 없군.	JAC3021.SND
JAC5002.SBE	0	9	39	Yes, who is it?	네, 누구죠?	JAC5002.SND
JAC5002A.SBE	0	1	90	Monsieur, I must ask you to return to your own compartment.	무슈, 본인 객실로 돌아가 주셔야 합니다.	JAC5002A.SND
JAC5002A.SBE	1	93	148	These are the chef de train's instructions.	이는 열차장 지시입니다.	JAC5002A.SND
JAC5010.SBE	0	1	30	Monsieur.	무슈.	JAC5010.SND
JAC5010.SBE	1	60	120	Please, the situation is under control.	제발요, 상황은 통제되고 있습니다.	JAC5010.SND
JAC5010.SBE	2	150	240	We're asking all the passengers to remain in their compartments	모든 승객께 객실에 머물러 주시길 요청드리고 있습니다.	JAC5010.SND
JAC5010.SBE	3	241	305	until we are able to stop the train.	열차를 세울 수 있을 때까지요.	JAC5010.SND
KAH1001.SBE	0	1	31	Pardon me?	네?	KAH1001.SND
KAH1001A.SBE	0	1	24	Pardon me.	실례합니다.	KAH1001A.SND
KIT1010.SBE	0	13	90	Thinner, I said slice them thinner!	더 얇게 썰랬잖아, 더 얇게!	KIT1010.SND
KIT1010.SBE	1	96	139	Are you deaf or just simple?	귀가 먹었냐, 아니면 머리가 나쁘냐?	KIT1010.SND
KIT1010.SBE	2	142	192	Sorry! But they are only carrots!	죄송합니다! 그래도 당근일 뿐이잖아요!	KIT1010.SND
KIT1010.SBE	3	197	226	Stupid idiot!	이 멍청한 놈!	KIT1010.SND
KIT1010.SBE	4	229	326	Even the easiest tasks are too hard for your little brain!	제일 쉬운 일도 네 작은 머리로는 버거운 거냐!	KIT1010.SND
KIT1011.SBE	0	0	69	Oh, excuse me, monsieur. Hahaha.	아, 실례합니다, 무슈. 하하하.	KIT1011.SND
KIT1011.SBE	1	125	190	Good evening, monsieur. Hahaha.	좋은 저녁입니다, 무슈. 하하하.	KIT1011.SND
KIT1011A.SBE	0	14	104	Only carrots? So you think you know better than the chef?	당근뿐이라고? 네가 주방장보다 더 잘 안다는 거냐?	KIT1011A.SND
KIT1011A.SBE	1	110	132	Ouch!	아야!	KIT1011A.SND
KIT1011A.SBE	2	136	181	Apprentices today!	요즘 견습들은 정말!	KIT1011A.SND
KIT1011A.SBE	3	185	271	If I had been as incompetent and clumsy as you,	내가 너처럼 무능하고 굼떴다면,	KIT1011A.SND
KIT1011A.SBE	4	274	321	I would have been thrown off the train while it was still moving!	열차가 달리는 중에 벌써 내쫓겼을 거다!	KIT1011A.SND
KIT1012.SBE	0	14	77	You are the worst apprentice I have ever seen!	내가 본 견습 중 네가 최악이다!	KIT1012.SND
KIT1012.SBE	1	82	152	Unbelievable that they let you work on the Orient Express!	오리엔트 특급에서 널 쓰게 두다니 기가 막히는군!	KIT1012.SND
KIT1012.SBE	2	158	215	I'm sorry! I'm sorry!	죄송합니다! 죄송합니다!	KIT1012.SND
KIT1012.SBE	3	225	321	I could find better help in any brasserie in Paris!	파리 아무 브라세리에 가도 너보다 나은 손을 구하겠다!	KIT1012.SND
KIT1012.SBE	4	324	431	But you see, the knife... The blade...the blade was dull.	하지만 보세요, 칼이... 칼날이... 칼날이 무뎌서요.	KIT1012.SND
KIT1012.SBE	5	435	480	That's just what I meant! What are you waiting for? Sharpen them!	그게 바로 문제라는 거다! 뭘 기다리냐, 당장 갈아!	KIT1012.SND
KIT1012.SBE	6	484	517	All... All of them?	전부... 전부요?	KIT1012.SND
KIT1012.SBE	7	520	565	Of course, all of them!	당연히 전부지!	KIT1012.SND
KRO3003.SBE	0	1	30	Who was it?	누구였지?	KRO3003.SND
KRO3003.SBE	1	46	120	The American, your excellency.	미국인이었습니다, 각하.	KRO3003.SND
KRO3003.SBE	2	121	165	What did he want?	무슨 용건이었지?	KRO3003.SND
KRO3003.SBE	3	166	270	I did not ask. Shall I send for him?	묻지 않았습니다. 불러올까요?	KRO3003.SND
KRO3003.SBE	4	285	315	No, there is no need.	아니, 그럴 필요 없다.	KRO3003.SND
KRO3003.SBE	5	331	405	He has nothing of interest to say to me.	내게 들려줄 만한 흥미로운 말은 없을 테니.	KRO3003.SND
KRO3003.SBE	6	406	458	You were right to send him away.	돌려보낸 건 잘했다.	KRO3003.SND
KRO3004.SBE	0	1	60	The American, your excellency.	미국인입니다, 각하.	KRO3004.SND
KRO3004.SBE	1	61	150	I believe, this time you'll want to speak to him.	이번에는 각하께서 직접 만나 보셔야 할 듯합니다.	KRO3004.SND
KRO3004.SBE	2	181	224	Yes.	그래.	KRO3004.SND
KRO3005.SBE	0	1	45	He knows nothing.	아무것도 모르는군.	KRO3005.SND
KRO3005.SBE	1	60	90	It is as I thought.	내 짐작대로다.	KRO3005.SND
KRO3005.SBE	2	105	180	The Austrian woman has the firebird.	오스트리아 여자가 불새를 갖고 있다.	KRO3005.SND
KRO3005.SBE	3	181	225	Forgive me, your excellency.	용서하십시오, 각하.	KRO3005.SND
KRO3005.SBE	4	226	285	I told you so last night.	어젯밤에도 제가 그렇게 말씀드렸습니다.	KRO3005.SND
KRO3005.SBE	5	286	360	Why have you not searched her compartment?	왜 아직 그 여자의 객실을 수색하지 않았지?	KRO3005.SND
KRO3005.SBE	6	361	450	The compartment is guarded, your excellency.	그 객실은 경계가 삼엄합니다, 각하.	KRO3005.SND
KRO3005.SBE	7	451	480	Day and night.	밤낮없이요.	KRO3005.SND
KRO3005.SBE	8	495	570	Ah, yes. The dog.	아, 그래. 그 개.	KRO3005.SND
KRO3005.SBE	9	600	660	I'm not afraid, your excellency.	두려운 것은 아닙니다, 각하.	KRO3005.SND
KRO3005.SBE	10	661	765	But if I enter the compartment, that dog will attack me.	하지만 객실에 들어가면 그 개가 저를 공격할 겁니다.	KRO3005.SND
KRO3005.SBE	11	766	840	If your excellency wishes, of course...	각하께서 원하신다면 물론...	KRO3005.SND
KRO3005.SBE	12	900	945	I understand, Kahina.	알겠다, 카히나.	KRO3005.SND
KRO3005.SBE	13	960	1020	Several hours remain before Vienna.	비엔나까지는 아직 몇 시간이 남아 있다.	KRO3005.SND
KRO3005.SBE	14	1035	1110	I will arrange a convenient absence for miss Wolff.	미스 볼프가 자리를 비우게끔 내가 손써 두겠다.	KRO3005.SND
KRO3005.SBE	15	1111	1260	And this animal whose presence seems to make you so uneasy.	그리고 자네를 그토록 불안하게 만드는 그 짐승도.	KRO3005.SND
KRO3005.SBE	16	1275	1380	Then, Kahina, you will find the firebird.	그다음 카히나, 자네가 불새를 찾아라.	KRO3005.SND
KRO3005.SBE	17	1381	1416	Yes, your excellency.	예, 각하.	KRO3005.SND
KRO5001.SBE	0	1	58	Mister Cath, we are wasting time.	미스터 캐스, 시간을 낭비할 여유가 없습니다.	KRO5001.SND
KRO5002.SBE	0	1	47	I have no time for this.	이럴 시간은 없습니다.	KRO5002.SND
LINZ.SBE	0	0	100	Linz 2:55 pm	린츠 오후 2:55	LINZ.SND
LUNEVILL.SBE	0	5	170	Luneville 12:44 pm	뤼네빌 오후 12:44	LUNEVILL.SND
MAH1170B.SBE	0	1	65	I was just going to make the beds for the night, monsieur.	막 밤 침대 정리를 하려던 참이었습니다, 무슈.	MAH1170B.SND
MAH1170D.SBE	0	1	36	Excuse me, I am sorry.	실례했습니다. 죄송합니다.	MAH1170D.SND
MAH1170F.SBE	0	1	80	I am very sorry, monsieur, I do not understand.	정말 죄송합니다, 무슈. 제가 이해를 못 했습니다.	MAH1170F.SND
MAH1170H.SBE	0	1	24	Yes, monsieur.	예, 무슈.	MAH1170H.SND
MAH1170I.SBE	0	1	27	Forgive me, monsieur.	용서해 주십시오, 무슈.	MAH1170I.SND
MAH1172.SBE	0	150	259	Yes, monsieur. I am sorry, monsieur. Have a pleasant night, monsieur.	예, 무슈. 죄송합니다, 무슈. 편안한 밤 되십시오, 무슈.	MAH1172.SND
MIL1031A.SBE	0	1	25	Tyler, it's Milos.	타일러, 나 밀로스야.	MIL1031A.SND
MIL1031B.SBE	0	1	35	It's Milos. Let me in.	밀로스야. 들여보내 줘.	MIL1031B.SND
MIL1032.SBE	0	1	53	- Who is it? - It's Milos. Let me in.	- 누구지? - 밀로스야. 들여보내 줘.	MIL1032.SND
MIL1117A.SBE	0	1	34	Yes? Who is it?	네? 누구죠?	MIL1117A.SND
MIL1118.SBE	0	1	24	Come in.	들어와.	MIL1118.SND
MME1035A.SBE	0	11	97	Fran뇇is! Come here! Stop that right now!	프랑수아! 이리 와! 지금 당장 그만둬!	MME1035A.SND
MME1036.SBE	0	9	120	If you don't stop, I'll put you off at the next station in Germany.	그만 안 하면 독일 다음 역에서 널 내려버릴 거야.	MME1036.SND
MME1036.SBE	1	126	170	Would you like that?	그러고 싶니?	MME1036.SND
MME1037.SBE	0	9	50	Where did this whistle come from?	이 호루라기는 어디서 났니?	MME1037.SND
MME1037.SBE	1	53	80	I found it.	주웠어.	MME1037.SND
MME1037.SBE	2	82	114	And where?	어디서?	MME1037.SND
MME1037.SBE	3	117	146	On the floor.	바닥에서.	MME1037.SND
MME1037.SBE	4	149	210	Why are you hiding it? Let me see it.	왜 숨기니? 이리 보여 줘.	MME1037.SND
MME1037.SBE	5	212	280	No! I found it, it's MINE!	싫어! 내가 주웠어, 내 거야!	MME1037.SND
MME1037.SBE	6	290	447	You're impossible. You can keep it, but only if you stop blowing it!	넌 정말 못 말린다. 갖고 있어도 좋지만, 불지는 마!	MME1037.SND
MME1037.SBE	7	452	484	I promise.	약속할게.	MME1037.SND
MME1038.SBE	0	9	34	Who is it?	누구죠?	MME1038.SND
MME1038C.SBE	0	9	48	Who is it?	누구죠?	MME1038C.SND
MME1040.SBE	0	13	165	I saw a man go through the window. He rolled along the tracks.	어떤 남자가 창문으로 떨어지는 걸 봤어. 선로를 따라 구르더라.	MME1040.SND
MME1040.SBE	1	176	204	Really?	정말?	MME1040.SND
MME1040.SBE	2	211	314	Yes, he rolled and... he was DEAD.	응, 굴러가다가... 죽었어.	MME1040.SND
MME1040.SBE	3	322	416	Fran뇇is, please. Go play with your toy.	프랑수아, 제발. 장난감 가지고 가서 놀아.	MME1040.SND
MME1040A.SBE	0	10	100	He's dead...he's dead...he's dead...	죽었어... 죽었어... 죽었어...	MME1040A.SND
MME1040A.SBE	1	103	178	Fran뇇is! Stop singing! It's annoying.	프랑수아! 노래 그만해! 시끄럽다.	MME1040A.SND
MME1040A.SBE	2	260	330	You can cry! Go ahead, cry!	울고 싶으면 울어! 어디 울어봐!	MME1040A.SND
MME1040A.SBE	3	333	503	Your life is so hard. I am a horrible mother, who makes you suffer.	그래, 네 인생 정말 힘들지. 널 괴롭히는 끔찍한 엄마가 나잖아.	MME1040A.SND
MME1041.SBE	0	63	123	What's going on? Why are you crying?	무슨 일이야? 왜 울어?	MME1041.SND
MME1041.SBE	1	130	201	You're not as sad as that... Dry your tears.	그렇게까지 슬픈 일은 아니잖니... 눈물 닦아.	MME1041.SND
MME1041.SBE	2	206	289	It's all right, it's over now...	괜찮아, 이제 끝났어...	MME1041.SND
MME1101.SBE	0	11	40	Yes, madame?	예, 마담?	MME1101.SND
MME1101.SBE	1	46	151	Did I dream it, or is there a dog in the compartment next to ours?	제가 잘못 들은 건가요, 아니면 우리 옆 객실에 개가 있나요?	MME1101.SND
MME1101.SBE	2	156	259	It is not quite next to yours, madame, but you are correct.	바로 옆은 아니지만, 맞습니다, 마담.	MME1101.SND
MME1101.SBE	3	266	310	The dog belongs to Miss Wolff.	그 개는 미스 볼프의 개입니다.	MME1101.SND
MME1101.SBE	4	317	386	I must say I am extremely surprised that the Company	회사가 자체 규정을	MME1101.SND
MME1101.SBE	5	390	448	would ignore its own rules.	이렇게 무시하다니 정말 놀랍군요.	MME1101.SND
MME1101.SBE	6	453	512	Of course, you are right, madame, but you know,	물론 마담 말씀이 맞습니다만, 아시다시피	MME1101.SND
MME1101.SBE	7	517	585	Miss Wolff always travels with her dog.	미스 볼프는 늘 그 개와 함께 여행하십니다.	MME1101.SND
MME1101.SBE	8	591	675	I'm not even speaking of the noise, but the hygiene...	소음도 소음이지만 위생은 어떡합니까...	MME1101.SND
MME1101.SBE	9	680	765	In a first class car, it's really too much!	일등 객차에서 이건 정말 지나칩니다!	MME1101.SND
MME1101.SBE	10	772	896	I know what you mean, madame. On an ordinary first class train,	무슨 말씀인지 압니다, 마담. 일반적인 일등 열차라면	MME1101.SND
MME1101.SBE	11	902	1064	of course one wouldn't hear of it. But this is the Orient Express.	당연히 있을 수 없는 일이지요. 하지만 이곳은 오리엔트 특급입니다.	MME1101.SND
MME1101.SBE	12	1071	1178	The whole world knows that Miss Wolff never travels without her big dog.	미스 볼프가 큰 개 없이는 절대 여행하지 않는다는 건 온 세상이 아는 사실입니다.	MME1101.SND
MME1101.SBE	13	1185	1272	It is part of the romantic legend of the Orient Express.	그것도 오리엔트 특급의 낭만적인 전설의 일부입니다.	MME1101.SND
MME1101.SBE	14	1278	1382	Sometimes some passengers are very disappointed not to have the luck	가끔은 운이 없어	MME1101.SND
MME1101.SBE	15	1386	1456	to see this famous pair on the train.	열차에서 이 유명한 한 쌍을 못 본 승객들이 무척 아쉬워하기도 하지요.	MME1101.SND
MME1101.SBE	16	1469	1561	Hmm... I hope he's kept on a leash?	흠... 목줄은 하고 있겠지요?	MME1101.SND
MME1101.SBE	17	1572	1648	Absolutely, madame. He is perfectly trained.	물론입니다, 마담. 아주 잘 훈련된 개입니다.	MME1101.SND
MME1101.SBE	18	1652	1714	You will never see a more wonderful dog.	이보다 훌륭한 개는 못 보실 겁니다.	MME1101.SND
MME1101.SBE	19	1718	1816	I assure you, you will hardly know there is a dog on the train at all.	장담하건대, 열차에 개가 있다는 것도 거의 못 느끼실 겁니다.	MME1101.SND
MME1101.SBE	20	1824	1895	Hmph. We'll see about that.	흥, 두고 보지요.	MME1101.SND
MME1101.SBE	21	1903	1944	Will there be anything else, madame?	더 필요하신 건 없으십니까, 마담?	MME1101.SND
MME1101.SBE	22	1951	1997	No, thank you.	아니요, 고맙습니다.	MME1101.SND
MME1101.SBE	23	2004	2033	Good night, madame.	안녕히 주무십시오, 마담.	MME1101.SND
MME1103A.SBE	0	1	36	Pardon.	실례합니다.	MME1103A.SND
MME1103B.SBE	0	1	45	Excuse me, monsieur.	실례합니다, 무슈.	MME1103B.SND
MME1103C.SBE	0	1	47	Excuse me, monsieur.	실례합니다, 무슈.	MME1103C.SND
MME1103D.SBE	0	1	38	Excuse me.	실례합니다.	MME1103D.SND
MME1151.SBE	0	17	53	Good evening, madame.	좋은 저녁입니다, 마담.	MME1151.SND
MME1151.SBE	1	56	130	After this upheaval, I hope it's not too much to ask for an explanation.	이런 소동이 있었으니 해명을 듣는 게 지나친 요구는 아니겠지요.	MME1151.SND
MME1151.SBE	2	133	171	Not at all, madame.	물론 아닙니다, 마담.	MME1151.SND
MME1151.SBE	3	175	266	I have often travelled on luxury trains, my husband is an engineer,	저는 고급 열차를 자주 이용해 왔고, 제 남편은 기술자예요.	MME1151.SND
MME1151.SBE	4	270	378	and I assure you that I will personally write to the president of the company- 	그러니 제가 회사 사장에게 직접 항의 서한을 보낼 겁니다.	MME1151.SND
MME1151.SBE	5	380	552	You have every right, madame. I assure you this disturbance was unexpected.	그러실 권리가 충분합니다, 마담. 이번 소동은 예상치 못한 일이었습니다.	MME1151.SND
MME1151.SBE	6	554	613	Unfortunately, it was the local police.	안타깝게도 현지 경찰이 개입했습니다.	MME1151.SND
MME1151.SBE	7	616	734	Of course we tried to explain to them, but you know, we are in France.	물론 저희도 설명하려 했습니다만, 아시다시피 여긴 프랑스입니다.	MME1151.SND
MME1151.SBE	8	745	820	What was the matter?	무슨 일이었죠?	MME1151.SND
MME1151.SBE	9	825	890	Since you have been so understanding, madame,	마담께서 이렇게 이해해 주셨으니,	MME1151.SND
MME1151.SBE	10	894	1020	I think I can entrust you with what they told me.	경찰이 제게 한 말을 말씀드려도 되겠습니다.	MME1151.SND
MME1151.SBE	11	1025	1059	Very well.	좋습니다.	MME1151.SND
MME1151.SBE	12	1063	1195	There was a dead body, madame, that was found by the tracks.	선로 옆에서 시신 하나가 발견됐습니다, 마담.	MME1151.SND
MME1151.SBE	13	1199	1293	The police thought it might have been thrown from this train.	경찰은 이 열차에서 던져진 것일 수 있다고 봤습니다.	MME1151.SND
MME1151.SBE	14	1297	1353	I saw it! I saw it!	제가 봤어요! 제가 봤어요!	MME1151.SND
MME1151.SBE	15	1357	1431	Be quiet, Fran뇇is. I assume they found nothing?	조용히 해, 프랑수아. 그래서 아무것도 못 찾았다는 거죠?	MME1151.SND
MME1151.SBE	16	1435	1552	Nothing, madame. It was a mistake. There's no reason to worry.	아무것도 없습니다, 마담. 오해였습니다. 걱정하실 일 없습니다.	MME1151.SND
MME1151.SBE	17	1556	1665	But it's true, they threw him out the window, I saw it!	정말이에요, 창문으로 내던졌어요, 제가 봤다니까요!	MME1151.SND
MME1151.SBE	18	1669	1718	Fran뇇is, don't make up stories.	프랑수아, 지어내지 마.	MME1151.SND
MME1151.SBE	19	1720	1804	If you'll excuse me, madame, I must go.	실례가 안 된다면, 마담, 저는 가봐야겠습니다.	MME1151.SND
MME1151.SBE	20	1807	1829	Thank you.	고맙습니다.	MME1151.SND
MME1151.SBE	21	1832	1858	Good evening, madame.	좋은 저녁 되십시오, 마담.	MME1151.SND
MME1151B.SBE	0	8	130	Fran뇇is, I've told you not to make up stories. It's really intolerable.	프랑수아, 지어내지 말라고 했지. 정말 못 참겠구나.	MME1151B.SND
MME3001.SBE	0	10	37	Yes, madame.	예, 마담.	MME3001.SND
MME3001.SBE	1	44	139	This time it really is the limit. That dog has got to go.	이번엔 정말 한계예요. 그 개는 당장 치워야 합니다.	MME3001.SND
MME3001.SBE	2	144	224	I am sorry, madame. Madame has been disturbed...?	죄송합니다, 마담. 불편을 겪으셨습니까...?	MME3001.SND
MME3001.SBE	3	229	405	The smell, the barking, it's too much! A small dog, a poodle would be one thing.	냄새에 짖는 소리까지, 너무하군요! 작은 개, 푸들 정도라면 몰라도.	MME3001.SND
MME3001.SBE	4	411	523	But such a monster! And with a little boy just next door!	저런 괴물 같은 개라니! 그것도 어린아이 바로 옆에서요!	MME3001.SND
MME3001.SBE	5	530	672	I am so sorry, madame. I will insist that Miss Wolff keep her dog quiet.	정말 죄송합니다, 마담. 미스 볼프에게 개를 조용히 시키라고 강하게 말하겠습니다.	MME3001.SND
MME3001.SBE	6	677	745	But no, it's impossible.	아니요, 그걸로는 안 됩니다.	MME3001.SND
MME3001.SBE	7	748	871	The dog should be kept in a cage in the baggage car.	그 개는 수하물칸 우리에 넣어야 합니다.	MME3001.SND
MME3001.SBE	8	875	1000	I must say, I am surprised that such a respected company	이렇게 명망 있는 회사가	MME3001.SND
MME3001.SBE	9	1007	1100	would indulge the whims of these flashy people, these "artists"...	저런 허세 가득한 사람들, 소위 "예술가"들의 변덕을 봐주고...	MME3001.SND
MME3001.SBE	10	1104	1167	and ignore its respectable clients.	점잖은 고객은 무시하다니 놀랍군요.	MME3001.SND
MME3001.SBE	11	1173	1299	I thought I bought a ticket for a luxury train, not a circus!	전 서커스가 아니라 호화 열차 표를 산 줄 알았습니다!	MME3001.SND
MME3001.SBE	12	1308	1405	I understand, madame. Your opinion is entirely justified.	이해합니다, 마담. 말씀은 전적으로 타당합니다.	MME3001.SND
MME3001.SBE	13	1411	1496	I will speak to the trainmaster immediately.	즉시 열차장에게 말씀드리겠습니다.	MME3001.SND
MME3001.SBE	14	1501	1560	I expect you to do more than speak to him.	말만 하실 게 아니라 조치를 하셔야죠.	MME3001.SND
MME3001.SBE	15	1564	1650	I want that animal removed from the sleeping cars.	그 짐승을 침대칸에서 당장 치워 주세요.	MME3001.SND
MME3001.SBE	16	1656	1731	- Have I made myself clear? - Yes, madame.	- 제 말 분명히 전했나요? - 예, 마담.	MME3001.SND
MME5001.SBE	0	9	32	Who is it?!?	누구죠?!?	MME5001.SND
MME5010.SBE	0	14	54	I want to know what is going on.	무슨 일이 벌어지는 건지 알고 싶습니다.	MME5010.SND
MME5010.SBE	1	58	143	I'm sorry, sir, but the company no longer has control of the situation.	죄송합니다, 선생님. 회사가 더는 상황을 통제하지 못하고 있습니다.	MME5010.SND
MME5010.SBE	2	147	218	We are asking all passengers to remain in their compartments	모든 승객께 객실에 머물러 주시길 요청드리고 있습니다.	MME5010.SND
MME5010.SBE	3	220	278	until we are able to stop the train.	열차를 멈출 수 있을 때까지요.	MME5010.SND
MME5010.SBE	4	280	390	Stop the train! Do you mean that the train is out of control?	열차를 멈춘다고요! 그럼 지금 통제를 못 한다는 겁니까?	MME5010.SND
MME5010.SBE	5	393	454	Oh my God, we're going to die!	세상에, 우리 다 죽는 거야!	MME5010.SND
MME5010.SBE	6	457	539	Claude! Calm yourself! Oh, my darling, don't cry.	클로드! 진정해요! 여보, 울지 마요.	MME5010.SND
MME5010.SBE	7	542	606	Mama is here, everything is fine.	엄마가 여기 있잖아, 괜찮아.	MME5010.SND
MME5010.SBE	8	609	680	This is absurd! I have a wife and a small child here!	말도 안 돼! 여기 내 아내와 어린아이가 있단 말이오!	MME5010.SND
MME5010.SBE	9	683	793	Something must be done! I demand to speak to the engineer immediately!	뭔가 조치를 해야 하오! 당장 기관사를 만나게 하시오!	MME5010.SND
MME5010.SBE	10	795	885	I will send the trainmaster to you right away, monsieur.	곧바로 열차장을 보내드리겠습니다, 무슈.	MME5010.SND
MME5010.SBE	11	887	954	But please, stay in the compartment. It is for your own safety.	하지만 제발 객실에 계십시오. 안전을 위해서입니다.	MME5010.SND
MME5010.SBE	12	957	1056	Claude! Do as he says. Sit down! There's nothing you can do.	클로드! 저분 말대로 해요. 앉아요! 당신이 할 수 있는 건 없어요.	MME5010.SND
MRB1001.SBE	0	4	18	Who is it?	누구죠?	MRB1001.SND
MRB1001A.SBE	0	5	42	Who is it? Come in.	누구죠? 들어오세요.	MRB1001A.SND
MRB1074.SBE	0	22	81	Fran뇇is, get ready for dinner.	프랑수아, 저녁 먹을 준비해.	MRB1074.SND
MRB1074.SBE	1	85	171	What's this floating in my perfume?	내 향수에 이게 뭐 떠다니는 거니?	MRB1074.SND
MRB1074.SBE	2	175	285	It's Eugene. I had to embalm him before we left.	유진이야. 출발 전에 방부 처리해 놨어.	MRB1074.SND
MRB1074.SBE	3	322	415	My praying mantis. He died.	내 사마귀야. 죽었어.	MRB1074.SND
MRB1074.SBE	4	419	524	How horrible. You should have thrown him in the garden.	끔찍하구나. 정원에 버렸어야지.	MRB1074.SND
MRB1074.SBE	5	526	632	Claude! Speak to him!	클로드! 당신이 좀 말해요!	MRB1074.SND
MRB1074.SBE	6	636	732	Fran뇇is, you must not touch your mother's things	프랑수아, 엄마 물건은 만지면 안 된다.	MRB1074.SND
MRB1074.SBE	7	736	787	or use them in your experiments.	실험에 써서도 안 되고.	MRB1074.SND
MRB1074.SBE	8	799	912	You did quite well, however, to use the cologne.	다만 향수를 쓴 건 꽤 잘했다.	MRB1074.SND
MRB1074.SBE	9	918	994	The alcohol does have a preservative effect.	알코올에는 실제로 보존 효과가 있거든.	MRB1074.SND
MRB1074.SBE	10	999	1108	My scarab whistle died too, but he didn't fit in the bottle.	내 풍뎅이 호루라기도 죽었는데, 병에 안 들어갔어.	MRB1074.SND
MRB1074.SBE	11	1120	1200	Claude, you really must speak to him. This obsession with death,	클로드, 정말 좀 말해줘요. 이 죽음에 대한 집착 말이에요,	MRB1074.SND
MRB1074.SBE	12	1205	1311	does this seem normal to you in a seven year old boy?	일곱 살 아이가 이러는 게 정상으로 보여요?	MRB1074.SND
MRB1074.SBE	13	1315	1421	Why not? It is a natural process like any other.	왜 안 되지? 다른 것과 마찬가지로 자연스러운 과정이오.	MRB1074.SND
MRB1074.SBE	14	1425	1565	But a toy whistle, how can it die?	하지만 장난감 호루라기가 어떻게 죽을 수 있죠?	MRB1074.SND
MRB1074.SBE	15	1570	1615	It's dead.	죽었어.	MRB1074.SND
MRB1075.SBE	0	10	50	It smells!	냄새나!	MRB1075.SND
MRB1075.SBE	1	56	102	Sit down, Fran뇇is.	앉아, 프랑수아.	MRB1075.SND
MRB1075.SBE	2	106	155	And keep your opinions to yourself.	쓸데없는 말은 삼가.	MRB1075.SND
MRB1076.SBE	0	14	147	Fran뇇is, sit still. You're in a restaurant now, with adults,	프랑수아, 얌전히 앉아 있어. 여긴 식당이고 어른들과 함께 있잖니.	MRB1076.SND
MRB1076.SBE	1	151	298	and I expect you to behave. Claude, tell him to sit still.	얌전히 행동해야 해. 클로드, 좀 말해주세요.	MRB1076.SND
MRB1076.SBE	2	301	328	Claude!	클로드!	MRB1076.SND
MRB1076.SBE	3	332	399	Look out the window, Fran뇇is.	창밖을 봐, 프랑수아.	MRB1076.SND
MRB1076.SBE	4	402	523	I want to go home. When are we going home?	집에 가고 싶어. 우리 언제 집에 가?	MRB1076.SND
MRB1076.SBE	5	527	661	Don't be silly. You know we are going away for a year, maybe more,	바보 같은 소리 하지 마. 1년, 아니 그 이상 떠나 있는 거 알잖아.	MRB1076.SND
MRB1076.SBE	6	665	753	to live with your father at Abadan.	아바단에서 아빠와 함께 지낼 거야.	MRB1076.SND
MRB1076.SBE	7	755	793	Why?	왜?	MRB1076.SND
MRB1076.SBE	8	796	892	Because your father is going to work there. At the oil refinery.	아빠가 거기서 일하게 됐으니까. 정유소에서.	MRB1076.SND
MRB1076.SBE	9	895	928	Why?	왜?	MRB1076.SND
MRB1076.SBE	10	932	1050	Claude, tell us what it is like, where we are going.	클로드, 우리가 가는 곳이 어떤지 말해줘요.	MRB1076.SND
MRB1076.SBE	11	1052	1127	I know Fran뇇is would like to hear more about it.	프랑수아도 더 듣고 싶어 할 거예요.	MRB1076.SND
MRB1076.SBE	12	1129	1175	Tell us about the town.	그 마을 얘기 좀 해봐요.	MRB1076.SND
MRB1076.SBE	13	1179	1249	The town? I don't have any idea.	마을이라고? 나도 잘 몰라.	MRB1076.SND
MRB1076.SBE	14	1253	1322	I'll be spending all my time out at the construction site,	난 대부분 공사 현장에서 보내게 될 거야,	MRB1076.SND
MRB1076.SBE	15	1327	1381	or surveying the surrounding desert.	아니면 주변 사막을 측량하든가.	MRB1076.SND
MRB1076.SBE	16	1385	1487	But... are there many shops? What about the schools?	그래도... 상점은 많아요? 학교는요?	MRB1076.SND
MRB1076.SBE	17	1491	1576	What is our house like? And our servants?	우리 집은 어떤가요? 하인들은요?	MRB1076.SND
MRB1076.SBE	18	1579	1685	These things are your province, my dear. I would never interfere.	그건 당신 소관이지, 여보. 난 절대 간섭하지 않겠소.	MRB1076.SND
MRB1076.SBE	19	1688	1844	When we arrive, you must introduce me to the wives of the other engineers.	도착하면 다른 기술자들 아내들에게 나를 소개해 줘요.	MRB1076.SND
MRB1076.SBE	20	1848	1974	Shall we ride camels in the desert, Papa?	아빠, 사막에서 낙타 타도 돼?	MRB1076.SND
MRB1076.SBE	21	1977	2000	Of course.	물론이지.	MRB1076.SND
MRB1076.SBE	22	2002	2016	Absolutely not!	절대 안 돼!	MRB1076.SND
MRB1077.SBE	0	14	140	Here's the Chateaubriand with B괶rnaise sauce for madame.	마담, 베아르네즈 소스 샤토브리앙 나왔습니다.	MRB1077.SND
MRB1077.SBE	1	149	200	Well-done for the young man.	어린 손님 것은 웰던입니다.	MRB1077.SND
MRB1077.SBE	2	204	238	And for you, sir.	그리고 선생님 것 나왔습니다.	MRB1077.SND
MRB1077.SBE	3	242	262	Thank you.	감사합니다.	MRB1077.SND
MRB1077.SBE	4	266	320	This is not what I wanted.	이건 제가 원한 게 아닌데요.	MRB1077.SND
MRB1077.SBE	5	322	424	Of course, it's a steak. It's exactly what you ordered.	아닙니다, 스테이크 맞습니다. 손님께서 정확히 이렇게 주문하셨습니다.	MRB1077.SND
MRB1077.SBE	6	456	487	Thank you, sir.	감사합니다, 선생님.	MRB1077.SND
MRB1077.SBE	7	490	516	Enjoy your meal.	맛있게 드십시오.	MRB1077.SND
MRB1078.SBE	0	12	90	I went all the way to the end of the train and	열차 맨 끝까지 갔다가	MRB1078.SND
MRB1078.SBE	1	93	154	I saw a lady with a snake.	뱀을 두른 여자를 봤어.	MRB1078.SND
MRB1078.SBE	2	157	229	Don't be silly, Fran뇇is. Eat your dinner.	바보 같은 소리 말고 저녁이나 먹어, 프랑수아.	MRB1078.SND
MRB1078.SBE	3	234	351	It was a big snake all wrapped around her.	큰 뱀이 그 여자 몸을 휘감고 있었어.	MRB1078.SND
MRB1078.SBE	4	355	447	It was as big around as a boa constrictor.	보아뱀만큼 굵었다니까.	MRB1078.SND
MRB1078.SBE	5	451	539	Claude, you really ought to say something to him.	클로드, 정말 한마디 좀 해줘요.	MRB1078.SND
MRB1078.SBE	6	541	614	He invents the most outrageous stories.	너무 터무니없는 이야기를 지어내잖아요.	MRB1078.SND
MRB1078.SBE	7	617	689	Imagination is very important for a scientist.	상상력은 과학자에게 매우 중요하오.	MRB1078.SND
MRB1078.SBE	8	693	842	Many great discoveries were greeted with skepticism at first.	위대한 발견도 처음엔 다 의심받았지.	MRB1078.SND
MRB1078.SBE	9	846	890	He's seven years old.	얘는 일곱 살이에요.	MRB1078.SND
MRB1078.SBE	10	895	987	I doubt he's going to make any world- shattering discoveries on this trip.	이번 여행에서 세상을 뒤흔들 발견을 할 것 같지는 않네요.	MRB1078.SND
MRB1078.SBE	11	991	1065	I want a crepe with chocolate sauce.	초콜릿 소스 크레프 먹고 싶어.	MRB1078.SND
MRB1078.SBE	12	1069	1120	Sit still and eat your dinner.	얌전히 앉아서 저녁이나 먹어.	MRB1078.SND
MRB1078A.SBE	0	14	109	Papa, are there insects in the desert?	아빠, 사막에도 곤충이 있어?	MRB1078A.SND
MRB1078A.SBE	1	113	169	Don't bother your father, Fran뇇is.	아빠 귀찮게 하지 마, 프랑수아.	MRB1078A.SND
MRB1078A.SBE	2	173	232	Insects are everywhere, Fran뇇is.	곤충은 어디에나 있단다, 프랑수아.	MRB1078A.SND
MRB1078A.SBE	3	236	315	You should do your research before asking questions.	질문하기 전에 조사부터 해야지.	MRB1078A.SND
MRB1078A.SBE	4	321	369	Have you looked in your book?	책은 찾아봤니?	MRB1078A.SND
MRB1078A.SBE	5	372	432	Mama doesn't want me to read at the table.	엄마가 식탁에서는 책 읽지 말랬어.	MRB1078A.SND
MRB1078A.SBE	6	436	505	Fran뇇is, sit still. You're not at home now.	프랑수아, 얌전히 앉아. 지금은 집이 아니야.	MRB1078A.SND
MRB1079.SBE	0	8	53	Shall we go?	갈까?	MRB1079.SND
MRB1079.SBE	1	57	95	Why?	왜?	MRB1079.SND
MRB1079.SBE	2	99	128	Come on!	어서!	MRB1079.SND
MRB1080.SBE	0	8	58	Can I go to the end of the train?	열차 맨 끝에 가봐도 돼?	MRB1080.SND
MRB1080.SBE	1	68	136	It's time for bed, Fran뇇is.	잘 시간이야, 프랑수아.	MRB1080.SND
MRB1080.SBE	2	146	192	You can go to the end of the train tomorrow.	열차 맨 끝은 내일 가면 돼.	MRB1080.SND
MRB1104.SBE	0	1	49	Excuse me, monsieur. Pardon.	실례합니다, 무슈. 죄송합니다.	MRB1104.SND
MRB2001.SBE	0	14	152	There are pretty ladies in the first sleeping car. They gave me candy.	첫 번째 침대칸에 예쁜 아가씨들이 있어. 사탕도 줬어.	MRB2001.SND
MRB2001.SBE	1	156	249	Fran뇇is! I forbid you to have anything to do with them.	프랑수아! 그 여자들과는 상종도 못 하게 할 거야.	MRB2001.SND
MRB2001.SBE	2	250	316	Claude, speak to him.	클로드, 당신이 말 좀 해요.	MRB2001.SND
MRB2001.SBE	3	320	342	Why?	왜?	MRB2001.SND
MRB2001.SBE	4	347	437	He would do well to begin exposing himself to different cultural practices.	다양한 문화 관습을 접해보게 하는 게 그애한텐 좋소.	MRB2001.SND
MRB2001.SBE	5	440	525	After all, Masjid-es-Suleiman is a Muslim town.	어차피 마스지드에솔레이만은 이슬람 도시요.	MRB2001.SND
MRB2001.SBE	6	529	627	And if they kidnap him? Would that be a good learning opportunity too?	그 사람들이 아이를 납치하면요? 그것도 좋은 학습 기회인가요?	MRB2001.SND
MRB2001.SBE	7	629	738	They took me into their bed and played games with me and...	나를 자기들 침대로 데려가서 같이 놀아줬고...	MRB2001.SND
MRB2001.SBE	8	740	791	They gave me candy.	사탕도 줬어.	MRB2001.SND
MRB2001.SBE	9	794	812	Claude!	클로드!	MRB2001.SND
MRB3010.SBE	0	0	136	Good lord. Not this silly business with Madame Caillaux again.	세상에. 또 카이요 부인 그 시시한 이야기군.	MRB3010.SND
MRB3010.SBE	1	136	242	So typical, to devote weeks on end of the front page	몇 주째 1면을 통째로	MRB3010.SND
MRB3010.SBE	2	242	303	to this preposterous murder trial.	이 황당한 살인 재판에 할애하다니, 참 전형적이야.	MRB3010.SND
MRB3010.SBE	3	314	385	One would think nothing else was happening in the whole of Europe.	유럽에 다른 일은 하나도 없는 줄 알겠다니까.	MRB3010.SND
MRB3010.SBE	4	415	532	Well tell me, you're a Frenchman, what's your opinion of the affair?	자, 프랑스 분이시니 이 사건을 어떻게 보십니까?	MRB3010.SND
MRB3010.SBE	5	552	611	Why do the tawdry details of a murder trial	어째서 살인 재판의 저열한 세부사항이	MRB3010.SND
MRB3010.SBE	6	611	689	exert such a fascination for the public mind?	대중을 그토록 매혹시키는 걸까요?	MRB3010.SND
MRB3010.SBE	7	689	761	Not to say it only happens in France of course.	물론 프랑스에만 있는 일이라는 뜻은 아닙니다.	MRB3010.SND
MRB3010.SBE	8	761	824	The English papers aren't much better.	영국 신문도 크게 다르지 않지요.	MRB3010.SND
MRB3010.SBE	9	824	899	But still, the French do push it rather far.	그래도 프랑스는 유독 지나치게 몰아가요.	MRB3010.SND
MRB3010.SBE	10	910	980	Six columns across the front page of La Figaro,	르 피가로 1면을 여섯 단으로 도배하고,	MRB3010.SND
MRB3010.SBE	11	980	1063	with complete transcripts of the trial on page 12,	12면엔 재판 속기록 전문까지 싣다니,	MRB3010.SND
MRB3010.SBE	12	1063	1138	it is a bit much, don't you agree?	좀 지나치지 않습니까?	MRB3010.SND
MRB3010.SBE	13	1159	1257	Excuse me. It is time I took my family to lunch.	실례하겠습니다. 이제 가족을 데리고 점심 먹으러 가야 해서요.	MRB3010.SND
MRB3010.SBE	14	1257	1344	Is it noon already? My goodness, so it is.	벌써 정오입니까? 세상에, 정말이군요.	MRB3010.SND
MRB3010.SBE	15	1344	1419	Perhaps I'll see you in the restaurant car then.	그럼 식당칸에서 뵙게 될지도 모르겠군요.	MRB3010.SND
MRB3101.SBE	0	15	127	I don't see why you have to share a compartment with that Englishman.	왜 그 영국인과 같은 객실을 써야 하는지 모르겠어요.	MRB3101.SND
MRB3101.SBE	1	132	209	Why couldn't they have put him in somewhere else?	다른 데 배정하면 될 걸요?	MRB3101.SND
MRB3101.SBE	2	213	290	In my profession, it is necessary to accustom oneself	내 직업에서는 스스로를	MRB3101.SND
MRB3101.SBE	3	292	347	to difficult living conditions.	열악한 생활 환경에 익숙하게 해야 하오.	MRB3101.SND
MRB3101.SBE	4	351	463	That is exactly why Fran뇇is and I are coming to Abadan...	그래서 프랑수아와 내가 아바단에 가는 거예요...	MRB3101.SND
MRB3101.SBE	5	465	612	to provide you with a proper home. Searching for oil in the desert!	당신에게 제대로 된 보금자리를 마련하려고요. 사막에서 석유를 찾겠다니!	MRB3101.SND
MRB3101.SBE	6	617	743	What was so wrong about staying in Villefranche? You had a fine job;	빌프랑슈에 그대로 사는 게 뭐가 문제였나요? 당신 직장도 좋았고,	MRB3101.SND
MRB3101.SBE	7	748	906	our little house was so lovely! My garden was coming into bloom.	우리 작은 집도 너무 좋았잖아요! 정원도 이제 꽃피기 시작했는데.	MRB3101.SND
MRB3101.SBE	8	911	988	There will be gardens in Abadan?	아바단에도 정원이 있겠죠?	MRB3101.SND
MRB3101.SBE	9	991	1080	The desert is not noted for its gardens. But there is oil.	사막은 정원으로 유명하진 않소. 하지만 석유가 있지.	MRB3101.SND
MRB3101.SBE	10	1084	1216	And when the oil has run out? Fran뇇is will be as wild as a desert nomad!	그 석유가 다 떨어지면요? 프랑수아는 사막 유목민처럼 거칠어질 거예요!	MRB3101.SND
MRB3101.SBE	11	1221	1347	He is already uncontrollable. Crawling on the floor, picking up filthy objects.	벌써 통제가 안 되잖아요. 바닥을 기어다니며 더러운 것만 주워대고.	MRB3101.SND
MRB3101.SBE	12	1350	1460	Mama, look out the window, there's a cemetery.	엄마, 창밖 봐, 묘지야.	MRB3101.SND
MRB3101.SBE	13	1464	1550	The floor is a natural place to find beetles.	바닥은 딱정벌레를 찾기 좋은 자연스러운 장소지.	MRB3101.SND
MRB3101.SBE	14	1553	1598	Oh! I can't talk to you.	아! 당신과는 말이 안 통해요.	MRB3101.SND
MRB3102.SBE	0	14	80	First the dog, now the violin.	개 소동도 모자라 이제 바이올린까지.	MRB3102.SND
MRB3102.SBE	1	83	196	It's really too much. I've a mind to say something to the conductor.	정말 너무해요. 차장에게 한마디 해야겠어요.	MRB3102.SND
MRB3102.SBE	2	201	358	Is that her sitting with the fat man? I think she's beautiful.	저 뚱뚱한 아저씨랑 같이 앉은 그 여자야? 난 예쁘다고 생각해.	MRB3102.SND
MRB3102.SBE	3	361	417	Fran뇇is, eat your food.	프랑수아, 밥 먹어.	MRB3102.SND
NANCY.SBE	0	0	100	Nancy 12:08 am	낭시 오전 12:08	NANCY.SND
POL1043A.SBE	0	5	109	Thank you, sir. Good evening. Sorry to bother you.	감사합니다, 선생님. 좋은 저녁 되십시오. 번거롭게 해드려 죄송합니다.	POL1043A.SND
POL1043B.SBE	0	5	85	Thank you, sir. Good evening. Sorry to bother you.	감사합니다, 선생님. 좋은 저녁 되십시오. 번거롭게 해드려 죄송합니다.	POL1043B.SND
POL1043B.SBE	1	88	130	Good evening.	좋은 저녁입니다.	POL1043B.SND
POL1043C.SBE	0	5	112	Thank you, sir. Good evening. Sorry to bother you.	감사합니다, 선생님. 좋은 저녁 되십시오. 번거롭게 해드려 죄송합니다.	POL1043C.SND
POL1043D.SBE	0	6	109	Thank you, sir. Good evening. Sorry to bother you.	감사합니다, 선생님. 좋은 저녁 되십시오. 번거롭게 해드려 죄송합니다.	POL1043D.SND
POL1043E.SBE	0	1	98	Thank you, madame. Good evening. Sorry to bother you.	감사합니다, 마담. 좋은 저녁 되십시오. 번거롭게 해드려 죄송합니다.	POL1043E.SND
POL1043E.SBE	1	99	129	Good evening.	좋은 저녁입니다.	POL1043E.SND
POL1043F.SBE	0	6	101	Thank you, madame. Good evening. Sorry to bother you.	감사합니다, 마담. 좋은 저녁 되십시오. 번거롭게 해드려 죄송합니다.	POL1043F.SND
POL1043G.SBE	0	3	90	Thank you, madame. Good evening. Sorry to bother you.	감사합니다, 마담. 좋은 저녁 되십시오. 번거롭게 해드려 죄송합니다.	POL1043G.SND
POL1043G.SBE	1	94	128	Not at all.	천만에요.	POL1043G.SND
POL1043H.SBE	0	4	140	Thank you, miss. Good evening. Sorry to bother you.	감사합니다, 아가씨. 좋은 저녁 되십시오. 번거롭게 해드려 죄송합니다.	POL1043H.SND
POL1043J.SBE	0	4	113	Thank you, miss. Good evening. Sorry to bother you.	감사합니다, 아가씨. 좋은 저녁 되십시오. 번거롭게 해드려 죄송합니다.	POL1043J.SND
POL1044A.SBE	0	10	93	Good evening. Police. Open the door, please.	좋은 저녁입니다. 경찰입니다. 문 열어주십시오.	POL1044A.SND
POL1044B.SBE	0	10	100	Good evening. Police. Open the door, please.	좋은 저녁입니다. 경찰입니다. 문 열어주십시오.	POL1044B.SND
POL1045A.SBE	0	20	85	It's the police, sir.	경찰입니다, 선생님.	POL1045A.SND
POL1045B.SBE	0	8	45	One moment please...	잠시만요...	POL1045B.SND
POL1045B.SBE	1	65	100	Please come in.	들어오십시오.	POL1045B.SND
POL1045C.SBE	0	1	33	Wait a minute.	잠깐만요.	POL1045C.SND
POL1045C.SBE	1	97	144	Monsieur, this is the police. Open the door.	무슈, 경찰입니다. 문 여십시오.	POL1045C.SND
POL1045D.SBE	0	1	83	- Yes? Who is it? - This is the police, monsieur.	- 예? 누구죠? - 경찰입니다, 무슈.	POL1045D.SND
POL1045E.SBE	0	10	52	Just a moment!	잠깐만요!	POL1045E.SND
POL1045E.SBE	1	89	121	It's the police, madame.	경찰입니다, 마담.	POL1045E.SND
POL1045G.SBE	0	4	34	Who is it?	누구죠?	POL1045G.SND
POL1045G.SBE	1	36	77	It's the police, madame.	경찰입니다, 마담.	POL1045G.SND
POL1045G.SBE	2	79	110	The police?	경찰이라고요?	POL1045G.SND
POL1045G.SBE	3	112	171	One moment, please.	잠시만요.	POL1045G.SND
POL1045G.SBE	4	195	245	Come in!	들어오세요!	POL1045G.SND
POL1045H.SBE	0	3	32	Who is it?	누구죠?	POL1045H.SND
POL1045H.SBE	1	33	70	It's the police, monsieur.	경찰입니다, 무슈.	POL1045H.SND
POL1045H.SBE	2	73	105	Just a moment.	잠시만요.	POL1045H.SND
POL1045H.SBE	3	111	160	Come in!	들어오시오!	POL1045H.SND
POL1045J.SBE	0	1	30	Just a minute.	잠깐만요.	POL1045J.SND
POL1045J.SBE	1	60	96	Come in.	들어오세요.	POL1045J.SND
POL1046.SBE	0	22	95	Good evening, sir. Open the door, please.	좋은 저녁입니다, 선생님. 문 열어주십시오.	POL1046.SND
POL1046A.SBE	0	23	80	Monsieur, this is the police. Open the door.	무슈, 경찰입니다. 문 여십시오.	POL1046A.SND
POL1046B.SBE	0	1	62	- What's the trouble? - This is the police, monsieur.	- 무슨 일입니까? - 경찰입니다, 무슈.	POL1046B.SND
POL1101.SBE	0	10	135	Gentlemen, we are behind schedule. We must leave right now. Good night.	신사 여러분, 지연 중입니다. 지금 즉시 출발해야 합니다. 안녕히 계십시오.	POL1101.SND
POL1101.SBE	1	138	277	Wait. You are supposed to have 24 passengers, and we only counted 23.	잠깐. 원래 승객이 24명이어야 하는데 23명만 확인됐소.	POL1101.SND
POL1101.SBE	2	280	320	One is missing!	한 명이 사라졌소!	POL1101.SND
POL1101.SBE	3	323	461	We are very sorry about that, sir. But the Orient Express must stay on time.	유감입니다만, 오리엔트 특급은 정시 운행을 지켜야 합니다.	POL1101.SND
POL1101.SBE	4	465	575	You can get off now, or you can stay all the way to Chalons, as you like.	지금 내리시든지, 아니면 샬롱까지 동행하시든지 선택하십시오.	POL1101.SND
POZSONY.SBE	0	0	100	Pozsony 8:08 pm	포조니 오후 8:08	POZSONY.SND
REB1012.SBE	0	1	53	The French are so funny.	프랑스인들은 참 우스워.	REB1012.SND
REB1012.SBE	1	53	153	Madame Caillaux seems to have become a sort of national heroine.	카이요 부인이 무슨 국민 영웅이라도 된 분위기야.	REB1012.SND
REB1012.SBE	2	153	230	Somehow she's been transformed from an insignificant woman	별 볼 일 없는 여자가 어느새	REB1012.SND
REB1012.SBE	3	230	334	enslaved and overshadowed by her husband into a passionate avenger.	남편에게 눌려 살던 존재에서 열정적인 복수자로 변신했잖아.	REB1012.SND
REB1012.SBE	4	334	447	If the middle classes are going to start writing history, we're in trouble.	중산층이 역사를 쓰기 시작하면 큰일이야.	REB1012.SND
REB1012.SBE	5	447	528	That's just the kind of thing a little aristocrat girl would say.	딱 귀족 아가씨가 할 법한 말이네.	REB1012.SND
REB1012.SBE	6	528	634	Stop it. You even said yourself that she was like Madame Bovary.	그만해. 너도 아까 카이요 부인이 마담 보바리 같다고 했잖아.	REB1012.SND
REB1012.SBE	7	634	691	What counts is she's acted.	중요한 건, 그 여자가 행동했다는 거야.	REB1012.SND
REB1012.SBE	8	691	750	She's the very opposite of Madame Bovary.	오히려 마담 보바리와는 정반대지.	REB1012.SND
REB1012.SBE	9	750	801	I'd say more Joan of Arc, really.	내 눈엔 오히려 잔 다르크에 더 가까워.	REB1012.SND
REB1012.SBE	10	801	851	Who the English burned at the stake...	그 잔 다르크를 영국이 화형에 처했지...	REB1012.SND
REB1012.SBE	11	851	903	Must you always bring that up?	꼭 그 얘기를 꺼내야 해?	REB1012.SND
REB1012.SBE	12	903	960	Well, it happened...	실제로 그랬는걸...	REB1012.SND
REB1012.SBE	13	982	1042	What really interests me about Madame Caillaux	내가 카이요 부인 사건에서 흥미로운 건	REB1012.SND
REB1012.SBE	14	1042	1148	is the way the French scandals develop so differently from English ones.	프랑스식 스캔들이 영국식과 전개가 아주 다르다는 점이야.	REB1012.SND
REB1012.SBE	15	1148	1260	Like the Dreyfus affair. In England, if a Jewish army officer...	드레퓌스 사건도 그렇고. 영국에서 유대인 장교가...	REB1012.SND
REB1013.SBE	0	11	65	Look at that handsome man who just came in.	방금 들어온 저 잘생긴 남자 좀 봐.	REB1013.SND
REB1013.SBE	1	70	100	Sophie!	소피!	REB1013.SND
REB1013.SBE	2	108	192	Don't worry, he won't understand, he's an American.	걱정 마, 못 알아들어. 미국인이잖아.	REB1013.SND
REB1013.SBE	3	202	306	If we don't look at him, he will never know we are talking about him.	쳐다보지만 않으면 자길 말하는 줄 절대 몰라.	REB1013.SND
REB1013.SBE	4	307	336	Good Lord.	맙소사.	REB1013.SND
REB1013.SBE	5	337	416	Isn't he impressive? He seems to have just come in from outside,	인상적이지 않아? 방금 바깥에서 들어온 사람 같아,	REB1013.SND
REB1013.SBE	6	423	478	not at all like a European.	전혀 유럽인답지 않게.	REB1013.SND
REB1013.SBE	7	489	603	Jacket open, hair mussed...	재킷은 풀어헤치고, 머리는 헝클어져 있고...	REB1013.SND
REB1013.SBE	8	604	634	Listen, he could use a wash.	솔직히 씻긴 해야겠어.	REB1013.SND
REB1013.SBE	9	635	644	He could.	그건 맞아.	REB1013.SND
REB1013.SBE	10	645	734	Listen, if you are not interested in small details,	들어봐, 사소한 디테일에 관심이 없으면	REB1013.SND
REB1013.SBE	11	739	808	you'll never become a great writer.	절대 대작가는 못 돼.	REB1013.SND
REB1013.SBE	12	816	950	Look at his sad eyes. He could be a model for the hero of a novel.	저 쓸쓸한 눈 좀 봐. 소설 주인공 모델로 딱이야.	REB1013.SND
REB1015.SBE	0	16	48	Come on. Let's go back.	가자, 돌아가자.	REB1015.SND
REB1015.SBE	1	55	92	Aren't we going to dinner?	저녁 안 먹을 거야?	REB1015.SND
REB1015.SBE	2	96	188	Of course not, that's not how it's done on luxury trains.	당연히 지금은 아니지, 호화 열차에선 그렇게 안 해.	REB1015.SND
REB1015.SBE	3	193	272	It's only eight o'clock. We must wait for the second service.	아직 여덟 시야. 두 번째 서빙을 기다려야 해.	REB1015.SND
REB1015.SBE	4	276	402	If we eat now, afterwards we'll be bored. Look who's gone in.	지금 먹으면 그다음엔 할 일이 없어져. 저 안에 누가 들어갔는지 봐.	REB1015.SND
REB1015.SBE	5	406	506	Only old and impossible people. Trust me.	늙고 까다로운 사람들뿐이야. 날 믿어.	REB1015.SND
REB1039.SBE	0	1	25	Who is it?	누구죠?	REB1039.SND
REB1039A.SBE	0	1	22	Who is it?	누구죠?	REB1039A.SND
REB1106.SBE	0	1	22	Excuse me.	실례합니다.	REB1106.SND
REB1106A.SBE	0	1	27	Excuse me.	실례합니다.	REB1106A.SND
REB1198.SBE	0	9	90	Mademoiselle, I have saved your favorite table for you.	마드무아젤, 좋아하시는 자리를 따로 비워 두었습니다.	REB1198.SND
REB1198.SBE	1	97	201	What a pleasure to see you tonight with your charming friend.	오늘 밤 매력적인 친구분과 함께 오시다니 영광입니다.	REB1198.SND
REB1198.SBE	2	205	305	Never have I seen two such beautiful young ladies in one place.	이렇게 아름다운 젊은 숙녀 두 분을 한자리에서 본 적이 없습니다.	REB1198.SND
REB1198.SBE	3	310	359	You are the queens of the Orient Express.	두 분이야말로 오리엔트 특급의 여왕입니다.	REB1198.SND
REB1198.SBE	4	363	395	Thank you, Pascale.	고마워요, 파스칼.	REB1198.SND
REB1199.SBE	0	0	66	He does lay it on a bit thick, doesn't he.	저 사람, 말이 좀 과하지 않아?	REB1199.SND
REB1199.SBE	1	66	153	Pascale? Oh he talks like that to everybody.	파스칼? 아, 저 사람은 누구에게나 저렇게 말해.	REB1199.SND
REB1199A.SBE	0	0	58	You are really very beautiful tonight.	오늘 밤 넌 정말 너무 예뻐.	REB1199A.SND
REB1199A.SBE	1	58	144	Sophie, you're embarrassing me.	소피, 부끄럽게 왜 그래.	REB1199A.SND
REB1199A.SBE	2	144	253	Why? It's true. You don't believe me?	왜? 사실이잖아. 못 믿겠어?	REB1199A.SND
REB1199A.SBE	3	277	380	Turn around and ask our American if he finds you beautiful.	돌아서서 저 미국인에게 네가 예쁜지 물어봐.	REB1199A.SND
REB1199A.SBE	4	380	462	I know he'll agree with me.	분명 내 말에 동의할걸.	REB1199A.SND
REB1199B.SBE	0	1	42	Sophie!	소피!	REB1199B.SND
REB1199B.SBE	1	43	138	I'm sorry. I forgot, he's not your type.	미안, 깜빡했네. 저런 타입은 네 취향이 아니지.	REB1199B.SND
REB1199B.SBE	2	142	202	You wouldn't care if he likes you or not.	저 사람이 널 좋아하든 말든 넌 신경도 안 쓰겠지.	REB1199B.SND
REB1199B.SBE	3	216	316	So let's ask the woman in red, there, behind me.	그럼 내 뒤의 빨간 옷 여자에게 물어볼까.	REB1199B.SND
REB1199B.SBE	4	321	379	She's gorgeous, don't you think?	정말 눈부시지 않아?	REB1199B.SND
REB1199B.SBE	5	386	528	Tall, slender, grieving, such majestic pain...	키 크고, 가늘고, 슬픔에 잠겨 있고, 저 장엄한 고통이라니...	REB1199B.SND
REB1199C.SBE	0	0	75	Sophie! Everyone can hear you.	소피! 다 들리잖아.	REB1199C.SND
REB1199C.SBE	1	75	147	So what? What difference does it make to us?	그래서? 그게 우리한테 무슨 상관인데?	REB1199C.SND
REB1199C.SBE	2	160	284	Why travel if you're going to worry about the same things as at home?	집에서 하던 걱정을 똑같이 할 거면 왜 여행을 하겠어?	REB1199C.SND
REB1199C.SBE	3	297	388	You're free. You just don't know it yet.	넌 자유로워. 아직 그걸 모를 뿐이야.	REB1199C.SND
REB1199C.SBE	4	416	470	You make it all sound so simple.	넌 뭐든 너무 쉽게 말해.	REB1199C.SND
REB1199C.SBE	5	480	576	If you only knew how very difficult it was for me to even get on this train.	내가 이 열차에 오르기까지 얼마나 힘들었는지 알기나 해?	REB1199C.SND
REB1200A.SBE	0	0	114	These aren't new answers, Sophie. All of Russia may go into revolt.	그런 답은 새롭지 않아, 소피. 러시아 전역이 반란에 휩싸일지도 몰라.	REB1200A.SND
REB1200A.SBE	1	153	266	After a month on the island you won't think about such things.	섬에서 한 달만 지내면 그런 생각은 안 나게 될 거야.	REB1200A.SND
REB1200A.SBE	2	266	369	Listen, why don't you write a play when we get there?	있지, 거기 도착하면 희곡 하나 써보는 거 어때?	REB1200A.SND
REB1200A.SBE	3	369	419	It could be brilliant.	정말 훌륭할 수도 있어.	REB1200A.SND
REB1200A.SBE	4	435	558	One of your amusing little pieces, like the one you did on Reginald.	레지널드를 다룬 것처럼, 네 재치 있는 짧은 작품 말이야.	REB1200A.SND
REB1200A.SBE	5	570	733	I'll be Ariadne, you'll be Theseus. Josephine can be the Minotaur.	난 아리아드네, 넌 테세우스, 조세핀은 미노타우로스로 하자.	REB1200A.SND
REB1200A.SBE	6	733	832	Although you're so stubborn, that should really be your role.	다만 네가 워낙 고집이 세니 그 역할은 네가 맡아야 할지도.	REB1200A.SND
REB1200A.SBE	7	832	865	Josephine...	조세핀...	REB1200A.SND
REB1200A.SBE	8	865	915	Oh yes, didn't I tell you?	아, 그래. 내가 말 안 했나?	REB1200A.SND
REB1200A.SBE	9	915	996	She wrote just at the last minute and positively demanded to come.	막판에 편지를 보내선 꼭 오겠다고 아주 강하게 밀어붙였어.	REB1200A.SND
REB1200A.SBE	10	996	1065	She hates to be left out of anything.	뭐든 빠지는 걸 못 참는 애잖아.	REB1200A.SND
REB1200A.SBE	11	1065	1174	Oh, don't make such a face! Of course you and I will be together.	그런 표정 짓지 마! 당연히 너랑 나는 같이 있을 거야.	REB1200A.SND
REB1200A.SBE	12	1174	1324	After all, we can't spend all our time just staring at the sunset.	그렇다고 우리 둘이 하루 종일 노을만 바라볼 순 없잖아.	REB1200A.SND
REB1205.SBE	0	27	66	I'm bored.	심심해.	REB1205.SND
REB1205.SBE	1	76	124	Why don't we go out to the salon?	살롱으로 나갈까?	REB1205.SND
REB1205.SBE	2	124	156	In a minute.	잠깐만.	REB1205.SND
REB1205.SBE	3	214	343	I don't know why you wanted to travel if all you're going to do is write in your book.	여행 와서 할 거라곤 수첩에 글 쓰는 것뿐이면 왜 온 건지 모르겠어.	REB1205.SND
REB1205.SBE	4	358	397	You could do that at home.	그건 집에서도 할 수 있잖아.	REB1205.SND
REB1205.SBE	5	397	503	Thank you, Sophie, for that profound reflection on travelling and writing.	고마워, 소피. 여행과 글쓰기에 대한 참 심오한 통찰이네.	REB1205.SND
REB1205.SBE	6	530	656	Oh I know. You're angry because of Josephine, aren't you?	조세핀 때문에 화난 거지, 그렇지?	REB1205.SND
REB1205.SBE	7	656	735	You can invite the whole crowd, for all I care.	네 맘대로 사람들 다 불러. 난 상관없어.	REB1205.SND
REB1205.SBE	8	735	813	They'd come to the island anyway once they knew you were there.	네가 거기 있다는 걸 알면 어차피 다 섬으로 올 테니까.	REB1205.SND
REB1205.SBE	9	813	904	Is that what you're writing in your book? Let me see.	그게 네 공책에 쓰던 내용이야? 어디 좀 보자.	REB1205.SND
REB1205.SBE	10	915	1020	If you want to spy on what I'm writing, you'll have to do it when I'm not around.	내가 뭘 쓰는지 엿보려면 내가 없을 때 해야 할 거야.	REB1205.SND
REB1205.SBE	11	1032	1094	I don't care what you write.	네가 뭘 쓰든 난 관심 없어.	REB1205.SND
REB1205.SBE	12	1094	1191	Do what you want, I'm going to the salon.	네 마음대로 해. 난 살롱에 갈래.	REB1205.SND
REB2001.SBE	0	0	57	What were you writing all morning?	아침 내내 뭘 쓰고 있었어?	REB2001.SND
REB2001.SBE	1	57	95	Just my diary.	그냥 일기.	REB2001.SND
REB2001.SBE	2	95	195	I thought it must be a novel. You were writing such a long time.	너무 오래 쓰길래 소설인 줄 알았지.	REB2001.SND
REB2001.SBE	3	232	261	When can I read it?	언제 읽어볼 수 있어?	REB2001.SND
REB2001.SBE	4	261	303	You want to read my diary?	내 일기를 읽고 싶다고?	REB2001.SND
REB2001.SBE	5	303	366	Of course. Unless it's a secret.	당연하지. 비밀이라면 몰라도.	REB2001.SND
REB2001.SBE	6	366	433	I, well... It is, rather.	그게... 음... 사실 좀 비밀이야.	REB2001.SND
REB2001.SBE	7	433	528	No one's ever asked me before. I don't know what to say.	누가 읽게 해달란 건 처음이라 뭐라 해야 할지 모르겠네.	REB2001.SND
REB2001.SBE	8	528	651	I'm just teasing you. It was just to see the look on your face.	농담이야. 네 표정 보려고 그랬지.	REB2001.SND
REB2001.SBE	9	674	734	Really... Sophie.	정말... 소피.	REB2001.SND
REB2001.SBE	10	734	782	You were really funny.	너 아까 정말 웃겼어.	REB2001.SND
REB2001.SBE	11	782	852	You would have thought I was asking to borrow money.	내가 돈 빌려달라는 줄 알았겠다.	REB2001.SND
REB3000.SBE	0	0	45	There's absolutely no one here.	여긴 정말 사람이 하나도 없네.	REB3000.SND
REB3000.SBE	1	45	84	But of course.	그야 당연하지.	REB3000.SND
REB3001.SBE	0	9	87	Ah, ladies. So good to see you!	아, 숙녀분들. 뵙게 되어 정말 반갑습니다!	REB3001.SND
REB3001.SBE	1	92	147	We have kept your table for you.	두 분 자리는 그대로 비워 두었습니다.	REB3001.SND
REB3001.SBE	2	150	170	Thank you.	고마워요.	REB3001.SND
REB3001.SBE	3	174	259	Do you know, I was starting to really miss your presence.	아십니까, 두 분이 안 계시니 정말 허전했습니다.	REB3001.SND
REB3001.SBE	4	264	366	Without you, the Orient Express would be just an ordinary train.	두 분이 없으면 오리엔트 특급도 그저 평범한 열차일 뿐입니다.	REB3001.SND
REB3001.SBE	5	370	405	Thank you, Pascale.	고마워요, 파스칼.	REB3001.SND
REB3002.SBE	0	0	59	I'm absolutely famished.	나 정말 배고파 죽겠어.	REB3002.SND
REB3002.SBE	1	59	148	You'll have to get used to eating late, my dear Rebecca.	레베카, 늦게 먹는 데 익숙해져야 해.	REB3002.SND
REB3002.SBE	2	148	256	On the island one never lunches before three o'clock.	섬에서는 점심을 세 시 전에 먹지 않아.	REB3002.SND
REB3002.SBE	3	256	295	You see, during the day it is quite hot.	낮에는 꽤 덥거든.	REB3002.SND
REB3002.SBE	4	295	376	Between twelve and three there is nothing to do but nap.	열두 시에서 세 시 사이엔 낮잠 말고 할 일이 없어.	REB3002.SND
REB3002.SBE	5	376	463	There is a divine woman from the village	마을에 솜씨 좋은 여자가 하나 있는데	REB3002.SND
REB3002.SBE	6	463	627	who will do your hair. I fancy you in a looser style...	네 머리를 해줄 거야. 난 네가 좀 느슨한 스타일이 어울린다고 봐...	REB3002.SND
REB3002.SBE	7	627	678	With ringlets, for example.	예를 들면 컬 같은 거.	REB3002.SND
REB3002.SBE	8	678	705	Not ringlets.	컬은 싫어.	REB3002.SND
REB3002.SBE	9	705	834	Ah, but my darling, our goal was to reinvent you, wasn't it?	아, 하지만 자기야, 우리의 목표는 널 새롭게 바꾸는 거였잖아?	REB3002.SND
REB3002.SBE	10	853	930	The warm breeze off the sea will transform your soul.	바다에서 불어오는 따뜻한 바람이 네 영혼을 바꿔줄 거야.	REB3002.SND
REB3002.SBE	11	930	1133	Listen: when the day cools down, the golden afternoon light comes,	잘 들어봐. 더위가 가라앉으면 황금빛 오후 햇살이 내려오고,	REB3002.SND
REB3002.SBE	12	1133	1212	turning the water a deep blue and black.	바다는 짙은 남청색과 검은빛으로 변해.	REB3002.SND
REB3002.SBE	13	1236	1332	We will eat olives and homemade bread.	우린 올리브와 집에서 구운 빵을 먹고,	REB3002.SND
REB3002.SBE	14	1332	1461	The cook makes a very nice lamb dish, if I remember right.	기억이 맞다면 요리사가 양고기 요리를 아주 잘해.	REB3002.SND
REB3002.SBE	15	1479	1653	Then we will walk along the cliffs, like Sappho and her beloved,	그리고 사포와 그 연인처럼 절벽길을 걷는 거야,	REB3002.SND
REB3002.SBE	16	1653	1787	in light, gauzy gowns, and watch the sun go down.	얇고 하늘거리는 옷을 입고 해지는 걸 바라보면서.	REB3002.SND
REB3002.SBE	17	1787	1959	Followed, I suppose, by Josephine, Victoria, and Francesca? Also in gauze?	그 뒤로 조세핀, 빅토리아, 프란체스카도 따라오겠지? 그들도 하늘거리는 옷 차림으로?	REB3002.SND
REB3002.SBE	18	1959	2109	Why not? You will see; on the island everyone becomes very close.	왜 안 돼? 두고 봐, 섬에선 다들 금세 가까워져.	REB3002.SND
REB3002.SBE	19	2121	2219	Victoria is simply irresistible.	빅토리아는 정말 거부할 수가 없어.	REB3002.SND
REB3002.SBE	20	2219	2392	Last summer she lolled around all day like a big, lazy orange cat,	지난여름엔 큰 게으른 주황 고양이처럼 하루 종일 빈둥거렸지,	REB3002.SND
REB3002.SBE	21	2392	2439	sleeping and waiting to be stroked.	자고, 쓰다듬어 주기만 기다리면서.	REB3002.SND
REB3002.SBE	22	2454	2525	I came to be with you, Sophie.	난 너랑 같이 있으려고 온 거야, 소피.	REB3002.SND
REB3002.SBE	23	2525	2589	Not with Josephine and that group of parasites.	조세핀과 그 기생충 무리 때문이 아니라고.	REB3002.SND
REB3002.SBE	24	2589	2736	Of course! But Francesca has the most charming little house in Marbella.	물론이지! 하지만 프란체스카가 마르벨라에 정말 매력적인 작은 집을 갖고 있잖아.	REB3002.SND
REB3002.SBE	25	2736	2805	You cannot take everything so seriously, Rebecca.	레베카, 모든 걸 그렇게 심각하게 받아들이면 안 돼.	REB3002.SND
REB3002.SBE	26	2805	2841	I'm trying.	노력하고 있어.	REB3002.SND
REB3002.SBE	27	2860	2988	Good. Now let's change the subject. For example, your clothes.	좋아. 이제 화제를 바꾸자. 예를 들면 네 옷.	REB3002.SND
REB3002.SBE	28	2988	3020	My clothes?	내 옷?	REB3002.SND
REB3002.SBE	29	3020	3156	Yes. Now that we are away from England, it's time for a new image.	그래. 이제 영국을 벗어났으니 새 이미지가 필요해.	REB3002.SND
REB3004.SBE	0	45	150	I wish we were on the island now. I hate these times in-between.	지금 당장 섬에 있었으면 좋겠어. 이 중간 시간이 너무 싫어.	REB3004.SND
REB3004.SBE	1	165	298	Oh, I love the in-between times. The only time I can really think.	난 이런 중간 시간이 좋아. 제대로 생각할 수 있는 유일한 시간이거든.	REB3004.SND
REB3005.SBE	0	0	61	Who is this prince, that's what I'd like to know.	이 왕자라는 사람, 대체 누구인지 알고 싶어.	REB3005.SND
REB3005.SBE	1	61	132	I don't think he's a prince of anything.	난 그가 무슨 왕자라고도 생각 안 해.	REB3005.SND
REB3005.SBE	2	132	190	It all sounds very mysterious.	모든 게 너무 수상쩍어.	REB3005.SND
REB3005.SBE	3	190	256	Why do you think he invited us and not Madame Boutarel?	왜 우리만 초대하고 마담 부타렐은 안 불렀을까?	REB3005.SND
REB3005.SBE	4	256	318	It's very simple, he's a snob.	아주 간단해, 속물이니까.	REB3005.SND
REB3005.SBE	5	318	412	He does not know me, he only knows my name, de Bretheuil.	그 사람은 나를 아는 게 아니라 내 성, 드 브레퇴유만 아는 거야.	REB3005.SND
REB3005.SBE	6	412	512	He thinks to invite the noblest to make himself important.	스스로 격을 높이려고 가장 귀족적인 사람을 초대한 거지.	REB3005.SND
REB3005.SBE	7	512	618	That's why he does not invite some petit bourgeois like the Boutarel.	그래서 부타렐 같은 쁘띠 부르주아는 초대하지 않는 거고.	REB3005.SND
REB3005.SBE	8	618	715	But he invites the Count Obolensky, who he does not know.	그러면서 알지도 못하는 오볼렌스키 백작은 초대하잖아.	REB3005.SND
REB3005.SBE	9	715	754	Then you don't think we should accept?	그럼 우리도 수락하지 말아야 한다는 뜻이야?	REB3005.SND
REB3005.SBE	10	754	862	Why not? It will be less boring than listening to Madame Boutarel.	왜 안 돼? 마담 부타렐 이야기 듣는 것보단 덜 지루하겠지.	REB3005.SND
REB3005.SBE	11	862	927	Did I tell you what she said to me this morning?	오늘 아침 그 여자가 내게 뭐라 했는지 말해줬나?	REB3005.SND
REB3005.SBE	12	927	1011	Apparently, the reason she and her husband aren't sharing an compartment	듣자니 그녀와 남편이 한 객실을 쓰지 않는 이유가	REB3005.SND
REB3005.SBE	13	1011	1062	is that their little boy Fran뇇is...	그 집 꼬마 프랑수아 때문이라나...	REB3005.SND
REB3007.SBE	0	0	29	Excuse me.	실례합니다.	REB3007.SND
REB3007.SBE	1	44	74	You're coming back?	다시 오는 거지?	REB3007.SND
REB3007.SBE	2	74	123	Yes, I will be in a minute.	응, 금방 돌아올게.	REB3007.SND
REB3007.SBE	3	123	186	Okay, I'll be waiting for you.	좋아, 기다리고 있을게.	REB3007.SND
REB3008.SBE	0	0	46	You were away for a long time.	꽤 오래 자리를 비웠네.	REB3008.SND
REB3008.SBE	1	46	133	Was I? I'm sorry. Are you terribly bored?	그랬어? 미안해. 엄청 지루했어?	REB3008.SND
REB3008.SBE	2	133	169	Yes!	응!	REB3008.SND
REB3008.SBE	3	186	285	I told Madame Boutarel about the concert and she was absolutely livid.	내가 마담 부타렐에게 연주회 얘길 했더니 완전히 격분하더라.	REB3008.SND
REB3010.SBE	0	0	119	It's easy for you to say that now, Now that I have nothing to go back to.	넌 지금 그런 말 쉽게 하지. 난 이제 돌아갈 곳조차 없는데.	REB3010.SND
REB3010.SBE	1	119	165	That's not my fault.	그건 내 잘못이 아니야.	REB3010.SND
REB3010.SBE	2	165	225	You weren't talking like that in London.	런던에선 그런 말 안 했잖아.	REB3010.SND
REB3010.SBE	3	225	292	London is London, here is here!	런던은 런던이고, 여긴 여기야!	REB3010.SND
REB3010.SBE	4	292	389	I don't know why I feel something one day and not another.	왜 어떤 날은 그렇고 어떤 날은 아닌지 나도 몰라.	REB3010.SND
REB3010.SBE	5	389	456	But I won't pretend I feel it when I don't.	하지만 아닌 걸 그렇다고 꾸미진 않을 거야.	REB3010.SND
REB3010.SBE	6	456	491	I'm not like you.	난 너랑 달라.	REB3010.SND
REB3010.SBE	7	491	555	No one's feelings can change that fast.	사람 마음이 그렇게 빨리 바뀔 순 없어.	REB3010.SND
REB3010.SBE	8	555	592	Well mine do.	내 마음은 그래.	REB3010.SND
REB3010.SBE	9	592	675	You can't treat people as if they were your toys.	사람을 네 장난감처럼 다루면 안 돼.	REB3010.SND
REB3010.SBE	10	675	732	There are consequences, you know.	그엔 대가가 따르는 법이야.	REB3010.SND
REB3010.SBE	11	743	807	I've given up a lot to come on this trip.	이 여행을 오려고 난 많은 걸 포기했어.	REB3010.SND
REB3010.SBE	12	807	915	I don't care about the things you give up, for me that's nothing.	네가 뭘 포기했는지는 내게 중요하지 않아, 그런 건 아무것도 아니야.	REB3010.SND
REB3010.SBE	13	915	1020	What you give to me, what you make me feel, that's what I care about.	네가 내게 주는 것, 네가 내게 느끼게 하는 것, 그게 중요해.	REB3010.SND
REB3010.SBE	14	1020	1080	You won't give me a chance.	넌 내게 기회조차 안 줘.	REB3010.SND
REB3010.SBE	15	1080	1209	You're always talking about sacrifices, consequences, obligations...	넌 늘 희생, 결과, 의무 같은 얘기만 하잖아...	REB3010.SND
REB3010.SBE	16	1209	1250	I don't give a damn about any of it.	난 그런 거 하나도 신경 안 써.	REB3010.SND
REB3010.SBE	17	1250	1314	If I'd wanted all that baggage I would have married Philippe.	그런 짐이 필요했으면 차라리 필리프랑 결혼했지.	REB3010.SND
REB3010.SBE	18	1314	1365	At least that would have had its compensations.	최소한 그쪽은 얻는 게라도 있었을 테니까.	REB3010.SND
REB4001.SBE	0	17	99	Ladies, it is delightful to see you again.	숙녀분들, 다시 뵈니 정말 반갑습니다.	REB4001.SND
REB4001.SBE	1	102	170	Your table is waiting for you, as always.	늘 그렇듯 두 분 자리가 기다리고 있습니다.	REB4001.SND
REB4001.SBE	2	175	212	Please, follow me.	이쪽으로 오십시오.	REB4001.SND
REB4001.SBE	3	216	317	Tonight's dinner is less bad than usual.	오늘 저녁 식사는 평소보다 덜 형편없습니다.	REB4001.SND
REB4001.SBE	4	321	418	Perhaps it will not offend your excellent palate.	두 분의 훌륭한 미각을 거스르지 않기를 바라지요.	REB4001.SND
REB4001.SBE	5	430	471	Thank you, Pascale.	고마워요, 파스칼.	REB4001.SND
REB4004.SBE	0	0	122	I just can't imagine Charlotte deliberately letting herself in for that sort of a life.	샬럿이 그런 삶을 일부러 선택했다는 건 도저히 상상이 안 돼.	REB4004.SND
REB4004.SBE	1	122	192	I mean, after the hell that Anne's been through.	앤이 그렇게 고생한 걸 보고도 말이야.	REB4004.SND
REB4004.SBE	2	192	333	It's not so bad for Anne. She amuses herself, her husband amuses himself,	앤도 아주 나쁘진 않아. 본인은 본인대로 즐기고 남편도 남편대로 즐기잖아,	REB4004.SND
REB4004.SBE	3	333	389	I would say it's worked out quite nicely for both of them.	둘 다에게 꽤 괜찮게 굴러간 셈이지.	REB4004.SND
REB4004.SBE	4	399	438	For Charlotte too.	샬럿도 마찬가지고.	REB4004.SND
REB4004.SBE	5	438	493	Don't joke about it, it's too awful.	그런 걸 농담으로 하지 마, 너무 끔찍해.	REB4004.SND
REB4004.SBE	6	493	564	But I'm not joking. I plan to marry myself,	아니, 난 농담이 아니야. 나도 결혼할 생각이야,	REB4004.SND
REB4004.SBE	7	564	620	when the right opportunity presents itself.	알맞은 기회가 오면.	REB4004.SND
REB4004.SBE	8	620	662	You should do the same.	너도 그렇게 하는 게 좋지.	REB4004.SND
REB4004.SBE	9	662	697	I shall never marry.	난 절대 결혼 안 해.	REB4004.SND
REB4004.SBE	10	697	754	Don't be so dramatic.	그렇게 극적으로 굴지 마.	REB4004.SND
REB4004.SBE	11	754	836	I'm not saying you should do anything so complicated now,	지금 당장 그렇게 복잡한 걸 하라는 뜻은 아니야,	REB4004.SND
REB4004.SBE	12	836	884	there's too much fun to be had.	아직 즐길 일이 너무 많거든.	REB4004.SND
REB4004.SBE	13	884	964	You'll still be young and beautiful for a good two or three years.	앞으로 2~3년은 충분히 젊고 아름다울 거야.	REB4004.SND
REB4004.SBE	14	964	1012	If anything I think you'll be even more beautiful in a year or two,	오히려 1~2년 뒤가 더 아름다울지도 몰라,	REB4004.SND
REB4004.SBE	15	1012	1088	when you've gotten over your awkwardness and learned how to dress.	어색함이 빠지고 옷 입는 법을 익히면 말이야.	REB4004.SND
REB4004.SBE	16	1088	1193	But after that, what kind of fun can you have as an old maid?	하지만 그 뒤에 노처녀로 무슨 재미를 누리겠어?	REB4004.SND
REB5001.SBE	0	0	30	Do you think we should answer it?	대답해야 할까?	REB5001.SND
REB5001.SBE	1	30	78	Yes. Who is it?	응. 누구죠?	REB5001.SND
REB5010.SBE	0	0	77	Oh, thank God you're here. Can you tell us what's going on?	아, 다행이에요. 여기 계셨네요. 무슨 일인지 말씀해 주실래요?	REB5010.SND
REB5010.SBE	1	77	163	I am sorry, Madame. I know very little.	죄송합니다, 마담. 저도 아는 게 거의 없습니다.	REB5010.SND
REB5010.SBE	2	163	264	The chef de train has ask all passengers to remain in their compartments	열차장님이 모든 승객께 객실에 머물라고 지시했습니다.	REB5010.SND
REB5010.SBE	3	264	310	until we can stop the train.	열차를 멈출 수 있을 때까지요.	REB5010.SND
REB5010.SBE	4	310	353	Who are these bandits?	그 도적들은 대체 누구예요?	REB5010.SND
REB5010.SBE	5	353	434	Nobody will tell us what's going on.	아무도 무슨 일인지 말해주질 않아요.	REB5010.SND
REB5010.SBE	6	445	496	Why can't they stop the train now?	왜 지금 당장 열차를 못 멈추는 거죠?	REB5010.SND
REB5010.SBE	7	496	587	I am sorry, Miss. We are no longer in control of the situation.	죄송합니다, 아가씨. 저희가 더는 상황을 통제하지 못하고 있습니다.	REB5010.SND
REB5010.SBE	8	587	708	Unfortunately, the bandits cut contact between the cars and the locomotive,	불행히도 도적들이 객차와 기관차 사이 연결을 끊어놔서,	REB5010.SND
REB5010.SBE	9	708	774	so at the moment we have no way of stopping the train.	현재로선 열차를 멈출 방법이 없습니다.	REB5010.SND
REB5010.SBE	10	774	803	What's he saying?	뭐라고 하는 거야?	REB5010.SND
REB5010.SBE	11	803	846	They can't stop the train.	열차를 못 세운대.	REB5010.SND
REB5010.SBE	12	846	960	If you will stay where you are, Madame, I'm sure that everything will be fine.	지금 계신 곳에만 계시면, 마담, 분명 괜찮을 겁니다.	REB5010.SND
REB5010.SBE	13	960	1081	But in the event of a bump it is much safer that you should be	다만 충격이 생길 경우엔	REB5010.SND
REB5010.SBE	14	1081	1115	in your compartment.	객실에 계시는 편이 훨씬 안전합니다.	REB5010.SND
REB5010.SBE	15	1115	1216	A bump? What's that supposed to mean, a bump?	충격이라니? 그게 무슨 뜻이죠, 충격이라니?	REB5010.SND
REB5010.SBE	16	1216	1340	I'm sorry, madame. Please stay here. It is all we can do.	죄송합니다, 마담. 이곳에 계셔 주십시오. 저희가 할 수 있는 건 그뿐입니다.	REB5010.SND
REB6969.SBE	0	93	190	I'm bored. Why don't we go out to the salon?	심심해. 살롱으로 나갈까?	REB6969.SND
REB6969.SBE	1	190	224	In a minute.	잠깐만.	REB6969.SND
REB6969.SBE	2	237	300	You are really very beautiful tonight.	오늘 밤 넌 정말 예뻐.	REB6969.SND
REB6969.SBE	3	300	375	Sophie, you're embarrassing me.	소피, 부끄럽게 왜 그래.	REB6969.SND
REB6969.SBE	4	573	653	Sophie... everyone can hear you...	소피... 다 들려...	REB6969.SND
REB6969.SBE	5	653	683	So what?	그래서?	REB6969.SND
REB6969.SBE	6	878	950	Perhaps I'll just take a walk up to the smoking car.	난 흡연칸에 잠깐 다녀올래.	REB6969.SND
REB6969.SBE	7	1071	1122	I'm absolutely famished.	나 정말 배고파.	REB6969.SND
SALZBURG.SBE	0	0	100	Salzburg 12:45 pm	잘츠부르크 오후 12:45	SALZBURG.SND
SOP1039.SBE	0	4	29	Yes, who is it?	네, 누구죠?	SOP1039.SND
SOP1039A.SBE	0	4	25	Who is it?	누구죠?	SOP1039A.SND
SOP1105.SBE	0	1	23	Excuse me?	네?	SOP1105.SND
SOP1105A.SBE	0	1	34	Excuse me, monsieur.	실례합니다, 무슈.	SOP1105A.SND
SOP1105B.SBE	0	1	32	Excuse me, monsieur.	실례합니다, 무슈.	SOP1105B.SND
SOP1105C.SBE	0	1	29	Pardon me, madame.	실례합니다, 마담.	SOP1105C.SND
SOP1105D.SBE	0	1	25	Pardon me, madame.	실례합니다, 마담.	SOP1105D.SND
SOP3008.SBE	0	1	49	Excuse me. Got a light?	실례합니다. 불 좀 있으세요?	SOP3008.SND
SOP3008.SBE	1	50	101	I don't speak English, sir.	영어는 못 합니다, 선생님.	SOP3008.SND
STRASBOU.SBE	0	0	100	Strasbourg 3:36 am	스트라스부르 오전 3:36	STRASBOU.SND
TAT1066.SBE	0	1	50	Good evening, your excellency.	좋은 저녁입니다, 각하.	TAT1066.SND
TAT1066.SBE	1	61	165	Mademoiselle, I trust everything has been to your satisfaction?	마드무아젤, 모든 것이 마음에 드셨습니까?	TAT1066.SND
TAT1066.SBE	2	166	195	Yes, thank you.	네, 감사합니다.	TAT1066.SND
TAT1066.SBE	3	196	255	If your excellency will permit me,	각하께서 허락하신다면,	TAT1066.SND
TAT1066.SBE	4	256	400	your presence here with your lovely granddaughter is too great of an honor.	이렇게 사랑스러운 손녀분과 함께 자리해 주신 것만으로도 과분한 영광입니다.	TAT1066.SND
TAT1066.SBE	5	401	450	I'm not worthy to serve you.	제가 모시기엔 너무 분에 넘칩니다.	TAT1066.SND
TAT1066.SBE	6	451	565	I thank you for your indulgence, I will bother you no further.	너그러이 봐주셔서 감사합니다. 더는 방해하지 않겠습니다.	TAT1066.SND
TAT1066.SBE	7	566	577	Mademoiselle.	마드무아젤.	TAT1066.SND
TAT1069A.SBE	0	9	76	Did you obey all the covenants of our church?	우리 교회의 계율을 모두 지켰느냐?	TAT1069A.SND
TAT1069A.SBE	1	80	126	Yes, Grandfather.	네, 할아버지.	TAT1069A.SND
TAT1069B.SBE	0	14	50	Do you like this dish?	이 요리가 마음에 드느냐?	TAT1069B.SND
TAT1069B.SBE	1	55	73	Yes.	네.	TAT1069B.SND
TAT1069B.SBE	2	76	118	I think it is remarkable.	아주 훌륭한 요리라고 생각해요.	TAT1069B.SND
TAT1069B.SBE	3	122	166	You're feeling good.	기분이 좋아 보이는구나.	TAT1069B.SND
TAT1070.SBE	0	14	70	Have you finished your supper? Can we go now?	저녁 다 드셨어요? 이제 가도 될까요?	TAT1070.SND
TAT1070.SBE	1	84	132	Let me help you.	제가 부축해드릴게요.	TAT1070.SND
TAT1070.SBE	2	163	188	Be careful.	조심하세요.	TAT1070.SND
TAT1070.SBE	3	191	223	There you go.	자, 됐어요.	TAT1070.SND
TAT1071.SBE	0	17	131	Carefully, Grandfather. Can you get by?	조심히요, 할아버지. 지나가실 수 있겠어요?	TAT1071.SND
TAT1071.SBE	1	162	188	Easy now.	천천히요.	TAT1071.SND
TAT1071A.SBE	0	23	80	Oh, look, Grandfather!	어머, 저것 좀 보세요, 할아버지!	TAT1071A.SND
TAT1071A.SBE	1	88	144	They've made the bed for you.	침대를 다 정리해 두었어요.	TAT1071A.SND
TAT1071A.SBE	2	170	213	You're probably very tired.	많이 피곤하시겠죠.	TAT1071A.SND
TAT1071A.SBE	3	228	270	Go on, lie down and rest.	어서 누워 쉬세요.	TAT1071A.SND
TAT1102A.SBE	0	1	15	Excuse me.	실례합니다.	TAT1102A.SND
TAT1102B.SBE	0	1	16	Excuse me.	실례합니다.	TAT1102B.SND
TAT1133A.SBE	0	1	13	Who is it?	누구죠?	TAT1133A.SND
TAT1133B.SBE	0	1	33	Yes? Who is it?	예? 누구죠?	TAT1133B.SND
TAT2116.SBE	0	20	62	You'll be glad to know	알면 기뻐하겠군요.	TAT2116.SND
TAT2116.SBE	1	66	136	that after you insulted my grandfather,	당신이 우리 할아버지를 모욕한 뒤로,	TAT2116.SND
TAT2116.SBE	2	140	194	he had an attack.	발작이 오셨어요.	TAT2116.SND
TAT2116.SBE	3	198	294	I suppose you're proud that you've made an old man suffer.	노인을 그렇게 괴롭혀 놓고도 뿌듯하겠죠?	TAT2116.SND
TAT2116.SBE	4	300	420	If Vassili Alexandrovitch suffers, it's because of his own guilty conscience.	바실리 알렉산드로비치가 괴로운 건 본인의 죄책감 때문이오.	TAT2116.SND
TAT2116.SBE	5	435	465	I only spoke the truth.	난 진실만 말했을 뿐이오.	TAT2116.SND
TAT2116.SBE	6	466	510	How dare you!	감히!	TAT2116.SND
TAT2116.SBE	7	528	656	Miss Tatiana, you have the arrogance of your class.	미스 타티아나, 당신은 자기 계급의 오만함을 그대로 가졌군.	TAT2116.SND
TAT2116.SBE	8	668	744	You're of the same class yourself!	당신도 같은 계급이잖아요!	TAT2116.SND
TAT2116.SBE	9	753	813	I? Hardly.	나라고? 전혀.	TAT2116.SND
TAT2116.SBE	10	827	879	In any case, it's irrelevant.	어쨌든 그건 중요하지 않소.	TAT2116.SND
TAT2116.SBE	11	896	982	I have dedicated my life to creating a classless society.	난 계급 없는 사회를 만들기 위해 인생을 바쳤소.	TAT2116.SND
TAT2116.SBE	12	996	1066	Then it's true what Grandfather said.	그럼 할아버지 말이 사실이네요.	TAT2116.SND
TAT2116.SBE	13	1092	1173	You're a Liberal!	당신, 자유주의자군요!	TAT2116.SND
TAT2116.SBE	14	1201	1305	I had hoped that in four years in Paris you might have learned something.	파리에서 4년이나 지냈으니 뭔가 배웠길 바랐소.	TAT2116.SND
TAT2116.SBE	15	1319	1415	But of course, the bourgeois system	하지만 물론, 부르주아 체제의	TAT2116.SND
TAT2116.SBE	16	1426	1506	of educating girls for the marriage market	결혼 시장에 내놓을 여자를 길러내는 교육이	TAT2116.SND
TAT2116.SBE	17	1522	1640	would have sheltered you from anything resembling an idea.	생각이라 부를 만한 건 뭐든 접하지 못하게 했겠지.	TAT2116.SND
TAT2116.SBE	18	1650	1754	Alexei, why are you talking to me like this?	알렉세이, 왜 나한테 이렇게 말해?	TAT2116.SND
TAT2116.SBE	19	1760	1893	We used to play together every day on the river. Don't you remember?	우리 예전에 강가에서 매일 같이 놀았잖아. 기억 안 나?	TAT2116.SND
TAT2116.SBE	20	1922	2005	I remember.	기억하지.	TAT2116.SND
TAT2116.SBE	21	2010	2059	That time no longer exists.	하지만 그 시절은 더는 없어.	TAT2116.SND
TAT2116A.SBE	0	1	15	Good day.	안녕하세요.	TAT2116A.SND
TAT3160A.SBE	0	15	104	Still as bold as ever, I see.	여전히 대담하군, 보아하니.	TAT3160A.SND
TAT3160A.SBE	1	117	196	A girl who plays chess like a man.	남자처럼 체스를 두는 아가씨라.	TAT3160A.SND
TAT3160A.SBE	2	199	231	Your move.	네 차례야.	TAT3160A.SND
TAT3160B.SBE	0	15	122	Remarkable. A trick worthy of your grandfather.	놀랍군. 네 할아버지다운 수작이야.	TAT3160B.SND
TAT3160B.SBE	1	127	212	Why do you keep bringing up my grandfather?	왜 자꾸 제 할아버지를 들먹이죠?	TAT3160B.SND
TAT3160B.SBE	2	215	271	It's me you're playing with, not him.	지금 당신이 상대하는 건 저예요, 할아버지가 아니라.	TAT3160B.SND
TAT3160B.SBE	3	276	328	Yes, he taught you well.	그래, 그가 널 잘 가르쳤지.	TAT3160B.SND
TAT3160B.SBE	4	331	420	I had other teachers since then, Alexei Sergeevich.	그 뒤로는 다른 스승들도 있었습니다, 알렉세이 세르게예비치.	TAT3160B.SND
TAT3160B.SBE	5	421	480	I am not a little girl anymore.	저도 이제 어린아이가 아니에요.	TAT3160B.SND
TAT3160B.SBE	6	481	533	No, you are not.	그래, 아니지.	TAT3160B.SND
TAT3160C.SBE	0	15	54	Are you sure?	확실해요?	TAT3160C.SND
TAT3160C.SBE	1	68	106	Yes.	확실해.	TAT3160C.SND
TAT3160C.SBE	2	130	201	Are you absolutely sure?	정말 확실해요?	TAT3160C.SND
TAT3160C.SBE	3	213	268	Absolutely.	물론.	TAT3160C.SND
TAT3160C.SBE	4	283	356	If that's the way you want it.	네가 원한다면 그렇게 하지.	TAT3160C.SND
TAT3160C.SBE	5	412	475	That makes us even.	이걸로 우리도 비긴 셈이군.	TAT3160C.SND
TAT3160C.SBE	6	485	591	You ought to be ashamed, winning with a dirty trick like that!	그런 비열한 수로 이겨 놓고 부끄럽지도 않아요!	TAT3160C.SND
TAT3160C.SBE	7	608	657	A typical female reaction.	전형적인 여자 반응이군.	TAT3160C.SND
TAT3160C.SBE	8	668	707	Another game!	한 판 더!	TAT3160C.SND
TAT3160D.SBE	0	15	48	It's your move, Miss.	아가씨, 수를 두시죠.	TAT3160D.SND
TAT3160D.SBE	1	98	145	Check and mate.	체크메이트.	TAT3160D.SND
TAT3160D.SBE	2	208	290	Aren't you ashamed, letting a woman beat you so easily?	여자에게 그렇게 쉽게 지고도 부끄럽지 않아요?	TAT3160D.SND
TAT3160D.SBE	3	318	379	I could have won easily if I hadn't moved the knight.	나이트만 안 움직였으면 내가 쉽게 이겼지.	TAT3160D.SND
TAT3160D.SBE	4	382	398	How?	어떻게요?	TAT3160D.SND
TAT3160E.SBE	0	15	78	Why ever did you leave the University?	도대체 왜 대학을 그만둔 거예요?	TAT3160E.SND
TAT3160E.SBE	1	83	187	You can't imagine the fuss they made at home.	집에서 얼마나 난리가 났는지 상상도 못 할걸.	TAT3160E.SND
TAT3160E.SBE	2	219	305	At the University all they do is talk.	대학에선 말만 늘어놓을 뿐이야.	TAT3160E.SND
TAT3160E.SBE	3	314	367	Talk changes nothing.	말로는 아무것도 바뀌지 않아.	TAT3160E.SND
TAT3160E.SBE	4	375	450	Words are lost in the air like the sound of church bells.	말은 교회 종소리처럼 공중에 흩어질 뿐이지.	TAT3160E.SND
TAT3160E.SBE	5	465	600	A single deed is better propaganda than a thousand pamphlets.	행동 하나가 전단 천 장보다 더 강한 선전이야.	TAT3160E.SND
TAT3160E.SBE	6	625	714	Those are very nice words. Your move.	말은 그럴듯하네요. 당신 차례예요.	TAT3160E.SND
TAT3160F.SBE	0	15	87	According to you everything is bad!	당신 말로는 세상 모든 게 다 잘못됐죠!	TAT3160F.SND
TAT3160F.SBE	1	94	160	All you want to do is tear things down.	당신은 부수는 것밖에 할 줄 모르고요.	TAT3160F.SND
TAT3160F.SBE	2	165	250	When men like your grandfather have the power of life and death	네 할아버지 같은 인간들이 수백만 러시아인의 생사를 쥐고 있으면	TAT3160F.SND
TAT3160F.SBE	3	255	365	over millions of Russians, someone needs to bring them down.	누군가는 그들을 끌어내려야 해.	TAT3160F.SND
TAT3160F.SBE	4	370	450	But it's incredible. You're obsessed with my grandfather!	정말 기가 막히네요. 당신은 우리 할아버지에게 집착하고 있어요!	TAT3160F.SND
TAT3160F.SBE	5	455	510	What has he done to you to make you hate him so?	우리 할아버지가 당신에게 뭘 했길래 그렇게 증오하죠?	TAT3160F.SND
TAT3160F.SBE	6	515	590	It's what he has done to Russia.	그가 러시아에 저지른 일 때문이지.	TAT3160F.SND
TAT3160F.SBE	7	595	654	To all of us.	우리 모두에게 말이야.	TAT3160F.SND
TAT3160F.SBE	8	659	718	Do you remember what happened last winter in Litvov?	지난겨울 리트보프에서 무슨 일이 있었는지 기억하나?	TAT3160F.SND
TAT3160G.SBE	0	24	167	This talk of political parties is a puppet show by the ruling classes.	정당 운운하는 건 지배계급이 벌이는 꼭두각시극일 뿐이야.	TAT3160G.SND
TAT3160G.SBE	1	188	291	All government is slavery. One kind is as bad as another.	모든 정부는 노예제와 같아. 어떤 체제든 다를 게 없어.	TAT3160G.SND
TAT3160G.SBE	2	296	330	It's your move.	네 차례야.	TAT3160G.SND
TAT3160G.SBE	3	379	425	Once you've torn everything down	모든 걸 다 무너뜨린 다음에	TAT3160G.SND
TAT3160G.SBE	4	430	509	I don't suppose you've thought of what you'll put in its place?	그 자리에 뭘 세울지는 생각해 봤겠지?	TAT3160G.SND
TAT3160G.SBE	5	532	601	There is no need to put anything in the place of tyranny.	폭정 대신 다른 걸 세울 필요는 없어.	TAT3160G.SND
TAT3160G.SBE	6	621	762	Once Property is abolished, all men will be free and equal.	사유재산이 폐지되면 모두가 자유롭고 평등해질 거야.	TAT3160G.SND
TAT3160G.SBE	7	777	862	A new and peaceful society will establish itself naturally.	새롭고 평화로운 사회는 자연히 자리 잡게 돼.	TAT3160G.SND
TAT3160G.SBE	8	883	935	It's still your move.	여전히 네 차례야.	TAT3160G.SND
TAT3161A.SBE	0	1	165	If I may observe, mademoiselle, his excellency has been very quiet today.	말씀드려도 된다면, 마드무아젤, 각하께서 오늘은 몹시 조용하십니다.	TAT3161A.SND
TAT3161A.SBE	1	166	225	I've been giving him a special tea.	제가 특별한 차를 드리고 있어요.	TAT3161A.SND
TAT3161A.SBE	2	226	270	I'm glad, mademoiselle.	다행입니다, 마드무아젤.	TAT3161A.SND
TAT3161A.SBE	3	271	287	Thank you.	고맙습니다.	TAT3161A.SND
TAT3161B.SBE	0	1	30	How's my grandfather?	할아버지는 어떠세요?	TAT3161B.SND
TAT3161B.SBE	1	31	90	He's been quiet, mademoiselle.	조용히 쉬고 계십니다, 마드무아젤.	TAT3161B.SND
TAT3161B.SBE	2	91	210	I looked him about an hour ago, he was sleeping.	한 시간쯤 전에 뵈었는데 주무시고 계셨습니다.	TAT3161B.SND
TAT3161B.SBE	3	225	240	Thank you.	고마워요.	TAT3161B.SND
TAT3161B.SBE	4	241	300	Have a good afternoon, mademoiselle.	좋은 오후 보내십시오, 마드무아젤.	TAT3161B.SND
TAT3162A.SBE	0	1	52	Would you open my compartment, please?	제 객실 문 좀 열어주시겠어요?	TAT3162A.SND
TAT3162A.SBE	1	53	108	But of course, mademoiselle.	물론입니다, 마드무아젤.	TAT3162A.SND
TAT3163.SBE	0	1	45	Would you lock my compartment, please?	제 객실 문 좀 잠가주시겠어요?	TAT3163.SND
TAT3163.SBE	1	46	90	Of course, mademoiselle.	물론입니다, 마드무아젤.	TAT3163.SND
TAT3163.SBE	2	100	112	Thank you.	고마워요.	TAT3163.SND
TAT4165A.SBE	0	15	64	Once you've torn everything down- 	모든 걸 다 무너뜨린 다음에	TAT4165A.SND
TAT4165A.SBE	1	67	147	I don't suppose you've thought of what you'll put in its place?	그 자리에 뭘 세울지는 생각해 봤겠지?	TAT4165A.SND
TAT4165A.SBE	2	151	216	There is no need to put anything in the place of tyranny!	폭정 대신 다른 걸 세울 필요는 없어!	TAT4165A.SND
TAT4165A.SBE	3	218	338	Once Property is abolished, all men will be free and equal.	사유재산이 폐지되면 모두가 자유롭고 평등해질 거야.	TAT4165A.SND
TAT4165A.SBE	4	341	428	A new and peaceful society will establish itself naturally.	새롭고 평화로운 사회는 자연히 자리 잡게 돼.	TAT4165A.SND
TAT4165A.SBE	5	431	519	And just how are you going to abolish Property?	그럼 사유재산은 대체 어떻게 폐지할 건데?	TAT4165A.SND
TAT4165A.SBE	6	524	613	By revolution. By smashing the whole evil system.	혁명으로. 이 사악한 체제를 통째로 부숴서.	TAT4165A.SND
TAT4165A.SBE	7	615	653	It's the only way.	그게 유일한 방법이야.	TAT4165A.SND
TAT4165B.SBE	0	15	100	Why should the Russian worker fight the German worker?	왜 러시아 노동자가 독일 노동자와 싸워야 하지?	TAT4165B.SND
TAT4165B.SBE	1	103	192	We're the same! It's always the governments that start a war	우린 같은 사람들이야! 전쟁은 늘 정부가 시작하고	TAT4165B.SND
TAT4165B.SBE	2	195	262	and it's always the people whose blood is spilled.	피를 흘리는 건 늘 민중이야.	TAT4165B.SND
TAT4165B.SBE	3	265	317	We're sheep being led to the slaughter!	우린 도살장으로 끌려가는 양떼야!	TAT4165B.SND
TAT4165C.SBE	0	15	115	Listen to yourself! Murders! Bombs!	네 말 좀 들어봐! 살인에 폭탄이라니!	TAT4165C.SND
TAT4165C.SBE	1	118	222	You say you hate war, but you're as bad as they are!	전쟁이 싫다면서 당신도 저들과 다를 게 없어!	TAT4165C.SND
TAT4165C.SBE	2	225	248	No.	아니.	TAT4165C.SND
TAT4165D.SBE	0	9	77	What is the loss of one life, a hundred lives,	한 사람, 백 사람의 목숨이 무슨 대수지,	TAT4165D.SND
TAT4165D.SBE	1	80	114	if it saves a million?	백만 명을 살릴 수 있다면?	TAT4165D.SND
TAT4165E.SBE	0	14	126	But what about the other people? They're innocent.	하지만 다른 사람들은요? 그들은 죄가 없어요.	TAT4165E.SND
TAT4165E.SBE	1	130	264	No one who travels on the Orient Express is innocent.	오리엔트 특급을 타는 자 중에 무고한 사람은 없어.	TAT4165E.SND
TAT4165E.SBE	2	265	357	What do the victims matter? It's the meaning of the act that counts!	희생자가 무슨 상관이야? 중요한 건 행위의 의미다!	TAT4165E.SND
TAT4165F.SBE	0	8	55	I don't believe in marriage.	나는 결혼을 믿지 않아.	TAT4165F.SND
TAT4165G.SBE	0	9	135	But I can't. I can't leave my grandfather.	하지만 난 못 해. 할아버지를 두고 떠날 수 없어.	TAT4165G.SND
TAT4165H.SBE	0	13	128	It is men like your grandfather who have set Russia back hundreds of years!	네 할아버지 같은 자들이 러시아를 수백 년이나 퇴보시킨 거야!	TAT4165H.SND
TAT4165H.SBE	1	132	193	My grandfather is not a bad man.	우리 할아버지는 나쁜 분이 아니야.	TAT4165H.SND
TAT4165H.SBE	2	195	240	There is good and bad in everyone, Tatiana.	사람마다 선과 악은 함께 있어, 타티아나.	TAT4165H.SND
TAT4165H.SBE	3	256	315	But Vassili Obolensky is one of the most evil products	하지만 바실리 오볼렌스키는 가장 사악한 체제가 낳은	TAT4165H.SND
TAT4165H.SBE	4	316	390	of the most evil system ever invented by man on Earth!	가장 사악한 산물이야!	TAT4165H.SND
TAT4165H.SBE	5	404	454	If you could hear yourself!	네가 지금 무슨 말을 하는지 알기나 해!	TAT4165H.SND
TAT4165H.SBE	6	458	521	If you could hear what I've heard... if you could see what I've seen...	내가 들은 걸 네가 듣고, 내가 본 걸 네가 본다면...	TAT4165H.SND
TAT4165H.SBE	7	525	621	even you, Tatiana, would draw your grandfather's knife from its sheath	너라도 할아버지 칼을 칼집에서 뽑아	TAT4165H.SND
TAT4165H.SBE	8	625	731	and kill him while he slept.	그가 잠든 사이 찔러 죽였을 거야.	TAT4165H.SND
TAT4165H.SBE	9	735	781	I won't listen to this!	더는 못 듣겠어!	TAT4165H.SND
TAT4165H.SBE	10	785	870	If you hate my grandfather so much, then you must also hate me!	우리 할아버지를 그렇게 미워한다면, 결국 나도 미워하는 거잖아!	TAT4165H.SND
TAT4165H.SBE	11	871	892	Tatiana!	타티아나!	TAT4165H.SND
TRA1001.SBE	0	14	182	First service... first service... Dinner is served in the restaurant car.	1차 식사... 식당칸에서 저녁 식사가 제공됩니다.	TRA1001.SND
TRA1001A.SBE	0	20	208	Second service... second service... Dinner is served in the restaurant car.	2차 식사... 식당칸에서 저녁 식사가 제공됩니다.	TRA1001A.SND
TRA1002.SBE	0	10	147	Arriving at Epernay station... Epernay, five minute stop.	에페르네 역 도착... 에페르네 5분 정차입니다.	TRA1002.SND
TRA1003.SBE	0	11	214	Arriving at Chalons-sur-Marne... Chalons-sur-Marne, two minute stop.	샬롱 쉬르 마른 도착... 2분 정차입니다.	TRA1003.SND
TRA1004.SBE	0	11	146	Arriving at Bar-le-Duc station... Bar-le-Duc, three minute stop.	바르르뒤크 역 도착... 3분 정차입니다.	TRA1004.SND
TRA1005.SBE	0	13	125	Ladies and gentlemen, please return to your compartments.	승객 여러분, 객실로 돌아가 주십시오.	TRA1005.SND
TRA1005.SBE	1	133	202	This is a routine check.	정기 점검입니다.	TRA1005.SND
TRA1005.SBE	2	203	340	Ladies and gentlemen, please return to your compartments.	승객 여러분, 객실로 돌아가 주십시오.	TRA1005.SND
TRA1005.SBE	3	345	390	This is a routine check.	정기 점검입니다.	TRA1005.SND
TRA1006.SBE	0	14	155	Ladies and gentlemen, the restaurant car is now open again.	승객 여러분, 식당칸이 다시 개방되었습니다.	TRA1006.SND
TRA1006.SBE	1	163	234	Thank you for your patience.	기다려 주셔서 감사합니다.	TRA1006.SND
TRA1006.SBE	2	240	360	Ladies and gentlemen, the restaurant car is now open.	승객 여러분, 식당칸이 개방되었습니다.	TRA1006.SND
TRA1112.SBE	0	1	33	Excuse me, monsieur.	실례합니다, 무슈.	TRA1112.SND
TRA1113.SBE	0	1	36	Excuse me, monsieur.	실례합니다, 무슈.	TRA1113.SND
TRA1113A.SBE	0	1	27	Excuse me, madame.	실례합니다, 마담.	TRA1113A.SND
TRA1113B.SBE	0	1	29	Excuse me, madame.	실례합니다, 마담.	TRA1113B.SND
TRA1200.SBE	0	14	48	Good evening, Uncle.	좋은 저녁이에요, 아저씨.	TRA1200.SND
TRA1200.SBE	1	53	85	How's it going?	어떻게 되어가요?	TRA1200.SND
TRA1200.SBE	2	90	145	Everything's fine, sir. Everything's under control.	모두 괜찮습니다, 선생님. 전부 통제 중입니다.	TRA1200.SND
TRA1200.SBE	3	149	227	Do you have an American in number 1?	1번 객실에 미국인 있나?	TRA1200.SND
TRA1200.SBE	4	230	325	You mean Mr. Whitney? He's right there.	휘트니 씨 말씀인가요? 바로 거기 있습니다.	TRA1200.SND
TRA1200.SBE	5	329	395	Could you tell him that Mr. Schmidt is waiting for him in the restaurant.	슈미트 씨가 식당칸에서 기다린다고 전해주겠나.	TRA1200.SND
TRA1200.SBE	6	397	466	It seems he has been waiting for some time.	꽤 오래 기다린 모양이야.	TRA1200.SND
TRA1200.SBE	7	470	533	Ah! The German nouveau-riche.	아! 그 독일 졸부 말이군요.	TRA1200.SND
TRA1200.SBE	8	542	605	Ren? Watch your mouth!	르네! 말조심해!	TRA1200.SND
TRA1200.SBE	9	609	754	Sorry, but you know he doesn't understand a word of French.	죄송하지만, 그 양반 프랑스어 한마디도 못 알아듣잖아요.	TRA1200.SND
TRA1200.SBE	10	758	785	At the station- 	역에서- 	TRA1200.SND
TRA1200.SBE	11	789	919	Never mind! If I heard any other conductor mouth off like that,	됐다! 다른 차장이 그런 식으로 지껄이는 걸 들었다면	TRA1200.SND
TRA1200.SBE	12	921	1015	his career would end at the next stop.	다음 역에서 바로 해고였어.	TRA1200.SND
TRA1200.SBE	13	1017	1054	I'm sorry, Uncle.	죄송해요, 아저씨.	TRA1200.SND
TRA1200.SBE	14	1056	1102	And stop calling me Uncle!	그리고 아저씨라고 부르지 마!	TRA1200.SND
TRA1200.SBE	15	1105	1243	It's bad enough knowing I'm related to you without you reminding me.	네 친척이라는 사실만으로도 충분히 골치 아프다. 굳이 상기시키지 마.	TRA1200.SND
TRA1200.SBE	16	1245	1360	I'm sorry, Uncle- sir. Forgive me. It won't happen again.	죄송합니다, 아저... 선생님. 용서해 주세요. 다시는 안 그러겠습니다.	TRA1200.SND
TRA1200.SBE	17	1362	1394	Apart from that, everything fine?	그거 말고는 다 괜찮지?	TRA1200.SND
TRA1200A.SBE	0	17	42	Good evening, Uncle.	좋은 저녁이에요, 아저씨.	TRA1200A.SND
TRA1200A.SBE	1	45	68	How's it going?	어떻게 되어가요?	TRA1200A.SND
TRA1200A.SBE	2	72	109	Everything's fine, sir.	모두 괜찮습니다, 선생님.	TRA1200A.SND
TRA1200A.SBE	3	111	177	Do you have an American in number 1?	1번 객실에 미국인 있나?	TRA1200A.SND
TRA1200A.SBE	4	178	294	You mean Mr. Whitney? He stayed out on the platform till the last minute,	휘트니 씨 말씀인가요? 마지막까지 승강장에 있다가,	TRA1200A.SND
TRA1200A.SBE	5	296	366	then he went into his compartment and poof!	객실로 쏙 들어가 버렸습니다.	TRA1200A.SND
TRA1200A.SBE	6	368	417	I don't even know what he looks like.	얼굴도 제대로 못 봤어요.	TRA1200A.SND
TRA1200A.SBE	7	419	477	I didn't ask for his life story.	그 사람 인생사를 묻는 게 아니야.	TRA1200A.SND
TRA1200A.SBE	8	481	587	Just knock and tell him Mr. Schmidt is waiting for him in the restaurant.	문 두드리고 슈미트 씨가 식당칸에서 기다린다고만 전해.	TRA1200A.SND
TRA1200A.SBE	9	591	644	He's been waiting for some time.	꽤 오래 기다리고 있어.	TRA1200A.SND
TRA1200A.SBE	10	648	691	Of course, Uncle. Right away.	예, 아저씨. 곧바로요.	TRA1200A.SND
TRA1200A.SBE	11	695	740	And don't call me Uncle!	아저씨라고 부르지 마라!	TRA1200A.SND
TRA1200A.SBE	12	744	830	I'm sorry, Uncle- I mean sir. Forgive me.	죄송합니다, 아저... 아니, 선생님. 용서해 주세요.	TRA1200A.SND
TRA1200A.SBE	13	833	893	Apart from that, everything fine?	그거 말고는 다 괜찮지?	TRA1200A.SND
TRA1201.SBE	0	16	94	Everything's fine. Except the gentleman in number 4.	다 괜찮아요. 4번 객실 신사만 빼면요.	TRA1201.SND
TRA1201.SBE	1	98	159	He's got four compartments full of veiled women	베일 쓴 여자들이 객실 네 칸이나 있고	TRA1201.SND
TRA1201.SBE	2	162	251	and whenever I pass he glares at me as if I'm trying to rape them.	제가 지나가기만 하면 마치 내가 무슨 짓이라도 할 사람처럼 노려봐요.	TRA1201.SND
TRA1201.SBE	3	255	313	You know who they belong to, don't you?	그 여자들이 누구 사람인지 아시죠?	TRA1201.SND
TRA1201.SBE	4	317	407	Mahmud Makhta. That's what it says on the list.	명단엔 마흐무드 막타라고 돼 있습니다.	TRA1201.SND
TRA1201.SBE	5	410	573	That's the bodyguard's name. They're being very discreet because...	그건 경호원 이름이야. 저렇게 극비로 움직이는 건...	TRA1201.SND
TRA1201.SBE	6	595	630	Really! Him?	정말! 그 사람이라고?	TRA1201.SND
TRA1201.SBE	7	634	676	I don't believe it!	설마!	TRA1201.SND
TRA1201.SBE	8	682	747	So treat them carefully, eh?	그러니 조심해서 상대해.	TRA1201.SND
TRA1201.SBE	9	751	825	But, Uncle, you know I'm a married man!	하지만 아저씨, 저 유부남인 거 아시잖아요!	TRA1201.SND
TRA1201.SBE	10	829	881	Now you, on the other hand...	아저씨야말로 말이죠...	TRA1201.SND
TRA1201.SBE	11	885	931	I told you not to call me Uncle!	아저씨라고 부르지 말랬지!	TRA1201.SND
TRA1201.SBE	12	935	976	That's enough joking. Now do your job.	농담은 그만하고 네 일이나 해.	TRA1201.SND
TRA1202.SBE	0	8	37	Good evening, Uncle.	좋은 저녁이에요, 아저씨.	TRA1202.SND
TRA1202.SBE	1	39	69	How's it going?	어떻게 되어가요?	TRA1202.SND
TRA1205.SBE	0	17	49	Good evening, sir.	좋은 저녁입니다, 선생님.	TRA1205.SND
TRA1205.SBE	1	53	141	Good evening, Coudert. Have you forgotten something?	좋은 저녁이네, 쿠데르. 뭐 빠뜨린 건 없나?	TRA1205.SND
TRA1205.SBE	2	144	179	I don't think so, sir.	아닌 것 같습니다, 선생님.	TRA1205.SND
TRA1205.SBE	3	181	232	The passenger list perhaps?	승객 명단은?	TRA1205.SND
TRA1205.SBE	4	236	322	But... didn't Mr. Mertens give it to you?	그런데... 메르텐스 씨가 가져다드리지 않았나요?	TRA1205.SND
TRA1205.SBE	5	326	364	My nephew?	내 조카 말인가?	TRA1205.SND
TRA1205.SBE	6	367	450	He said he would take it to you. That was over an hour ago...	가져다드리겠다고 했습니다. 벌써 한 시간도 넘었는데...	TRA1205.SND
TRA1205.SBE	7	454	503	That's strange.	이상하군.	TRA1205.SND
TRA1205.SBE	8	506	585	Ah! Perhaps it was my mistake.	아! 내가 착각했나 보군.	TRA1205.SND
TRA1205.SBE	9	590	626	Then he did give it to you!	그럼 정말 드린 게 맞군요!	TRA1205.SND
TRA1205.SBE	10	630	758	What I mean to say is, I didn't realize he was responsible for both lists.	제 말은, 그가 두 객차 명단을 다 맡고 있는 줄은 몰랐다는 겁니다.	TRA1205.SND
TRA1205.SBE	11	762	818	That no doubt explains it. Thank you, Coudert.	그렇다면 설명이 되는군. 고맙네, 쿠데르.	TRA1205.SND
TRA1205.SBE	12	821	838	Of course, sir.	물론입니다, 선생님.	TRA1205.SND
TRA1206.SBE	0	16	45	Good evening, Uncle.	좋은 저녁이에요, 아저씨.	TRA1206.SND
TRA1206.SBE	1	49	101	Have you forgotten something?	뭐 빠뜨린 건 없나?	TRA1206.SND
TRA1206.SBE	2	105	193	Er...no...you must mean the passenger list...	어... 아니요... 승객 명단 말씀하시는 거죠...	TRA1206.SND
TRA1206.SBE	3	197	261	Well, I can't seem to find it anywhere.	아무리 찾아도 안 보입니다.	TRA1206.SND
TRA1206.SBE	4	265	325	You can't find it? What?	못 찾겠다고? 뭐라고?	TRA1206.SND
TRA1206.SBE	5	327	436	It was here in my magazine, I had it all ready to bring it to you.	여기 잡지 속에 넣어 두고 갖다드리려 했는데	TRA1206.SND
TRA1206.SBE	6	439	530	I can't imagine it fell out, but I've looked everywhere.	빠졌을 리는 없는데, 샅샅이 다 찾아봤습니다.	TRA1206.SND
TRA1206.SBE	7	534	558	And Coudert's?	쿠데르 명단은?	TRA1206.SND
TRA1206.SBE	8	562	601	They were together.	같이 있었습니다.	TRA1206.SND
TRA1206.SBE	9	604	719	This is too much. What will I say in my report?	정말 기가 막히는군. 보고서에 뭐라고 쓰지?	TRA1206.SND
TRA1206.SBE	10	723	860	My lazy, incompetent nephew, who only got this job because I backed him,	내가 밀어 넣어 준 덕에 들어온 게으르고 무능한 조카가,	TRA1206.SND
TRA1206.SBE	11	864	983	lost the passenger lists for both sleeping cars?	침대칸 두 대의 승객 명단을 몽땅 잃어버렸다?	TRA1206.SND
TRA1206.SBE	12	985	1130	I think you'd better find that list before we reach Budapest.	부다페스트 도착 전까지 그 명단 찾아와.	TRA1206.SND
TRA1206.SBE	13	1132	1213	Yes, Uncle. I'm sorry, Uncle. It must be here somewhere.	예, 아저씨. 죄송해요, 아저씨. 여기 어딘가 있을 겁니다.	TRA1206.SND
TRA1206.SBE	14	1217	1302	When I was your age I was still carrying bags.	내가 네 나이엔 짐이나 나르고 있었어.	TRA1206.SND
TRA1206.SBE	15	1306	1412	Kids today, life is too easy for them. They don't appreciate anything.	요즘 것들은 세상이 너무 편해. 고마운 줄을 몰라.	TRA1206.SND
TRA1250.SBE	0	12	89	Good evening, Coudert. Is everything OK?	좋은 저녁이네, 쿠데르. 이상 없지?	TRA1250.SND
TRA1250.SBE	1	93	168	Ever since the policemen left, everything is fine.	경찰들이 떠난 뒤로는 모두 괜찮습니다.	TRA1250.SND
TRA1250.SBE	2	173	201	And the passengers?	승객들은?	TRA1250.SND
TRA1250.SBE	3	205	326	Mrs. Boutarel asked a few details to satisfy her curiosity,	부타렐 부인이 궁금해서 이것저것 물으셨지만,	TRA1250.SND
TRA1250.SBE	4	329	434	but with the others there were no major upsets.	다른 분들은 큰 동요는 없었습니다.	TRA1250.SND
TRA1250.SBE	5	438	570	OK. No need to mention all this in your report, I will take care of it.	좋아. 이 일은 보고서에 굳이 적지 말게, 내가 처리하지.	TRA1250.SND
TRA1250.SBE	6	573	612	Very well, sir.	알겠습니다, 선생님.	TRA1250.SND
TRA1251.SBE	0	15	50	How did it go?	어땠나?	TRA1251.SND
TRA1251.SBE	1	55	181	No problem... once I got them to agree to skip the harem compartments.	하렘 객실은 건너뛰기로 합의하고 나니 별문제 없었습니다.	TRA1251.SND
TRA1251.SBE	2	186	270	You can imagine what a scene there would have been.	그대로 밀어붙였으면 난리 났을 겁니다.	TRA1251.SND
TRA1251.SBE	3	272	346	Two gendarmes killed on French soil by a Muslim bodyguard.	프랑스 땅에서 헌병 두 명이 무슬림 경호원에게 죽는다면	TRA1251.SND
TRA1251.SBE	4	350	406	An international incident.	국제 문제로 번졌겠지요.	TRA1251.SND
TRA1251.SBE	5	410	454	And His Excellency the Prince?	그리고 각하 쪽은?	TRA1251.SND
TRA1251.SBE	6	459	552	He wasn't disturbed. His African secretary handled everything.	건드리지 않았습니다. 아프리카인 비서가 전부 처리했습니다.	TRA1251.SND
TRA1251.SBE	7	556	637	That's why they gave me such a hard time about the harem.	그래서 하렘 객실 문제로 저를 그렇게 들볶은 겁니다.	TRA1251.SND
TRA1251.SBE	8	640	778	You know these cops, they're not used to dealing with people of class.	아시잖습니까, 이런 경찰들은 상류층 상대에 익숙하지 않아요.	TRA1251.SND
TRA1251.SBE	9	782	927	Well, at least it's over. Enough excitement for one night.	그래도 끝나긴 했군. 하룻밤 소동으론 충분해.	TRA1251.SND
TRA1291.SBE	0	14	94	Ah! Uncle. Good news. I found the list.	아! 아저씨, 좋은 소식입니다. 명단 찾았어요.	TRA1291.SND
TRA1291.SBE	1	101	134	Where was it?	어디 있었지?	TRA1291.SND
TRA1291.SBE	2	138	255	Ah... in my magazine where I put it. I don't know how I missed it.	어... 제가 넣어둔 잡지 안에 있었습니다. 왜 못 봤는지 모르겠습니다.	TRA1291.SND
TRA1291.SBE	3	259	435	I looked and looked and gave up. Then I turned the page and there it was!	아무리 찾아도 안 보여 포기했는데, 페이지 넘기니 거기 있더군요!	TRA1291.SND
TRA1291.SBE	4	437	539	Unbelievable! You're an even bigger dunce than I thought.	기가 막히는군! 생각보다 더 멍청하구나.	TRA1291.SND
TRA1291.SBE	5	544	633	I was running around in circles trying to figure how to get out of this.	이걸 어떻게 수습하나 싶어 내가 얼마나 뛰어다녔는지 아나.	TRA1291.SND
TRA1291.SBE	6	638	744	Listen, not a word about this to Coudert, understood?	잘 들어. 이 일은 쿠데르에게 한마디도 하지 마, 알겠나?	TRA1291.SND
TRA1291.SBE	7	748	904	Of course, Uncle. I'm sorry, you can't imagine. It won't happen again.	물론이죠, 아저씨. 정말 죄송합니다. 다시는 이런 일 없겠습니다.	TRA1291.SND
TRA1291.SBE	8	907	963	And for the last time, stop calling me Uncle!	마지막으로 말한다. 아저씨라고 부르지 마!	TRA1291.SND
TRA2100.SBE	0	15	43	Good day, sir.	좋은 하루입니다, 선생님.	TRA2100.SND
TRA2100.SBE	1	46	100	Have you seen a master key anywhere?	마스터 키 못 보셨습니까?	TRA2100.SND
TRA2100.SBE	2	103	187	No... You have lost your key?	아니... 키를 잃어버렸나?	TRA2100.SND
TRA2100.SBE	3	191	348	Last night. I must have dropped it in the confusion with Count Obolensky.	어젯밤이요. 오볼렌스키 백작 소동 때 떨어뜨린 것 같습니다.	TRA2100.SND
TRA2100.SBE	4	351	425	That key opens all the compartments on the train.	그 키는 열차의 모든 객실을 열 수 있어.	TRA2100.SND
TRA2100.SBE	5	448	600	I hate to suggest it... but perhaps one of the passengers has stolen it?	이런 말은 꺼내기 싫습니다만... 혹시 승객 중 누가 훔친 건 아닐까요?	TRA2100.SND
TRA2100.SBE	6	606	695	That's hard to believe. Which passenger?	믿기 힘든데. 어느 승객이?	TRA2100.SND
TRA2100.SBE	7	699	792	Maybe the American? He looks like a troublemaker.	미국인일지도요? 영 문제를 몰고 다니는 인상입니다.	TRA2100.SND
TRA2100.SBE	8	810	880	I've often seen him hanging around the corridor.	복도에서 어슬렁거리는 걸 자주 봤습니다.	TRA2100.SND
TRA2100.SBE	9	884	920	The doctor?	그 의사 말인가?	TRA2100.SND
TRA2100.SBE	10	923	1026	He was there last night with Count Obolensky.	어젯밤 오볼렌스키 백작 쪽에 함께 있었잖습니까.	TRA2100.SND
TRA2100.SBE	11	1040	1137	With so many people, he could have taken advantage of the confusion.	사람이 몰린 틈에 가져갔을 수도 있습니다.	TRA2100.SND
TRA2100.SBE	12	1140	1282	There weren't so many people. Just Miss Wolff and Miss Tatiana.	그리 많지도 않았어. 미스 볼프와 미스 타티아나뿐이었지.	TRA2100.SND
TRA2100.SBE	13	1305	1398	Anyway, the key is gone. Keep a sharp lookout.	어쨌든 키는 사라졌어. 눈 크게 뜨고 살펴.	TRA2100.SND
TRA2100.SBE	14	1408	1443	Yes, sir.	예, 선생님.	TRA2100.SND
TRA2177.SBE	0	12	150	Arriving at Munich station. Munich, twenty minute stop.	뮌헨 역 도착. 뮌헨 20분 정차입니다.	TRA2177.SND
TRA3001.SBE	0	13	166	Arriving at Salzburg station... Salzburg, ten minute stop.	잘츠부르크 역 도착... 잘츠부르크 10분 정차입니다.	TRA3001.SND
TRA3002.SBE	0	14	148	Arriving at Wels station. Wels, fifteen minute stop.	벨스 역 도착. 벨스 15분 정차입니다.	TRA3002.SND
TRA3003.SBE	0	15	93	The train is arriving at Amstetten station.	열차가 암슈테텐 역에 도착합니다.	TRA3003.SND
TRA3003.SBE	1	97	163	Amstetten, five minute stop.	암슈테텐 5분 정차입니다.	TRA3003.SND
TRA3004.SBE	0	16	175	Ladies and gentlemen, the train will arrive in Vienna in one hour.	승객 여러분, 열차는 1시간 후 비엔나에 도착합니다.	TRA3004.SND
TRA3004.SBE	1	177	209	Vienna...	비엔나...	TRA3004.SND
TRA3006.SBE	0	11	96	The train is entering Vienna's West Station.	열차가 비엔나 서역에 진입합니다.	TRA3006.SND
TRA3006.SBE	1	99	174	Vienna, one hour stop.	비엔나, 1시간 정차입니다.	TRA3006.SND
TRA3006.SBE	2	177	200	Vienna...	비엔나...	TRA3006.SND
TRA3010.SBE	0	14	111	First service... first service...	1차 식사... 1차 식사...	TRA3010.SND
TRA3010.SBE	1	115	173	Lunch is served...	점심 식사가 제공됩니다...	TRA3010.SND
TRA3010A.SBE	0	13	105	Second service... Second service...	2차 식사... 2차 식사...	TRA3010A.SND
TRA3010A.SBE	1	112	175	Lunch is served...	점심 식사가 제공됩니다...	TRA3010A.SND
TRA3011.SBE	0	18	39	Yes, sir.	예, 선생님.	TRA3011.SND
TRA3011.SBE	1	43	171	If I give you an order do you think you can follow it without screwing up?	내가 명령을 내리면 이번엔 실수 없이 해낼 수 있겠나?	TRA3011.SND
TRA3011.SBE	2	174	224	Yes, sir. Absolutely, sir.	예, 선생님. 틀림없이 해내겠습니다.	TRA3011.SND
TRA3011.SBE	3	227	334	There is going to be a concert this afternoon in His Excellency's car.	오늘 오후 각하 객차에서 연주회가 열린다.	TRA3011.SND
TRA3011.SBE	4	338	451	Miss Wolff will be playing. A lot of people will pass through here.	미스 볼프가 연주할 거다. 이쪽으로 사람이 많이 지나갈 거야.	TRA3011.SND
TRA3011.SBE	5	455	581	Can you make sure they find their way and other passengers aren't disturbed?	길 안내 잘해서 다른 승객들 방해 없게 할 수 있겠나?	TRA3011.SND
TRA3011.SBE	6	585	606	Yes, sir!	예, 선생님!	TRA3011.SND
TRA3011.SBE	7	609	731	Here is the guest list. If anyone else is curious and tries to get through,	여기 초대 명단이다. 다른 승객이 호기심에 지나가려 하면	TRA3011.SND
TRA3011.SBE	8	735	830	you must stop them and explain that it is a private affair.	막고, 사적인 행사라고 설명해.	TRA3011.SND
TRA3011.SBE	9	832	893	In the most polite way, of course.	물론 최대한 공손하게.	TRA3011.SND
TRA3011.SBE	10	897	975	Of course. You can count on me, Uncle.	물론입니다. 저만 믿으십시오, 아저씨.	TRA3011.SND
TRA3011.SBE	11	978	1020	And don't leave your post!	그리고 자리를 비우지 마!	TRA3011.SND
TRA3011.SBE	12	1022	1095	No- I mean yes, Uncle!	아니... 아니, 예, 아저씨!	TRA3011.SND
TRA3011A.SBE	0	16	52	Good day, sir.	좋은 하루입니다, 선생님.	TRA3011A.SND
TRA3011A.SBE	1	58	209	Our guest, His Excellency the Prince, is holding a concert this afternoon.	귀빈이신 각하께서 오늘 오후 연주회를 여십니다.	TRA3011A.SND
TRA3011A.SBE	2	213	285	Miss Wolff will be playing the violin.	미스 볼프가 바이올린을 연주하십니다.	TRA3011A.SND
TRA3011A.SBE	3	294	402	He wishes to invite certain passengers. Here is the list.	몇몇 승객을 초대하길 원하십니다. 여기 명단입니다.	TRA3011A.SND
TRA3011A.SBE	4	461	636	The time is three o'clock. Please pass on His Excellency's wishes.	시간은 3시입니다. 각하의 뜻을 전해주십시오.	TRA3011A.SND
TRA3011A.SBE	5	650	776	The Count Obolensky... his granddaughter...	오볼렌스키 백작... 그리고 그 손녀분...	TRA3011A.SND
TRA3011A.SBE	6	785	873	Miss de Bretheuil and her friend.	미스 드 브레퇴유와 그 친구.	TRA3011A.SND
TRA3011A.SBE	7	883	932	Very well, sir, I will take care of it.	알겠습니다, 선생님. 제가 처리하겠습니다.	TRA3011A.SND
TRA3012.SBE	0	11	75	Good morning, Coudert. Everything all right, I hope?	좋은 아침이네, 쿠데르. 별일 없지?	TRA3012.SND
TRA3012.SBE	1	78	108	Everything's fine.	모두 괜찮습니다.	TRA3012.SND
TRA3012.SBE	2	111	163	Good. I'll see you later.	좋아. 나중에 보지.	TRA3012.SND
TRA3015.SBE	0	12	65	What can I do for you?	무엇을 도와드릴까요?	TRA3015.SND
TRA3015.SBE	1	75	203	I'm sorry, but one of the passengers has complained about Miss Wolff's companion.	죄송합니다만, 승객 한 분이 미스 볼프의 동반자에 대해 항의했습니다.	TRA3015.SND
TRA3015.SBE	2	212	263	To be precise, Mrs. Boutarel.	정확히는 부타렐 부인입니다.	TRA3015.SND
TRA3015.SBE	3	268	370	That's awkward. You couldn't talk her out of it?	곤란하군. 마음을 돌리게 하진 못했나?	TRA3015.SND
TRA3015.SBE	4	374	533	It's hard. She and her husband were not invited to Miss Wolff's concert.	어렵습니다. 그 부부는 미스 볼프 연주회에 초대받지 못했거든요.	TRA3015.SND
TRA3015.SBE	5	543	607	Hell hath no fury like a woman scorned.	무시당한 여인의 분노만큼 무서운 건 없지.	TRA3015.SND
TRA3015.SBE	6	614	681	I believe she will pursue this matter without mercy.	아마 이 일은 끝까지 물고 늘어질 겁니다.	TRA3015.SND
TRA3015.SBE	7	692	759	Too bad. Well, rules are rules.	유감이군. 그래도 규정은 규정이야.	TRA3015.SND
TRA3015.SBE	8	763	890	You'll have to break the news to Miss Wolff. And move the dog.	이 소식은 자네가 미스 볼프에게 전하게. 그리고 그 개도 치우고.	TRA3015.SND
TRA3015.SBE	9	894	922	Me, sir?	제가요, 선생님?	TRA3015.SND
TRA3015.SBE	10	932	997	Yes, you. Why- are you afraid of dogs?	그래, 자네. 왜, 개가 무섭나?	TRA3015.SND
TRA3015.SBE	11	1003	1075	No, sir. I love animals.	아닙니다, 선생님. 동물은 좋아합니다.	TRA3015.SND
TRA3015.SBE	12	1079	1135	All right. Do your best.	좋아. 최선을 다하게.	TRA3015.SND
TRA3015.SBE	13	1139	1284	Be sure you apologize to Miss Wolff. Remember she's one of our best clients.	미스 볼프께는 꼭 사과드리게. 우리 단골 중에서도 가장 중요한 손님이야.	TRA3015.SND
TRA3015.SBE	14	1288	1373	She's taken the Paris-Constantinople more times than you have.	자네보다 파리-콘스탄티노플 노선을 더 많이 타신 분이니까.	TRA3015.SND
TRA3015.SBE	15	1378	1422	I know that, sir.	알고 있습니다, 선생님.	TRA3015.SND
TRA4001.SBE	0	12	147	Pozsony... the train is arriving in Pozsony Station.	포조니... 열차가 포조니 역에 도착합니다.	TRA4001.SND
TRA4001.SBE	1	152	182	Three minute stop.	3분 정차입니다.	TRA4001.SND
TRA4002.SBE	0	11	90	The train is arriving in Galanta station.	열차가 갈란타 역에 도착합니다.	TRA4002.SND
TRA4002.SBE	1	98	173	Galanta... Five minute stop.	갈란타... 5분 정차입니다.	TRA4002.SND
TRA4003.SBE	0	13	207	Ladies and gentlemen, the train will arrive in Budapest in one hour.	승객 여러분, 열차는 1시간 후 부다페스트에 도착합니다.	TRA4003.SND
TRA4004.SBE	0	18	206	Ladies and gentlemen, the train will arrive in Budapest in half an hour.	승객 여러분, 열차는 30분 후 부다페스트에 도착합니다.	TRA4004.SND
TRA4005.SBE	0	14	90	The train is arriving at Budapest station.	열차가 부다페스트 역에 도착합니다.	TRA4005.SND
TRA4005.SBE	1	95	194	Budapest, twenty minute stop...	부다페스트, 20분 정차입니다...	TRA4005.SND
TRA5001.SBE	0	15	79	Ladies and gentlemen, if you please,	승객 여러분, 부탁드립니다,	TRA5001.SND
TRA5001.SBE	1	83	170	stay calm and remain in your compartments	침착하게 각자 객실에 머물러 주십시오.	TRA5001.SND
TRA5001.SBE	2	174	220	and keep your doors closed.	문은 닫아 두시기 바랍니다.	TRA5001.SND
TRA5001.SBE	3	224	344	There is no reason to panic. Just stay where you are.	당황하실 필요 없습니다. 계신 자리에서 기다려 주십시오.	TRA5001.SND
VIENNA.SBE	0	0	100	Vienna 6:00 pm	비엔나 오후 6:00	VIENNA.SND
WAT1002.SBE	0	1	22	Excuse me.	실례합니다.	WAT1002.SND
WAT1002A.SBE	0	1	21	Excuse me.	실례합니다.	WAT1002A.SND
WAT1002B.SBE	0	1	24	Pardon, monsieur.	실례합니다, 무슈.	WAT1002B.SND
WAT1003.SBE	0	1	24	Excuse me.	실례합니다.	WAT1003.SND
WAT1003A.SBE	0	1	28	Excuse me, monsieur.	실례합니다, 무슈.	WAT1003A.SND
WAT1003B.SBE	0	1	26	Excuse me, monsieur.	실례합니다, 무슈.	WAT1003B.SND
WAT5001.SBE	0	6	19	Who is it?	누구요?	WAT5001.SND
WAT5001.SBE	1	22	48	Don't open it!	열지 마요!	WAT5001.SND
WAT5001.SBE	2	51	105	Don't be an idiot, of course I'm not going to open it!	바보 같은 소리 마, 당연히 안 열 거야!	WAT5001.SND
WAT5001A.SBE	0	0	38	Yes, who is it?	네, 누구시죠?	WAT5001A.SND
WAT5001A.SBE	1	38	146	Please Monsieur, in here we are only people who work in the kitchen.	제발, 무슈. 여긴 주방에서 일하는 사람들뿐입니다.	WAT5001A.SND
WAT5001A.SBE	2	146	198	My comrade here is a good socialist,	여기 있는 제 동지도 훌륭한 사회주의자고,	WAT5001A.SND
WAT5001A.SBE	3	198	294	he has always been a strong supporter of Monsieur Jaures.	언제나 무슈 조레스의 열렬한 지지자였습니다.	WAT5001A.SND
WAT5002.SBE	0	13	46	But who are they?	그런데 저들은 누구죠?	WAT5002.SND
WAT5002.SBE	1	52	149	They're not ordinary thieves, I'm sure this is political.	보통 도둑들은 아닙니다. 분명 정치적인 일이에요.	WAT5002.SND
WAT5002.SBE	2	152	219	Something to do with the Balkans.	발칸 문제와 관련됐겠죠.	WAT5002.SND
WAT5002.SBE	3	223	275	It's obvious they're anarchists.	무정부주의자들이 분명해요.	WAT5002.SND
WAT5002.SBE	4	279	339	The young man who was killed was one of them.	죽은 그 청년도 그들 중 하나였고요.	WAT5002.SND
WAT5002.SBE	5	343	413	They want to blow up the train and kill us all.	열차를 폭파해서 우리를 다 죽이려는 거예요.	WAT5002.SND
WAT5002.SBE	6	415	467	You don't know what you're talking about.	뭘 말하는지도 모르면서 떠들지 마.	WAT5002.SND
WAT5002.SBE	7	470	499	What's that supposed to mean?	그게 무슨 뜻이죠?	WAT5002.SND
WAT5002.SBE	8	503	558	Anarchist yourself!	당신이야말로 무정부주의자야!	WAT5002.SND
WAT5010.SBE	0	16	100	Why are we stuck here?	왜 여기 멈춰 있는 거죠?	WAT5010.SND
WAT5010.SBE	1	104	166	You young people don't know anything.	요즘 젊은 것들은 아무것도 몰라.	WAT5010.SND
WAT5010.SBE	2	170	256	It's incredible that they let you work in a kitchen on a deluxe train	자네가 이런 호화열차 주방에서 일하도록 내버려 두다니,	WAT5010.SND
WAT5010.SBE	3	260	330	when you don't know the first thing about safety.	안전에 대해 기본도 모르면서 말이야.	WAT5010.SND
WAT5010.SBE	4	334	435	Of course everyone must go to the back of the train, it's the safest place.	당연히 모두 열차 뒤쪽으로 가야지, 거기가 제일 안전해.	WAT5010.SND
WAT5010.SBE	5	439	503	What do you mean? There's going to be a collision?	무슨 말이에요? 충돌이라도 난다는 거예요?	WAT5010.SND
WAT5010.SBE	6	506	630	Is it so hard to understand? They've cut the brakes, the alarm doesn't work.	그게 그렇게 이해가 안 되나? 브레이크가 끊겼고 경보도 안 울린다고.	WAT5010.SND
WAT5010.SBE	7	634	706	Obviously they took control of the train at the last stop.	놈들이 지난 정차역에서 열차를 장악한 게 분명해.	WAT5010.SND
WAT5010.SBE	8	709	862	You think these bandits know how to drive a train? Anything could happen.	그 산적들이 열차를 제대로 몰 줄 알겠어? 무슨 일이든 날 수 있어.	WAT5010.SND
WAT5010.SBE	9	866	912	They're going to kill us all...	우릴 전부 죽일 거야...	WAT5010.SND
WAT5010.SBE	10	915	939	Shut up, idiot!	닥쳐, 멍청아!	WAT5010.SND
WELS.SBE	0	0	100	Wels 2:23 pm	벨스 오후 2:23	WELS.SND
XABB1.SBE	0	0	90	Oh I'm travelling on business. Every now and then the company has a little matter	아, 출장 중입니다. 가끔 회사에서 처리할 일이 생겨요.	XABB1.SND
XABB1.SBE	1	91	156	to take care of on the continent so off I go.	대륙 쪽에서 말이죠. 그러면 제가 나서는 겁니다.	XABB1.SND
XABB2.SBE	0	0	90	I say! I think you've got the wrong compartment.	이런, 객실을 잘못 찾아오신 것 같습니다.	XABB2.SND
XABB2.SBE	1	91	156	Looks like we've both got the wrong compartment.	보아하니 우리 둘 다 객실을 잘못 찾았군요.	XABB2.SND
XABB3.SBE	0	0	80	Care to join me in a drink? Just the two of us, man to man.	한잔하시겠습니까? 우리 둘이, 사내답게 말입니다.	XABB3.SND
XABB3.SBE	1	81	123	I'll be in the smoking car.	저는 흡연차에 있겠습니다.	XABB3.SND
XABB4.SBE	0	0	48	Unfortunate, what happened to him.	그 사람에게 그런 일이 생기다니 안됐군요.	XABB4.SND
XABB4.SBE	1	49	112	Me, I've always felt that when push came to shove	저는 늘 생각했어요, 결정적인 순간이 오면	XABB4.SND
XABB4.SBE	2	113	176	you'd turn out to be one of our sort, what do you think?	당신도 결국 우리 같은 부류가 될 거라고. 어떻게 생각합니까?	XABB4.SND
XALX1.SBE	0	0	111	I can take no pleasure in food, while millions of my countrymen go without bread.	수많은 동포가 빵조차 못 먹는데 저만 식사를 즐길 순 없습니다.	XALX1.SND
XALX2.SBE	0	9	118	Vassili Alexandrovitch, I am Alexei Dolnikov.	바실리 알렉산드로비치, 저는 알렉세이 돌니코프입니다.	XALX2.SND
XALX2.SBE	1	126	182	I believe you knew my father.	제 아버지를 아셨던 걸로 압니다.	XALX2.SND
XALX3.SBE	0	1	70	It's a Russian fairy tale. For children.	러시아 동화예요. 아이들용이죠.	XALX3.SND
XALX4.SBE	0	1	105	If Vassili Alexandrovich suffers, it's because of his own guilty conscience.	바실리 알렉산드로비치가 괴로운 건 본인 양심이 찔리기 때문입니다.	XALX4.SND
XALX4.SBE	1	106	150	I only spoke the truth.	저는 사실만 말했습니다.	XALX4.SND
XALX4.SBE	2	151	179	How dare you!	감히 네가!	XALX4.SND
XALX4A.SBE	0	1	123	A single deed is better propaganda than a thousand pamphlets.	행동 하나가 전단 천 장보다 더 강한 선전이야.	XALX4A.SND
XALX5.SBE	0	3	69	There is good and bad in everyone, Tatiana.	누구에게나 선과 악은 함께 있어, 타티아나.	XALX5.SND
XALX5.SBE	1	76	139	But Vassili Obolensky is one of the most evil products of	하지만 바실리 오볼렌스키는	XALX5.SND
XALX5.SBE	2	140	210	the most evil system ever invented by man on Earth!	인간이 만든 가장 사악한 체제가 낳은 최악의 산물 중 하나야!	XALX5.SND
XALX6.SBE	0	1	112	What do the victims matter? It's the meaning of the act that counts!	희생자가 무슨 상관이야? 중요한 건 행위의 의미다!	XALX6.SND
XANN1.SBE	0	1	60	Haven't we met somewhere before?	우리 전에 어디선가 본 적 있지 않나요?	XANN1.SND
XANN1.SBE	1	61	147	It's possible. I don't think I would have remembered.	그럴 수도 있죠. 기억했을 것 같진 않네요.	XANN1.SND
XANN10.SBE	0	1	45	We're almost to the border.	국경이 얼마 안 남았어.	XANN10.SND
XANN10.SBE	1	46	90	We've got to stop the train!	열차를 멈춰야 해요!	XANN10.SND
XANN10.SBE	2	91	105	Why?	왜죠?	XANN10.SND
XANN10.SBE	3	106	176	Why? Once we're in Serbia, they'll kill us!	왜냐고요? 세르비아로 넘어가면 우릴 죽일 거예요!	XANN10.SND
XANN11.SBE	0	1	30	Constantinople?	콘스탄티노플?	XANN11.SND
XANN11.SBE	1	31	90	You won't make it out of Belgrade.	당신은 베오그라드에서 빠져나가지 못할 거예요.	XANN11.SND
XANN11.SBE	2	91	167	I wasn't planning to stop in Belgrade.	애초에 베오그라드에 설 생각은 없었어요.	XANN11.SND
XANN12.SBE	0	1	90	It seems you'll make it to Constantinople after all.	결국 콘스탄티노플까지 가게 되겠네요.	XANN12.SND
XANN12.SBE	1	91	150	Congratulations. You've won.	축하해요. 당신이 이겼어요.	XANN12.SND
XANN2.SBE	0	1	84	Is it customary in America to be so forward?	미국에서는 그렇게 노골적으로 구는 게 예의인가요?	XANN2.SND
XANN4.SBE	0	1	120	Fraulein Wolff? I could not leave the room without paying you my compliments.	프로일라인 볼프? 인사를 드리지 않고는 방을 나갈 수가 없었습니다.	XANN4.SND
XANN4.SBE	1	121	181	How lovely of you to remember.	기억해 주시다니 정말 친절하시네요.	XANN4.SND
XANN5.SBE	0	1	113	I seem to remember hearing of a mister Whitney years ago in New-York.	몇 년 전 뉴욕에서 미스터 휘트니라는 이름을 들은 기억이 나는군요.	XANN5.SND
XANN6.SBE	0	1	66	A woman travelling alone has to be careful.	여자가 혼자 여행할 때는 조심해야 하니까요.	XANN6.SND
XANN6.SBE	1	67	133	I would have thought Max was enough protection.	맥스면 경호로 충분할 줄 알았는데요.	XANN6.SND
XANN6A.SBE	0	1	30	Isn't she enchanting?	정말 매혹적이지 않습니까?	XANN6A.SND
XANN6A.SBE	1	60	105	That violinist Miss Wolff.	그 바이올리니스트 미스 볼프 말이야.	XANN6A.SND
XANN6A.SBE	2	106	200	She seems to be getting on rather well with Herr Schmidt.	헤어 슈미트와 꽤 잘 지내는 것 같군.	XANN6A.SND
XANN6A.SBE	3	201	261	Not her type, I would have thought...	원래 취향은 아닐 줄 알았는데...	XANN6A.SND
XANN7.SBE	0	1	153	- Shall we say 3 o'clock? - I shall count the minutes until then.	- 그럼 3시로 할까요? - 그때까지 분을 세며 기다리겠습니다.	XANN7.SND
XANN8.SBE	0	1	60	They sent you to break up Tyler's arms deal.	당신은 타일러의 무기 거래를 깨러 파견됐어.	XANN8.SND
XANN8.SBE	1	61	120	You killed him and you stole the gold egg he was carrying.	당신이 그를 죽이고, 그가 들고 있던 황금 알까지 훔쳤지.	XANN8.SND
XANN8.SBE	2	121	165	I didn't. It wasn't me!	아니야. 내가 아니야!	XANN8.SND
XANN8.SBE	3	166	244	I've never killed anyone! I swear it!	난 누구도 죽인 적 없어! 맹세해!	XANN8.SND
XANN9.SBE	0	1	85	I'm very tired. Please, let me go.	너무 지쳤어요. 제발 가게 해줘요.	XANN9.SND
XAUG1.SBE	0	1	30	Monsieur Whitney, excuse me.	무슈 휘트니, 실례합니다.	XAUG1.SND
XAUG1.SBE	1	31	126	Herr Schmidt is waiting for you in the restaurant car.	헤어 슈미트가 식당차에서 기다리고 있습니다.	XAUG1.SND
XAUG2.SBE	0	1	103	Herr Whitney, I will come to your compartment in 5 minutes.	헤어 휘트니, 5분 후 당신 객실로 가겠습니다.	XAUG2.SND
XAUG3.SBE	0	1	90	The merchandise will be put on the train at Munich.	물건은 뮌헨에서 열차에 실릴 겁니다.	XAUG3.SND
XAUG3.SBE	1	91	120	It is what we agreed.	우리가 합의한 대로입니다.	XAUG3.SND
XAUG3.SBE	2	121	215	Good. We'll talk again after Munich.	좋소. 뮌헨을 지난 뒤 다시 이야기하지.	XAUG3.SND
XAUG4.SBE	0	1	90	The merchandise has been loaded onto the train.	물건은 이미 열차에 실렸습니다.	XAUG4.SND
XAUG4.SBE	1	91	142	I want to see the gold.	금을 보여주시오.	XAUG4.SND
XAUG4A.SBE	0	1	105	I want to see the gold. If you cannot reassure me,	금을 보여주시오. 날 안심시키지 못한다면,	XAUG4A.SND
XAUG4A.SBE	1	106	198	I intend to get off in Vienna and take my merchandise with me!	비엔나에서 내려 물건을 도로 가져갈 생각이오!	XAUG4A.SND
XAUG5.SBE	0	1	45	Yes. Yes.	예. 예.	XAUG5.SND
XAUG5.SBE	1	46	153	Not so fast, herr Schmidt. We're not in Belgrade yet.	서두르지 마시오, 헤어 슈미트. 아직 베오그라드에 도착하지 않았소.	XAUG5.SND
XAUG6.SBE	0	1	135	Where does the fatherland's interest lie in arming a band of Serbian terrorists?	세르비아 테러리스트들을 무장시키는 일이 조국의 이익과 무슨 관련이 있습니까?	XAUG6.SND
XAUG6.SBE	1	136	270	The last time I looked at a newspaper, Serbia was allied to Russia and France.	제가 마지막으로 신문을 봤을 때 세르비아는 러시아와 프랑스 편이었는데요.	XAUG6.SND
XAUG6.SBE	2	271	330	Your question is not a bad one.	나쁘지 않은 질문이오.	XAUG6.SND
XAUG6.SBE	3	345	414	I leave it to you to find the answer.	답은 직접 찾아보시오.	XAUG6.SND
XFRA2.SBE	0	9	70	No! I found it, it's mine!	안 돼! 내가 찾았어, 이건 내 거야!	XFRA2.SND
XFRA3.SBE	0	9	57	I saw a black beetle...	검은 딱정벌레를 봤어요...	XFRA3.SND
XKRO1.SBE	0	1	30	Monsieur Whitney, excuse me.	무슈 휘트니, 실례합니다.	XKRO1.SND
XKRO1.SBE	1	31	151	His excellency wishes to receive you in his private car.	각하께서 개인 객차에서 당신을 뵙길 원하십니다.	XKRO1.SND
XKRO2.SBE	0	1	120	Whether you are Cath or Whitney is a matter of indifference to me.	당신이 캐스든 휘트니든 내겐 중요하지 않습니다.	XKRO2.SND
XKRO2.SBE	1	121	270	I am prepared to continue the discussion begun by my agent in Paris	파리에 있는 내 대리인이 시작한 협상을 계속할 의향은 있습니다.	XKRO2.SND
XKRO2.SBE	2	271	346	provided that you have the piece of which you spoke.	당신이 말한 물건을 가져왔다면 말이지요.	XKRO2.SND
XKRO3.SBE	0	1	140	I am prepared to continue the discussion begun by my agent in Paris	파리에 있는 내 대리인이 시작한 협상을 계속할 의향은 있습니다.	XKRO3.SND
XKRO3.SBE	1	141	215	provided that you have the piece of which you spoke.	당신이 말한 물건을 가져왔다면 말이지요.	XKRO3.SND
XKRO3.SBE	2	216	287	It was called a firebird. I never saw it.	그건 불새라고 불렸소. 난 본 적 없소.	XKRO3.SND
XKRO4.SBE	0	1	50	Do you have the firebird?	불새를 갖고 있습니까?	XKRO4.SND
XKRO4A.SBE	0	1	105	I have brought with me a rather heavy briefcase.	꽤 무거운 서류가방을 가져왔습니다.	XKRO4A.SND
XKRO4A.SBE	1	106	233	I would like to know now if the proposed exchange interests you	이제 제안한 교환에 당신이 관심이 있는지 알고 싶군요.	XKRO4A.SND
XKRO4A.SBE	2	234	311	and if you are capable of completing it.	그리고 그걸 끝까지 성사시킬 능력이 있는지도요.	XKRO4A.SND
XKRO5.SBE	0	1	101	It's been a pleasure doing business with you, mister Whitney.	거래 즐거웠습니다, 미스터 휘트니.	XKRO5.SND
XKRO6.SBE	0	1	90	I myself must leave the train in Vienna.	저도 비엔나에서 열차를 내려야 합니다.	XKRO6.SND
XKRO6.SBE	1	91	229	In case we do not see each other again I wish you a pleasant journey to Istanbul.	다시 못 뵙게 되더라도, 이스탄불까지 즐거운 여정 되시길 바랍니다.	XKRO6.SND
XMIL1.SBE	0	1	20	Where's the gold?	금은 어디 있소?	XMIL1.SND
XMIL1.SBE	1	21	105	What gold? I saw a wooden box and a hell of a mess.	무슨 금 말이오? 난 나무 상자랑 아수라장만 봤소.	XMIL1.SND
XMIL1.SBE	2	106	191	Then we lost. How can I tell this to the general?	그럼 우린 끝장이군. 이걸 장군께 뭐라고 보고하지?	XMIL1.SND
XMIL2.SBE	0	1	75	Tyler was to sell it for gold to buy the guns from the German.	타일러는 그걸 금으로 바꿔 독일인에게서 총을 사기로 했소.	XMIL2.SND
XMIL2.SBE	1	76	150	If the German finds out that we have lost the gold,	독일인이 우리가 금을 잃어버린 걸 알게 되면,	XMIL2.SND
XMIL2.SBE	2	151	200	everything is lost.	모든 게 끝장이오.	XMIL2.SND
XMIL2.SBE	3	201	300	You must tell him that we have the gold, and that we want to buy the guns.	우리가 금을 갖고 있고, 총을 사려 한다고 그에게 말해야 하오.	XMIL2.SND
XMIL3.SBE	0	0	63	You're like a Slav. You are one of us!	당신은 슬라브인 같소. 이제 우리 사람이오!	XMIL3.SND
XMIL4.SBE	0	1	60	I tell you he was afraid of something.	말했잖소, 그는 뭔가를 두려워하고 있었소.	XMIL4.SND
XMIL4.SBE	1	61	90	There was a shadow on him.	그 사람에겐 죽음의 그림자가 드리워져 있었소.	XMIL4.SND
XMIL4.SBE	2	91	165	When I look into his eyes, he had the eyes of death.	그의 눈을 보면, 죽은 자의 눈빛이었소.	XMIL4.SND
XMIL5.SBE	0	1	140	Tyler gave his life for our freedom. And you! What do you believe in?	타일러는 우리 자유를 위해 목숨을 바쳤소. 그런데 당신은! 대체 뭘 믿고 있소?	XMIL5.SND
XMME1.SBE	0	1	43	Fran뇇is! Come here!	프랑수아! 이리 와!	XMME1.SND
XMME2.SBE	0	9	68	- Where did this whistle come from? - I found it.	- 이 호루라긴 어디서 났니? - 제가 찾았어요.	XMME2.SND
XMME3.SBE	0	9	98	Did I dream it, or is there a dog in the compartment next to ours?	내가 잘못 본 건가, 아니면 우리 옆 객실에 개가 있는 건가요?	XMME3.SND
XMME4.SBE	0	9	95	That dog ought to be in a cage in the baggage car.	그 개는 수하물칸 우리에 있어야 해요.	XMME4.SND
XMRB1.SBE	0	1	23	Excuse me, monsieur.	실례합니다, 무슈.	XMRB1.SND
XREB1.SBE	0	1	30	The French are so funny.	프랑스인들은 참 재미있어.	XREB1.SND
XREB1.SBE	1	31	122	Madame Caillaux seems to have become a sort of national heroine.	카이요 부인은 거의 국민 영웅이 된 모양이야.	XREB1.SND
XREB1A.SBE	0	1	27	Sophie!	소피!	XREB1A.SND
XSOP1.SBE	0	0	45	I'd say more Joan of Arc, really.	굳이 말하면 잔 다르크 쪽이죠.	XSOP1.SND
XSOP1.SBE	1	46	93	Who the English burned at the stake...	영국인들이 화형에 처한 그 잔 다르크 말이야...	XSOP1.SND
XSOP1.SBE	2	94	141	Must you always bring that up?	꼭 그런 얘기를 꺼내야겠어?	XSOP1.SND
XSOP1.SBE	3	142	180	Well, it happened...	어쨌든 사실이잖아...	XSOP1.SND
XSOP1A.SBE	0	9	78	Don't worry. He won't understand, he's an American.	걱정 마. 저 사람은 미국인이라 못 알아들어.	XSOP1A.SND
XSOP1B.SBE	0	9	53	You are beautiful tonight.	오늘 밤 참 아름답군요.	XSOP1B.SND
XSOP2.SBE	0	1	51	What were you writing all morning?	아침 내내 뭘 쓰고 있었어?	XSOP2.SND
XSOP2.SBE	1	52	90	Just my diary.	그냥 일기.	XSOP2.SND
XTAT1.SBE	0	9	42	You're feeling good.	기분이 좋아 보이네.	XTAT1.SND
XTAT3.SBE	0	1	141	The firebird! It's beatiful. Look at his burning tail.	불새! 정말 아름다워. 저 불타는 꼬리 좀 봐.	XTAT3.SND
XTAT5.SBE	0	1	60	Tatiana, you don't want this thing around.	타티아나, 그런 건 가까이 두면 안 돼.	XTAT5.SND
XTAT5.SBE	1	61	90	If you don't give it back,	그걸 돌려주지 않으면,	XTAT5.SND
XTAT5.SBE	2	91	165	I'll call the conductor and have you thrown off the train.	차장을 불러 널 열차에서 내리게 할 거야.	XTAT5.SND
XTAT5.SBE	3	166	208	Give it to me.	내놔.	XTAT5.SND
XTAT6.SBE	0	1	60	He said that I'm his only connection to the world	그 사람이 그러더군요, 내가 세상과 이어진 유일한 끈이라고	XTAT6.SND
XTAT6.SBE	1	61	150	and that if I won't go with him, his life means nothing.	내가 함께 가지 않으면 자기 삶은 아무 의미도 없다고요.	XTAT6.SND
XTAT6.SBE	2	151	258	You don't know him. I really think he might do something crazy.	당신은 그 사람을 몰라요. 정말 무모한 짓을 할지도 몰라요.	XTAT6.SND
XTYL1.SBE	0	1	75	Please come. You're the only one I can trust.	꼭 와줘요. 내가 믿을 수 있는 사람은 당신뿐이에요.	XTYL1.SND
XTYL3.SBE	0	1	174	Why don't you make it sing?	한번 노래하게 해보지 그래?	XTYL3.SND
XVAS1.SBE	0	9	77	Did you obey all the covenants of our church?	우리 교회의 모든 서약을 지켰느냐?	XVAS1.SND
XVAS1A.SBE	0	9	78	Tatiana, get me my knife!	타티아나, 내 칼 가져와!	XVAS1A.SND
XVAS1A.SBE	1	81	158	I will cut out his heart, I will feed it to the wolves!	그자의 심장을 도려내 늑대들에게 먹이리라!	XVAS1A.SND
XVAS1A.SBE	2	162	186	Grandfather!	할아버지!	XVAS1A.SND
XVAS1A.SBE	3	190	255	Don't listen to him, he doesn't know what he's saying!	저 사람 말 듣지 마세요, 무슨 말을 하는지도 몰라요!	XVAS1A.SND
XVAS1A.SBE	4	256	270	Vassili Alexandrovitch!	바실리 알렉산드로비치!	XVAS1A.SND
XVAS2.SBE	0	0	66	I'm afraid the old man has quite lost his head.	노인께서 완전히 정신이 나가신 모양입니다.	XVAS2.SND
XVAS2.SBE	1	67	177	Still, he has played a role for years as a sort of informal ambassador for the Tsar,	그래도 오랜 세월 차르의 비공식 대사 같은 역할을 해오신 분이죠,	XVAS2.SND
XVAS2.SBE	2	178	204	if you know what I mean.	무슨 뜻인지 아시겠지만요.	XVAS2.SND
XVAS3.SBE	0	9	112	So, it was you in my dream!	그래, 내 꿈에 나온 게 바로 너였구나!	XVAS3.SND
XVAS3.SBE	1	129	184	Go on- take it!	자, 가져가라!	XVAS3.SND
XVAS3.SBE	2	189	295	Maybe it will sing for you!	어쩌면 너를 위해 노래할지도 모르지!	XVAS3.SND
XVAS4.SBE	0	1	177	Those passengers will never arrive in Constantinople.	저 승객들은 결코 콘스탄티노플에 도착하지 못할 거요.	XVAS4.SND
ZNU1001.SBE	0	1	16	Just a minute.	잠깐만요.	ZNU1001.SND